0
0
1
2
3
4
6
7
8
9
10
12
13
14
15
16
18
19
20
21
22
24
25
26
27
28
30
31
32
33
34
36
37
38
39
40
42
43
44
45
46
48
49
50
51
52
54
55
56
57
58
60
61
62
63
64
66
67
68
69
70
72
73
74
75
76
78
79
80
81
82
84
85
86
87
88
90
91
92
93
94
96
97
98
99
100
102
103
104
105
106
108
109
110
111
112
114
115
116
117
118
120
121
122
123
124
126
127
128
129
130
132
133
134
135
136
138
139
140
141
142
144
145
146
147
148
150
151
152
153
154
156
157
158
159
160
162
163
164
165
166
168
169
170
171
172
174
175
176
177
178
180
181
182
183
184
186
187
188
189
190
192
193
194
195
196
198
199
200
201
202
204
205
206
207
208
210
211
212
213
214
216
217
218
219
220
222
223
224
225
226
228
229
230
231
232
234
235
236
237
238
240
241
242
243
244
246
247
248
249
250
252
253
254
255
256
258
259
260
261
262
264
265
266
267
268
270
271
272
273
274
276
277
278
279
280
282
283
284
285
286
288
289
290
291
292
294
295
296
297
298
300
301
302
303
304
306
307
308
309
310
312
313
314
315
316
318
319
320
321
322
324
325
326
327
328
330
331
332
333
334
336
337
338
339
340
342
343
344
345
346
348
349
350
351
352
354
355
356
357
358
360
361
362
363
364
366
367
368
369
370
372
373
374
375
376
378
379
380
381
382
384
385
386
387
388
390
391
392
393
394
396
397
398
399
400
402
403
404
405
406
408
409
410
411
412
414
415
416
417
418
420
421
422
423
424
426
427
428
429
430
432
433
434
435
436
438
439
440
441
442
444
445
446
447
448
450
451
452
453
454
456
457
458
459
460
462
463
464
465
466
468
469
470
471
472
474
475
476
477
478
480
481
482
483
484
486
487
488
489
490
492
493
494
495
496
498
499
500
501
502
504
505
506
507
508
510
511
512
513
514
516
517
518
519
520
522
523
524
525
526
528
529
530
531
532
534
535
536
537
538
540
541
542
543
544
546
547
548
549
550
552
553
554
555
556
558
559
560
561
562
564
565
566
567
568
570
571
572
573
574
576
577
578
579
580
582
583
584
585
586
588
589
590
591
592
594
595
596
597
598
600
601
602
603
604
606
607
608
609
610
612
613
614
615
616
618
619
620
621
622
624
625
626
627
628
630
631
632
633
634
636
637
638
639
640
642
643
644
645
646
648
649
650
651
652
654
655
656
657
658
660
661
662
663
664
666
667
668
669
670
672
673
674
675
676
678
679
680
681
682
684
685
686
687
688
690
691
692
693
694
696
697
698
699
700
702
703
704
705
706
708
709
710
711
712
714
715
716
717
718
720
721
722
723
724
726
727
728
729
730
732
733
734
735
736
738
739
740
741
742
744
745
746
747
748
750
751
752
753
754
756
757
758
759
760
762
763
764
765
766
768
769
770
771
772
774
775
776
777
778
780
781
782
783
784
786
787
788
789
790
792
793
794
795
796
798
799
800
801
802
804
805
806
807
808
810
811
812
813
814
816
817
818
819
820
822
823
824
825
826
828
829
830
831
832
834
835
836
837
838
840
841
842
843
844
846
847
848
849
850
852
853
854
855
856
858
859
860
861
862
864
865
866
867
868
870
871
872
873
874
876
877
878
879
880
882
883
884
885
886
888
889
890
891
892
894
895
896
897
898
900
901
902
903
904
906
907
908
909
910
912
913
914
915
916
918
919
920
921
922
924
925
926
927
928
930
931
932
933
934
936
937
938
939
940
942
943
944
945
946
948
949
950
951
952
954
955
956
957
958
960
961
962
963
964
966
967
968
969
970
972
973
974
975
976
978
979
980
981
982
984
985
986
987
988
990
991
992
993
994
996
997
998
999
1000
1002
1003
1004
1005
1006
1008
1009
1010
1011
1012
1014
1015
1016
1017
1018
1020
1021
1022
1023
1024
1026
1027
1028
1029
1030
1032
1033
1034
1035
1036
1038
1039
1040
1041
1042
1044
1045
1046
1047
1048
1050
1051
1052
1053
1054
1056
1057
1058
1059
1060
1062
1063
1064
1065
1066
1068
1069
1070
1071
1072
1074
1075
1076
1077
1078
1080
1081
1082
1083
1084
1086
1087
1088
1089
1090
1092
1093
1094
1095
1096
1098
1099
1100
1101
1102
1104
1105
1106
1107
1108
1110
1111
1112
1113
1114
1116
1117
1118
1119
1120
1122
1123
1124
1125
1126
1128
1129
1130
1131
1132
1134
1135
1136
1137
1138
1140
1141
1142
1143
1144
1146
1147
1148
1149
1150
1152
1153
1154
1155
1156
1158
1159
1160
1161
1162
1164
1165
1166
1167
1168
1170
1171
1172
1173
1174
1176
1177
1178
1179
1180
1182
1183
1184
1185
1186
1188
1189
1190
1191
1192
1194
1195
1196
1197
1198
1200
1201
1202
1203
1204
1206
1207
1208
1209
1210
1212
1213
1214
1215
1216
1218
1219
1220
1221
1222
1224
1225
1226
1227
1228
1230
1231
1232
1233
1234
1236
1237
1238
1239
1240
1242
1243
1244
1245
1246
1248
1249
1250
1251
1252
1254
1255
1256
1257
1258
1260
1261
1262
1263
1264
1266
1267
1268
1269
1270
1272
1273
1274
1275
1276
1278
1279
1280
1281
1282
1284
1285
1286
1287
1288
1290
1291
1292
1293
1294
1296
1297
1298
1299
1300
1302
1303
1304
1305
1306
1308
1309
1310
1311
1312
1314
1315
1316
1317
1318
1320
1321
1322
1323
1324
1326
1327
1328
1329
1330
1332
1333
1334
1335
1336
1338
1339
1340
1341
1342
1344
1345
1346
1347
1348
1350
1351
1352
1353
1354
1356
1357
1358
1359
1360
1362
1363
1364
1365
1366
1368
1369
1370
1371
1372
1374
1375
1376
1377
1378
1380
1381
1382
1383
1384
1386
1387
1388
1389
1390
1392
1393
1394
1395
1396
1398
1399
1400
1401
1402
1404
1405
1406
1407
1408
1410
1411
1412
1413
1414
1416
1417
1418
1419
1420
1422
1423
1424
1425
1426
1428
1429
1430
1431
1432
1434
1435
1436
1437
1438
1440
1441
1442
1443
1444
1446
1447
1448
1449
1450
1452
1453
1454
1455
1456
1458
1459
1460
1461
1462
1464
1465
1466
1467
1468
1470
1471
1472
1473
1474
1476
1477
1478
1479
1480
1482
1483
1484
1485
1486
1488
1489
1490
1491
1492
1494
1495
1496
1497
1498
1500
1501
1502
1503
1504
1506
1507
1508
1509
1510
1512
1513
1514
1515
1516
1518
1519
1520
1521
1522
1524
1525
1526
1527
1528
1530
1531
1532
1533
1534
1536
1537
1538
1539
1540
1542
1543
1544
1545
1546
1548
1549
1550
1551
1552
1554
1555
1556
1557
1558
1560
1561
1562
1563
1564
1566
1567
1568
1569
1570
1572
1573
1574
1575
1576
1578
1579
1580
1581
1582
1584
1585
1586
1587
1588
1590
1591
1592
1593
1594
1596
1597
1598
1599
1600
1602
1603
1604
1605
1606
1608
1609
1610
1611
1612
1614
1615
1616
1617
1618
1620
1621
1622
1623
1624
1626
1627
1628
1629
1630
1632
1633
1634
1635
1636
1638
1639
1640
1641
1642
1644
1645
1646
1647
1648
1650
1651
1652
1653
1654
1656
1657
1658
1659
1660
1662
1663
1664
1665
1666
1668
1669
1670
1671
1672
1674
1675
1676
1677
1678
1680
1681
1682
1683
1684
1686
1687
1688
1689
1690
1692
1693
1694
1695
1696
1698
1699
1700
1701
1702
1704
1705
1706
1707
1708
1710
1711
1712
1713
1714
1716
1717
1718
1719
1720
1722
1723
1724
1725
1726
1728
1729
1730
1731
1732
1734
1735
1736
1737
1738
1740
1741
1742
1743
1744
1746
1747
1748
1749
1750
1752
1753
1754
1755
1756
1758
1759
1760
1761
1762
1764
1765
1766
1767
1768
1770
1771
1772
1773
1774
1776
1777
1778
1779
1780
1782
1783
1784
1785
1786
1788
1789
1790
1791
1792
1794
1795
1796
1797
1798
1800
1801
1802
1803
1804
1806
1807
1808
1809
1810
1812
1813
1814
1815
1816
1818
1819
1820
1821
1822
1824
1825
1826
1827
1828
1830
1831
1832
1833
1834
1836
1837
1838
1839
1840
1842
1843
1844
1845
1846
1848
1849
1850
1851
1852
1854
1855
1856
1857
1858
1860
1861
1862
1863
1864
1866
1867
1868
1869
1870
1872
1873
1874
1875
1876
1878
1879
1880
1881
1882
1884
1885
1886
1887
1888
1890
1891
1892
1893
1894
1896
1897
1898
1899
1900
1902
1903
1904
1905
1906
1908
1909
1910
1911
1912
1914
1915
1916
1917
1918
1920
1921
1922
1923
1924
1926
1927
1928
1929
1930
1932
1933
1934
1935
1936
1938
1939
1940
1941
1942
1944
1945
1946
1947
1948
1950
1951
1952
1953
1954
1956
1957
1958
1959
1960
1962
1963
1964
1965
1966
1968
1969
1970
1971
1972
1974
1975
1976
1977
1978
1980
1981
1982
1983
1984
1986
1987
1988
1989
1990
1992
1993
1994
1995
1996
1998
1999
2000
2001
2002
2004
2005
2006
2007
2008
2010
2011
2012
2013
2014
2016
2017
2018
2019
2020
2022
2023
2024
2025
2026
2028
2029
2030
2031
2032
2034
2035
2036
2037
2038
2040
2041
2042
2043
2044
2046
2047
2048
2049
2050
2052
2053
2054
2055
2056
2058
2059
2060
2061
2062
2064
2065
2066
2067
2068
2070
2071
2072
2073
2074
2076
2077
2078
2079
2080
2082
2083
2084
2085
2086
2088
2089
2090
2091
2092
2094
2095
2096
2097
2098
2100
2101
2102
2103
2104
2106
2107
2108
2109
2110
2112
2113
2114
2115
2116
2118
2119
2120
2121
2122
2124
2125
2126
2127
2128
2130
2131
2132
2133
2134
2136
2137
2138
2139
2140
2142
2143
2144
2145
2146
2148
2149
2150
2151
2152
2154
2155
2156
2157
2158
2160
2161
2162
2163
2164
2166
2167
2168
2169
2170
2172
2173
2174
2175
2176
2178
2179
2180
2181
2182
2184
2185
2186
2187
2188
2190
2191
2192
2193
2194
2196
2197
2198
2199
2200
2202
2203
2204
2205
2206
2208
2209
2210
2211
2212
2214
2215
2216
2217
2218
2220
2221
2222
2223
2224
2226
2227
2228
2229
2230
2232
2233
2234
2235
2236
2238
2239
2240
2241
2242
2244
2245
2246
2247
2248
2250
2251
2252
2253
2254
2256
2257
2258
2259
2260
2262
2263
2264
2265
2266
2268
2269
2270
2271
2272
2274
2275
2276
2277
2278
2280
2281
2282
2283
2284
2286
2287
2288
2289
2290
2292
2293
2294
2295
2296
2298
2299
2300
2301
2302
2304
2305
2306
2307
2308
2310
2311
2312
2313
2314
2316
2317
2318
2319
2320
2322
2323
2324
2325
2326
2328
2329
2330
2331
2332
2334
2335
2336
2337
2338
2340
2341
2342
2343
2344
2346
2347
2348
2349
2350
2352
2353
2354
2355
2356
2358
2359
2360
2361
2362
2364
2365
2366
2367
2368
2370
2371
2372
2373
2374
2376
2377
2378
2379
2380
2382
2383
2384
2385
2386
2388
2389
2390
2391
2392
2394
2395
2396
2397
2398
2400
2401
2402
2403
2404
2406
2407
2408
2409
2410
2412
2413
2414
2415
2416
2418
2419
2420
2421
2422
2424
2425
2426
2427
2428
2430
2431
2432
2433
2434
2436
2437
2438
2439
2440
2442
2443
2444
2445
2446
2448
2449
2450
2451
2452
2454
2455
2456
2457
2458
2460
2461
2462
2463
2464
2466
2467
2468
2469
2470
2472
2473
2474
2475
2476
2478
2479
2480
2481
2482
2484
2485
2486
2487
2488
2490
2491
2492
2493
2494
2496
2497
2498
2499
2500
2502
2503
2504
2505
2506
2508
2509
2510
2511
2512
2514
2515
2516
2517
2518
2520
2521
2522
2523
2524
2526
2527
2528
2529
2530
2532
2533
2534
2535
2536
2538
2539
2540
2541
2542
2544
2545
2546
2547
2548
2550
2551
2552
2553
2554
2556
2557
2558
2559
2560
2562
2563
2564
2565
2566
2568
2569
2570
2571
2572
2574
2575
2576
2577
2578
2580
2581
2582
2583
2584
2586
2587
2588
2589
2590
2592
2593
2594
2595
2596
2598
2599
2600
2601
2602
2604
2605
2606
2607
2608
2610
2611
2612
2613
2614
2616
2617
2618
2619
2620
2622
2623
2624
2625
2626
2628
2629
2630
2631
2632
2634
2635
2636
2637
2638
2640
2641
2642
2643
2644
2646
2647
2648
2649
2650
2652
2653
2654
2655
2656
2658
2659
2660
2661
2662
2664
2665
2666
2667
2668
2670
2671
2672
2673
2674
2676
2677
2678
2679
2680
2682
2683
2684
2685
2686
2688
2689
2690
2691
2692
2694
2695
2696
2697
2698
2700
2701
2702
2703
2704
2706
2707
2708
2709
2710
2712
2713
2714
2715
2716
2718
2719
2720
2721
2722
2724
2725
2726
2727
2728
2730
2731
2732
2733
2734
2736
2737
2738
2739
2740
2742
2743
2744
2745
2746
2748
2749
2750
2751
2752
2754
2755
2756
2757
2758
2760
2761
2762
2763
2764
2766
2767
2768
2769
2770
2772
2773
2774
2775
2776
2778
2779
2780
2781
2782
2784
2785
2786
2787
2788
2790
2791
2792
2793
2794
2796
2797
2798
2799
2800
2802
2803
2804
2805
2806
2808
2809
2810
2811
2812
2814
2815
2816
2817
2818
2820
2821
2822
2823
2824
2826
2827
2828
2829
2830
2832
2833
2834
2835
2836
2838
2839
2840
2841
2842
2844
2845
2846
2847
2848
2850
2851
2852
2853
2854
2856
2857
2858
2859
2860
2862
2863
2864
2865
2866
2868
2869
2870
2871
2872
2874
2875
2876
2877
2878
2880
2881
2882
2883
2884
2886
2887
2888
2889
2890
2892
2893
2894
2895
2896
2898
2899
2900
2901
2902
2904
2905
2906
2907
2908
2910
2911
2912
2913
2914
2916
2917
2918
2919
2920
2922
2923
2924
2925
2926
2928
2929
2930
2931
2932
2934
2935
2936
2937
2938
2940
2941
2942
2943
2944
2946
2947
2948
2949
2950
2952
2953
2954
2955
2956
2958
2959
2960
2961
2962
2964
2965
2966
2967
2968
2970
2971
2972
2973
2974
2976
2977
2978
2979
2980
2982
2983
2984
2985
2986
2988
2989
2990
2991
2992
2994
2995
2996
2997
2998
3000
3001
3002
3003
3004
3006
3007
3008
3009
3010
3012
3013
3014
3015
3016
3018
3019
3020
3021
3022
3024
3025
3026
3027
3028
3030
3031
3032
3033
3034
3036
3037
3038
3039
3040
3042
3043
3044
3045
3046
3048
3049
3050
3051
3052
3054
3055
3056
3057
3058
3060
3061
3062
3063
3064
3066
3067
3068
3069
3070
3072
3073
3074
3075
3076
3078
3079
3080
3081
3082
3084
3085
3086
3087
3088
3090
3091
3092
3093
3094
3096
3097
3098
3099
3100
3102
3103
3104
3105
3106
3108
3109
3110
3111
3112
3114
3115
3116
3117
3118
3120
3121
3122
3123
3124
3126
3127
3128
3129
3130
3132
3133
3134
3135
3136
3138
3139
3140
3141
3142
3144
3145
3146
3147
3148
3150
3151
3152
3153
3154
3156
3157
3158
3159
3160
3162
3163
3164
3165
3166
3168
3169
3170
3171
3172
3174
3175
3176
3177
3178
3180
3181
3182
3183
3184
3186
3187
3188
3189
3190
3192
3193
3194
3195
3196
3198
3199
3200
3201
3202
3204
3205
3206
3207
3208
3210
3211
3212
3213
3214
3216
3217
3218
3219
3220
3222
3223
3224
3225
3226
3228
3229
3230
3231
3232
3234
3235
3236
3237
3238
3240
3241
3242
3243
3244
3246
3247
3248
3249
3250
3252
3253
3254
3255
3256
3258
3259
3260
3261
3262
3264
3265
3266
3267
3268
3270
3271
3272
3273
3274
3276
3277
3278
3279
3280
3282
3283
3284
3285
3286
3288
3289
3290
3291
3292
3294
3295
3296
3297
3298
3300
3301
3302
3303
3304
3306
3307
3308
3309
3310
3312
3313
3314
3315
3316
3318
3319
3320
3321
3322
3324
3325
3326
3327
3328
3330
3331
3332
3333
3334
3336
3337
3338
3339
3340
3342
3343
3344
3345
3346
3348
3349
3350
3351
3352
3354
3355
3356
3357
3358
3360
3361
3362
3363
3364
3366
3367
3368
3369
3370
3372
3373
3374
3375
3376
3378
3379
3380
3381
3382
3384
3385
3386
3387
3388
3390
3391
3392
3393
3394
3396
3397
3398
3399
3400
3402
3403
3404
3405
3406
3408
3409
3410
3411
3412
3414
3415
3416
3417
3418
3420
3421
3422
3423
3424
3426
3427
3428
3429
3430
3432
3433
3434
3435
3436
3438
3439
3440
3441
3442
3444
3445
3446
3447
3448
3450
3451
3452
3453
3454
3456
3457
3458
3459
3460
3462
3463
3464
3465
3466
3468
3469
3470
3471
3472
3474
3475
3476
3477
3478
3480
3481
3482
3483
3484
3486
3487
3488
3489
3490
3492
3493
3494
3495
3496
3498
3499
3500
3501
3502
3504
3505
3506
3507
3508
3510
3511
3512
3513
3514
3516
3517
3518
3519
3520
3522
3523
3524
3525
3526
3528
3529
3530
3531
3532
3534
3535
3536
3537
3538
3540
3541
3542
3543
3544
3546
3547
3548
3549
3550
3552
3553
3554
3555
3556
3558
3559
3560
3561
3562
3564
3565
3566
3567
3568
3570
3571
3572
3573
3574
3576
3577
3578
3579
3580
3582
3583
3584
3585
3586
3588
3589
3590
3591
3592
3594
3595
3596
3597
3598
3600
3601
3602
3603
3604
3606
3607
3608
3609
3610
3612
3613
3614
3615
3616
3618
3619
3620
3621
3622
3624
3625
3626
3627
3628
3630
3631
3632
3633
3634
3636
3637
3638
3639
3640
3642
3643
3644
3645
3646
3648
3649
3650
3651
3652
3654
3655
3656
3657
3658
3660
3661
3662
3663
3664
3666
3667
3668
3669
3670
3672
3673
3674
3675
3676
3678
3679
3680
3681
3682
3684
3685
3686
3687
3688
3690
3691
3692
3693
3694
3696
3697
3698
3699
3700
3702
3703
3704
3705
3706
3708
3709
3710
3711
3712
3714
3715
3716
3717
3718
3720
3721
3722
3723
3724
3726
3727
3728
3729
3730
3732
3733
3734
3735
3736
3738
3739
3740
3741
3742
3744
3745
3746
3747
3748
3750
3751
3752
3753
3754
3756
3757
3758
3759
3760
3762
3763
3764
3765
3766
3768
3769
3770
3771
3772
3774
3775
3776
3777
3778
3780
3781
3782
3783
3784
3786
3787
3788
3789
3790
3792
3793
3794
3795
3796
3798
3799
3800
3801
3802
3804
3805
3806
3807
3808
3810
3811
3812
3813
3814
3816
3817
3818
3819
3820
3822
3823
3824
3825
3826
3828
3829
3830
3831
3832
3834
3835
3836
3837
3838
3840
3841
3842
3843
3844
3846
3847
3848
3849
3850
3852
3853
3854
3855
3856
3858
3859
3860
3861
3862
3864
3865
3866
3867
3868
3870
3871
3872
3873
3874
3876
3877
3878
3879
3880
3882
3883
3884
3885
3886
3888
3889
3890
3891
3892
3894
3895
3896
3897
3898
3900
3901
3902
3903
3904
3906
3907
3908
3909
3910
3912
3913
3914
3915
3916
3918
3919
3920
3921
3922
3924
3925
3926
3927
3928
3930
3931
3932
3933
3934
3936
3937
3938
3939
3940
3942
3943
3944
3945
3946
3948
3949
3950
3951
3952
3954
3955
3956
3957
3958
3960
3961
3962
3963
3964
3966
3967
3968
3969
3970
3972
3973
3974
3975
3976
3978
3979
3980
3981
3982
3984
3985
3986
3987
3988
3990
3991
3992
3993
3994
3996
3997
3998
3999
4000
4002
4003
4004
4005
4006
4008
4009
4010
4011
4012
4014
4015
4016
4017
4018
4020
4021
4022
4023
4024
4026
4027
4028
4029
4030
4032
4033
4034
4035
4036
4038
4039
4040
4041
4042
4044
4045
4046
4047
4048
4050
4051
4052
4053
4054
4056
4057
4058
4059
4060
4062
4063
4064
4065
4066
4068
4069
4070
4071
4072
4074
4075
4076
4077
4078
4080
4081
4082
4083
4084
4086
4087
4088
4089
4090
4092
4093
4094
4095
4096
4098
4099
4100
4101
4102
4104
4105
4106
4107
4108
4110
4111
4112
4113
4114
4116
4117
4118
4119
4120
4122
4123
4124
4125
4126
4128
4129
4130
4131
4132
4134
4135
4136
4137
4138
4140
4141
4142
4143
4144
4146
4147
4148
4149
4150
4152
4153
4154
4155
4156
4158
4159
4160
4161
4162
4164
4165
4166
4167
4168
4170
4171
4172
4173
4174
4176
4177
4178
4179
4180
4182
4183
4184
4185
4186
4188
4189
4190
4191
4192
4194
4195
4196
4197
4198
4200
4201
4202
4203
4204
4206
4207
4208
4209
4210
4212
4213
4214
4215
4216
4218
4219
4220
4221
4222
4224
4225
4226
4227
4228
4230
4231
4232
4233
4234
4236
4237
4238
4239
4240
4242
4243
4244
4245
4246
4248
4249
4250
4251
4252
4254
4255
4256
4257
4258
4260
4261
4262
4263
4264
4266
4267
4268
4269
4270
4272
4273
4274
4275
4276
4278
4279
4280
4281
4282
4284
4285
4286
4287
4288
4290
4291
4292
4293
4294
4296
4297
4298
4299
4300
4302
4303
4304
4305
4306
4308
4309
4310
4311
4312
4314
4315
4316
4317
4318
4320
4321
4322
4323
4324
4326
4327
4328
4329
4330
4332
4333
4334
4335
4336
4338
4339
4340
4341
4342
4344
4345
4346
4347
4348
4350
4351
4352
4353
4354
4356
4357
4358
4359
4360
4362
4363
4364
4365
4366
4368
4369
4370
4371
4372
4374
4375
4376
4377
4378
4380
4381
4382
4383
4384
4386
4387
4388
4389
4390
4392
4393
4394
4395
4396
4398
4399
4400
4401
4402
4404
4405
4406
4407
4408
4410
4411
4412
4413
4414
4416
4417
4418
4419
4420
4422
4423
4424
4425
4426
4428
4429
4430
4431
4432
4434
4435
4436
4437
4438
4440
4441
4442
4443
4444
4446
4447
4448
4449
4450
4452
4453
4454
4455
4456
4458
4459
4460
4461
4462
4464
4465
4466
4467
4468
4470
4471
4472
4473
4474
4476
4477
4478
4479
4480
4482
4483
4484
4485
4486
4488
4489
4490
4491
4492
4494
4495
4496
4497
4498
4500
4501
4502
4503
4504
4506
4507
4508
4509
4510
4512
4513
4514
4515
4516
4518
4519
4520
4521
4522
4524
4525
4526
4527
4528
4530
4531
4532
4533
4534
4536
4537
4538
4539
4540
4542
4543
4544
4545
4546
4548
4549
4550
4551
4552
4554
4555
4556
4557
4558
4560
4561
4562
4563
4564
4566
4567
4568
4569
4570
4572
4573
4574
4575
4576
4578
4579
4580
4581
4582
4584
4585
4586
4587
4588
4590
4591
4592
4593
4594
4596
4597
4598
4599
4600
4602
4603
4604
4605
4606
4608
4609
4610
4611
4612
4614
4615
4616
4617
4618
4620
4621
4622
4623
4624
4626
4627
4628
4629
4630
4632
4633
4634
4635
4636
4638
4639
4640
4641
4642
4644
4645
4646
4647
4648
4650
4651
4652
4653
4654
4656
4657
4658
4659
4660
4662
4663
4664
4665
4666
4668
4669
4670
4671
4672
4674
4675
4676
4677
4678
4680
4681
4682
4683
4684
4686
4687
4688
4689
4690
4692
4693
4694
4695
4696
4698
4699
4700
4701
4702
4704
4705
4706
4707
4708
4710
4711
4712
4713
4714
4716
4717
4718
4719
4720
4722
4723
4724
4725
4726
4728
4729
4730
4731
4732
4734
4735
4736
4737
4738
4740
4741
4742
4743
4744
4746
4747
4748
4749
4750
4752
4753
4754
4755
4756
4758
4759
4760
4761
4762
4764
4765
4766
4767
4768
4770
4771
4772
4773
4774
4776
4777
4778
4779
4780
4782
4783
4784
4785
4786
4788
4789
4790
4791
4792
4794
4795
4796
4797
4798
4800
4801
4802
4803
4804
4806
4807
4808
4809
4810
4812
4813
4814
4815
4816
4818
4819
4820
4821
4822
4824
4825
4826
4827
4828
4830
4831
4832
4833
4834
4836
4837
4838
4839
4840
4842
4843
4844
4845
4846
4848
4849
4850
4851
4852
4854
4855
4856
4857
4858
4860
4861
4862
4863
4864
4866
4867
4868
4869
4870
4872
4873
4874
4875
4876
4878
4879
4880
4881
4882
4884
4885
4886
4887
4888
4890
4891
4892
4893
4894
4896
4897
4898
4899
4900
4902
4903
4904
4905
4906
4908
4909
4910
4911
4912
4914
4915
4916
4917
4918
4920
4921
4922
4923
4924
4926
4927
4928
4929
4930
4932
4933
4934
4935
4936
4938
4939
4940
4941
4942
4944
4945
4946
4947
4948
4950
4951
4952
4953
4954
4956
4957
4958
4959
4960
4962
4963
4964
4965
4966
4968
4969
4970
4971
4972
4974
4975
4976
4977
4978
4980
4981
4982
4983
4984
4986
4987
4988
4989
4990
4992
4993
4994
4995
4996
4998
4999
5000
5000
5001
5003
5004
5005
5006
5007
5009
5010
5011
5012
5013
5015
5016
5017
5018
5019
5021
5022
5023
5024
5025
5027
5028
5029
5030
5031
5033
5034
5035
5036
5037
5039
5040
5041
5042
5043
5045
5046
5047
5048
5049
5051
5052
5053
5054
5055
5057
5058
5059
5060
5061
5063
5064
5065
5066
5067
5069
5070
5071
5072
5073
5075
5076
5077
5078
5079
5081
5082
5083
5084
5085
5087
5088
5089
5090
5091
5093
5094
5095
5096
5097
5099
5100
5101
5102
5103
5105
5106
5107
5108
5109
5111
5112
5113
5114
5115
5117
5118
5119
5120
5121
5123
5124
5125
5126
5127
5129
5130
5131
5132
5133
5135
5136
5137
5138
5139
5141
5142
5143
5144
5145
5147
5148
5149
5150
5151
5153
5154
5155
5156
5157
5159
5160
5161
5162
5163
5165
5166
5167
5168
5169
5171
5172
5173
5174
5175
5177
5178
5179
5180
5181
5183
5184
5185
5186
5187
5189
5190
5191
5192
5193
5195
5196
5197
5198
5199
5201
5202
5203
5204
5205
5207
5208
5209
5210
5211
5213
5214
5215
5216
5217
5219
5220
5221
5222
5223
5225
5226
5227
5228
5229
5231
5232
5233
5234
5235
5237
5238
5239
5240
5241
5243
5244
5245
5246
5247
5249
5250
5251
5252
5253
5255
5256
5257
5258
5259
5261
5262
5263
5264
5265
5267
5268
5269
5270
5271
5273
5274
5275
5276
5277
5279
5280
5281
5282
5283
5285
5286
5287
5288
5289
5291
5292
5293
5294
5295
5297
5298
5299
5300
5301
5303
5304
5305
5306
5307
5309
5310
5311
5312
5313
5315
5316
5317
5318
5319
5321
5322
5323
5324
5325
5327
5328
5329
5330
5331
5333
5334
5335
5336
5337
5339
5340
5341
5342
5343
5345
5346
5347
5348
5349
5351
5352
5353
5354
5355
5357
5358
5359
5360
5361
5363
5364
5365
5366
5367
5369
5370
5371
5372
5373
5375
5376
5377
5378
5379
5381
5382
5383
5384
5385
5387
5388
5389
5390
5391
5393
5394
5395
5396
5397
5399
5400
5401
5402
5403
5405
5406
5407
5408
5409
5411
5412
5413
5414
5415
5417
5418
5419
5420
5421
5423
5424
5425
5426
5427
5429
5430
5431
5432
5433
5435
5436
5437
5438
5439
5441
5442
5443
5444
5445
5447
5448
5449
5450
5451
5453
5454
5455
5456
5457
5459
5460
5461
5462
5463
5465
5466
5467
5468
5469
5471
5472
5473
5474
5475
5477
5478
5479
5480
5481
5483
5484
5485
5486
5487
5489
5490
5491
5492
5493
5495
5496
5497
5498
5499
5501
5502
5503
5504
5505
5507
5508
5509
5510
5511
5513
5514
5515
5516
5517
5519
5520
5521
5522
5523
5525
5526
5527
5528
5529
5531
5532
5533
5534
5535
5537
5538
5539
5540
5541
5543
5544
5545
5546
5547
5549
5550
5551
5552
5553
5555
5556
5557
5558
5559
5561
5562
5563
5564
5565
5567
5568
5569
5570
5571
5573
5574
5575
5576
5577
5579
5580
5581
5582
5583
5585
5586
5587
5588
5589
5591
5592
5593
5594
5595
5597
5598
5599
5600
5601
5603
5604
5605
5606
5607
5609
5610
5611
5612
5613
5615
5616
5617
5618
5619
5621
5622
5623
5624
5625
5627
5628
5629
5630
5631
5633
5634
5635
5636
5637
5639
5640
5641
5642
5643
5645
5646
5647
5648
5649
5651
5652
5653
5654
5655
5657
5658
5659
5660
5661
5663
5664
5665
5666
5667
5669
5670
5671
5672
5673
5675
5676
5677
5678
5679
5681
5682
5683
5684
5685
5687
5688
5689
5690
5691
5693
5694
5695
5696
5697
5699
5700
5701
5702
5703
5705
5706
5707
5708
5709
5711
5712
5713
5714
5715
5717
5718
5719
5720
5721
5723
5724
5725
5726
5727
5729
5730
5731
5732
5733
5735
5736
5737
5738
5739
5741
5742
5743
5744
5745
5747
5748
5749
5750
5751
5753
5754
5755
5756
5757
5759
5760
5761
5762
5763
5765
5766
5767
5768
5769
5771
5772
5773
5774
5775
5777
5778
5779
5780
5781
5783
5784
5785
5786
5787
5789
5790
5791
5792
5793
5795
5796
5797
5798
5799
5801
5802
5803
5804
5805
5807
5808
5809
5810
5811
5813
5814
5815
5816
5817
5819
5820
5821
5822
5823
5825
5826
5827
5828
5829
5831
5832
5833
5834
5835
5837
5838
5839
5840
5841
5843
5844
5845
5846
5847
5849
5850
5851
5852
5853
5855
5856
5857
5858
5859
5861
5862
5863
5864
5865
5867
5868
5869
5870
5871
5873
5874
5875
5876
5877
5879
5880
5881
5882
5883
5885
5886
5887
5888
5889
5891
5892
5893
5894
5895
5897
5898
5899
5900
5901
5903
5904
5905
5906
5907
5909
5910
5911
5912
5913
5915
5916
5917
5918
5919
5921
5922
5923
5924
5925
5927
5928
5929
5930
5931
5933
5934
5935
5936
5937
5939
5940
5941
5942
5943
5945
5946
5947
5948
5949
5951
5952
5953
5954
5955
5957
5958
5959
5960
5961
5963
5964
5965
5966
5967
5969
5970
5971
5972
5973
5975
5976
5977
5978
5979
5981
5982
5983
5984
5985
5987
5988
5989
5990
5991
5993
5994
5995
5996
5997
5999
6000
6001
6002
6003
6005
6006
6007
6008
6009
6011
6012
6013
6014
6015
6017
6018
6019
6020
6021
6023
6024
6025
6026
6027
6029
6030
6031
6032
6033
6035
6036
6037
6038
6039
6041
6042
6043
6044
6045
6047
6048
6049
6050
6051
6053
6054
6055
6056
6057
6059
6060
6061
6062
6063
6065
6066
6067
6068
6069
6071
6072
6073
6074
6075
6077
6078
6079
6080
6081
6083
6084
6085
6086
6087
6089
6090
6091
6092
6093
6095
6096
6097
6098
6099
6101
6102
6103
6104
6105
6107
6108
6109
6110
6111
6113
6114
6115
6116
6117
6119
6120
6121
6122
6123
6125
6126
6127
6128
6129
6131
6132
6133
6134
6135
6137
6138
6139
6140
6141
6143
6144
6145
6146
6147
6149
6150
6151
6152
6153
6155
6156
6157
6158
6159
6161
6162
6163
6164
6165
6167
6168
6169
6170
6171
6173
6174
6175
6176
6177
6179
6180
6181
6182
6183
6185
6186
6187
6188
6189
6191
6192
6193
6194
6195
6197
6198
6199
6200
6201
6203
6204
6205
6206
6207
6209
6210
6211
6212
6213
6215
6216
6217
6218
6219
6221
6222
6223
6224
6225
6227
6228
6229
6230
6231
6233
6234
6235
6236
6237
6239
6240
6241
6242
6243
6245
6246
6247
6248
6249
6251
6252
6253
6254
6255
6257
6258
6259
6260
6261
6263
6264
6265
6266
6267
6269
6270
6271
6272
6273
6275
6276
6277
6278
6279
6281
6282
6283
6284
6285
6287
6288
6289
6290
6291
6293
6294
6295
6296
6297
6299
6300
6301
6302
6303
6305
6306
6307
6308
6309
6311
6312
6313
6314
6315
6317
6318
6319
6320
6321
6323
6324
6325
6326
6327
6329
6330
6331
6332
6333
6335
6336
6337
6338
6339
6341
6342
6343
6344
6345
6347
6348
6349
6350
6351
6353
6354
6355
6356
6357
6359
6360
6361
6362
6363
6365
6366
6367
6368
6369
6371
6372
6373
6374
6375
6377
6378
6379
6380
6381
6383
6384
6385
6386
6387
6389
6390
6391
6392
6393
6395
6396
6397
6398
6399
6401
6402
6403
6404
6405
6407
6408
6409
6410
6411
6413
6414
6415
6416
6417
6419
6420
6421
6422
6423
6425
6426
6427
6428
6429
6431
6432
6433
6434
6435
6437
6438
6439
6440
6441
6443
6444
6445
6446
6447
6449
6450
6451
6452
6453
6455
6456
6457
6458
6459
6461
6462
6463
6464
6465
6467
6468
6469
6470
6471
6473
6474
6475
6476
6477
6479
6480
6481
6482
6483
6485
6486
6487
6488
6489
6491
6492
6493
6494
6495
6497
6498
6499
6500
6501
6503
6504
6505
6506
6507
6509
6510
6511
6512
6513
6515
6516
6517
6518
6519
6521
6522
6523
6524
6525
6527
6528
6529
6530
6531
6533
6534
6535
6536
6537
6539
6540
6541
6542
6543
6545
6546
6547
6548
6549
6551
6552
6553
6554
6555
6557
6558
6559
6560
6561
6563
6564
6565
6566
6567
6569
6570
6571
6572
6573
6575
6576
6577
6578
6579
6581
6582
6583
6584
6585
6587
6588
6589
6590
6591
6593
6594
6595
6596
6597
6599
6600
6601
6602
6603
6605
6606
6607
6608
6609
6611
6612
6613
6614
6615
6617
6618
6619
6620
6621
6623
6624
6625
6626
6627
6629
6630
6631
6632
6633
6635
6636
6637
6638
6639
6641
6642
6643
6644
6645
6647
6648
6649
6650
6651
6653
6654
6655
6656
6657
6659
6660
6661
6662
6663
6665
6666
6667
6668
6669
6671
6672
6673
6674
6675
6677
6678
6679
6680
6681
6683
6684
6685
6686
6687
6689
6690
6691
6692
6693
6695
6696
6697
6698
6699
6701
6702
6703
6704
6705
6707
6708
6709
6710
6711
6713
6714
6715
6716
6717
6719
6720
6721
6722
6723
6725
6726
6727
6728
6729
6731
6732
6733
6734
6735
6737
6738
6739
6740
6741
6743
6744
6745
6746
6747
6749
6750
6751
6752
6753
6755
6756
6757
6758
6759
6761
6762
6763
6764
6765
6767
6768
6769
6770
6771
6773
6774
6775
6776
6777
6779
6780
6781
6782
6783
6785
6786
6787
6788
6789
6791
6792
6793
6794
6795
6797
6798
6799
6800
6801
6803
6804
6805
6806
6807
6809
6810
6811
6812
6813
6815
6816
6817
6818
6819
6821
6822
6823
6824
6825
6827
6828
6829
6830
6831
6833
6834
6835
6836
6837
6839
6840
6841
6842
6843
6845
6846
6847
6848
6849
6851
6852
6853
6854
6855
6857
6858
6859
6860
6861
6863
6864
6865
6866
6867
6869
6870
6871
6872
6873
6875
6876
6877
6878
6879
6881
6882
6883
6884
6885
6887
6888
6889
6890
6891
6893
6894
6895
6896
6897
6899
6900
6901
6902
6903
6905
6906
6907
6908
6909
6911
6912
6913
6914
6915
6917
6918
6919
6920
6921
6923
6924
6925
6926
6927
6929
6930
6931
6932
6933
6935
6936
6937
6938
6939
6941
6942
6943
6944
6945
6947
6948
6949
6950
6951
6953
6954
6955
6956
6957
6959
6960
6961
6962
6963
6965
6966
6967
6968
6969
6971
6972
6973
6974
6975
6977
6978
6979
6980
6981
6983
6984
6985
6986
6987
6989
6990
6991
6992
6993
6995
6996
6997
6998
6999
7001
7002
7003
7004
7005
7007
7008
7009
7010
7011
7013
7014
7015
7016
7017
7019
7020
7021
7022
7023
7025
7026
7027
7028
7029
7031
7032
7033
7034
7035
7037
7038
7039
7040
7041
7043
7044
7045
7046
7047
7049
7050
7051
7052
7053
7055
7056
7057
7058
7059
7061
7062
7063
7064
7065
7067
7068
7069
7070
7071
7073
7074
7075
7076
7077
7079
7080
7081
7082
7083
7085
7086
7087
7088
7089
7091
7092
7093
7094
7095
7097
7098
7099
7100
7101
7103
7104
7105
7106
7107
7109
7110
7111
7112
7113
7115
7116
7117
7118
7119
7121
7122
7123
7124
7125
7127
7128
7129
7130
7131
7133
7134
7135
7136
7137
7139
7140
7141
7142
7143
7145
7146
7147
7148
7149
7151
7152
7153
7154
7155
7157
7158
7159
7160
7161
7163
7164
7165
7166
7167
7169
7170
7171
7172
7173
7175
7176
7177
7178
7179
7181
7182
7183
7184
7185
7187
7188
7189
7190
7191
7193
7194
7195
7196
7197
7199
7200
7201
7202
7203
7205
7206
7207
7208
7209
7211
7212
7213
7214
7215
7217
7218
7219
7220
7221
7223
7224
7225
7226
7227
7229
7230
7231
7232
7233
7235
7236
7237
7238
7239
7241
7242
7243
7244
7245
7247
7248
7249
7250
7251
7253
7254
7255
7256
7257
7259
7260
7261
7262
7263
7265
7266
7267
7268
7269
7271
7272
7273
7274
7275
7277
7278
7279
7280
7281
7283
7284
7285
7286
7287
7289
7290
7291
7292
7293
7295
7296
7297
7298
7299
7301
7302
7303
7304
7305
7307
7308
7309
7310
7311
7313
7314
7315
7316
7317
7319
7320
7321
7322
7323
7325
7326
7327
7328
7329
7331
7332
7333
7334
7335
7337
7338
7339
7340
7341
7343
7344
7345
7346
7347
7349
7350
7351
7352
7353
7355
7356
7357
7358
7359
7361
7362
7363
7364
7365
7367
7368
7369
7370
7371
7373
7374
7375
7376
7377
7379
7380
7381
7382
7383
7385
7386
7387
7388
7389
7391
7392
7393
7394
7395
7397
7398
7399
7400
7401
7403
7404
7405
7406
7407
7409
7410
7411
7412
7413
7415
7416
7417
7418
7419
7421
7422
7423
7424
7425
7427
7428
7429
7430
7431
7433
7434
7435
7436
7437
7439
7440
7441
7442
7443
7445
7446
7447
7448
7449
7451
7452
7453
7454
7455
7457
7458
7459
7460
7461
7463
7464
7465
7466
7467
7469
7470
7471
7472
7473
7475
7476
7477
7478
7479
7481
7482
7483
7484
7485
7487
7488
7489
7490
7491
7493
7494
7495
7496
7497
7499
7500
7501
7502
7503
7505
7506
7507
7508
7509
7511
7512
7513
7514
7515
7517
7518
7519
7520
7521
7523
7524
7525
7526
7527
7529
7530
7531
7532
7533
7535
7536
7537
7538
7539
7541
7542
7543
7544
7545
7547
7548
7549
7550
7551
7553
7554
7555
7556
7557
7559
7560
7561
7562
7563
7565
7566
7567
7568
7569
7571
7572
7573
7574
7575
7577
7578
7579
7580
7581
7583
7584
7585
7586
7587
7589
7590
7591
7592
7593
7595
7596
7597
7598
7599
7601
7602
7603
7604
7605
7607
7608
7609
7610
7611
7613
7614
7615
7616
7617
7619
7620
7621
7622
7623
7625
7626
7627
7628
7629
7631
7632
7633
7634
7635
7637
7638
7639
7640
7641
7643
7644
7645
7646
7647
7649
7650
7651
7652
7653
7655
7656
7657
7658
7659
7661
7662
7663
7664
7665
7667
7668
7669
7670
7671
7673
7674
7675
7676
7677
7679
7680
7681
7682
7683
7685
7686
7687
7688
7689
7691
7692
7693
7694
7695
7697
7698
7699
7700
7701
7703
7704
7705
7706
7707
7709
7710
7711
7712
7713
7715
7716
7717
7718
7719
7721
7722
7723
7724
7725
7727
7728
7729
7730
7731
7733
7734
7735
7736
7737
7739
7740
7741
7742
7743
7745
7746
7747
7748
7749
7751
7752
7753
7754
7755
7757
7758
7759
7760
7761
7763
7764
7765
7766
7767
7769
7770
7771
7772
7773
7775
7776
7777
7778
7779
7781
7782
7783
7784
7785
7787
7788
7789
7790
7791
7793
7794
7795
7796
7797
7799
7800
7801
7802
7803
7805
7806
7807
7808
7809
7811
7812
7813
7814
7815
7817
7818
7819
7820
7821
7823
7824
7825
7826
7827
7829
7830
7831
7832
7833
7835
7836
7837
7838
7839
7841
7842
7843
7844
7845
7847
7848
7849
7850
7851
7853
7854
7855
7856
7857
7859
7860
7861
7862
7863
7865
7866
7867
7868
7869
7871
7872
7873
7874
7875
7877
7878
7879
7880
7881
7883
7884
7885
7886
7887
7889
7890
7891
7892
7893
7895
7896
7897
7898
7899
7901
7902
7903
7904
7905
7907
7908
7909
7910
7911
7913
7914
7915
7916
7917
7919
7920
7921
7922
7923
7925
7926
7927
7928
7929
7931
7932
7933
7934
7935
7937
7938
7939
7940
7941
7943
7944
7945
7946
7947
7949
7950
7951
7952
7953
7955
7956
7957
7958
7959
7961
7962
7963
7964
7965
7967
7968
7969
7970
7971
7973
7974
7975
7976
7977
7979
7980
7981
7982
7983
7985
7986
7987
7988
7989
7991
7992
7993
7994
7995
7997
7998
7999
8000
8001
8003
8004
8005
8006
8007
8009
8010
8011
8012
8013
8015
8016
8017
8018
8019
8021
8022
8023
8024
8025
8027
8028
8029
8030
8031
8033
8034
8035
8036
8037
8039
8040
8041
8042
8043
8045
8046
8047
8048
8049
8051
8052
8053
8054
8055
8057
8058
8059
8060
8061
8063
8064
8065
8066
8067
8069
8070
8071
8072
8073
8075
8076
8077
8078
8079
8081
8082
8083
8084
8085
8087
8088
8089
8090
8091
8093
8094
8095
8096
8097
8099
8100
8101
8102
8103
8105
8106
8107
8108
8109
8111
8112
8113
8114
8115
8117
8118
8119
8120
8121
8123
8124
8125
8126
8127
8129
8130
8131
8132
8133
8135
8136
8137
8138
8139
8141
8142
8143
8144
8145
8147
8148
8149
8150
8151
8153
8154
8155
8156
8157
8159
8160
8161
8162
8163
8165
8166
8167
8168
8169
8171
8172
8173
8174
8175
8177
8178
8179
8180
8181
8183
8184
8185
8186
8187
8189
8190
8191
8192
8193
8195
8196
8197
8198
8199
8201
8202
8203
8204
8205
8207
8208
8209
8210
8211
8213
8214
8215
8216
8217
8219
8220
8221
8222
8223
8225
8226
8227
8228
8229
8231
8232
8233
8234
8235
8237
8238
8239
8240
8241
8243
8244
8245
8246
8247
8249
8250
8251
8252
8253
8255
8256
8257
8258
8259
8261
8262
8263
8264
8265
8267
8268
8269
8270
8271
8273
8274
8275
8276
8277
8279
8280
8281
8282
8283
8285
8286
8287
8288
8289
8291
8292
8293
8294
8295
8297
8298
8299
8300
8301
8303
8304
8305
8306
8307
8309
8310
8311
8312
8313
8315
8316
8317
8318
8319
8321
8322
8323
8324
8325
8327
8328
8329
8330
8331
8333
8334
8335
8336
8337
8339
8340
8341
8342
8343
8345
8346
8347
8348
8349
8351
8352
8353
8354
8355
8357
8358
8359
8360
8361
8363
8364
8365
8366
8367
8369
8370
8371
8372
8373
8375
8376
8377
8378
8379
8381
8382
8383
8384
8385
8387
8388
8389
8390
8391
8393
8394
8395
8396
8397
8399
8400
8401
8402
8403
8405
8406
8407
8408
8409
8411
8412
8413
8414
8415
8417
8418
8419
8420
8421
8423
8424
8425
8426
8427
8429
8430
8431
8432
8433
8435
8436
8437
8438
8439
8441
8442
8443
8444
8445
8447
8448
8449
8450
8451
8453
8454
8455
8456
8457
8459
8460
8461
8462
8463
8465
8466
8467
8468
8469
8471
8472
8473
8474
8475
8477
8478
8479
8480
8481
8483
8484
8485
8486
8487
8489
8490
8491
8492
8493
8495
8496
8497
8498
8499
8501
8502
8503
8504
8505
8507
8508
8509
8510
8511
8513
8514
8515
8516
8517
8519
8520
8521
8522
8523
8525
8526
8527
8528
8529
8531
8532
8533
8534
8535
8537
8538
8539
8540
8541
8543
8544
8545
8546
8547
8549
8550
8551
8552
8553
8555
8556
8557
8558
8559
8561
8562
8563
8564
8565
8567
8568
8569
8570
8571
8573
8574
8575
8576
8577
8579
8580
8581
8582
8583
8585
8586
8587
8588
8589
8591
8592
8593
8594
8595
8597
8598
8599
8600
8601
8603
8604
8605
8606
8607
8609
8610
8611
8612
8613
8615
8616
8617
8618
8619
8621
8622
8623
8624
8625
8627
8628
8629
8630
8631
8633
8634
8635
8636
8637
8639
8640
8641
8642
8643
8645
8646
8647
8648
8649
8651
8652
8653
8654
8655
8657
8658
8659
8660
8661
8663
8664
8665
8666
8667
8669
8670
8671
8672
8673
8675
8676
8677
8678
8679
8681
8682
8683
8684
8685
8687
8688
8689
8690
8691
8693
8694
8695
8696
8697
8699
8700
8701
8702
8703
8705
8706
8707
8708
8709
8711
8712
8713
8714
8715
8717
8718
8719
8720
8721
8723
8724
8725
8726
8727
8729
8730
8731
8732
8733
8735
8736
8737
8738
8739
8741
8742
8743
8744
8745
8747
8748
8749
8750
8751
8753
8754
8755
8756
8757
8759
8760
8761
8762
8763
8765
8766
8767
8768
8769
8771
8772
8773
8774
8775
8777
8778
8779
8780
8781
8783
8784
8785
8786
8787
8789
8790
8791
8792
8793
8795
8796
8797
8798
8799
8801
8802
8803
8804
8805
8807
8808
8809
8810
8811
8813
8814
8815
8816
8817
8819
8820
8821
8822
8823
8825
8826
8827
8828
8829
8831
8832
8833
8834
8835
8837
8838
8839
8840
8841
8843
8844
8845
8846
8847
8849
8850
8851
8852
8853
8855
8856
8857
8858
8859
8861
8862
8863
8864
8865
8867
8868
8869
8870
8871
8873
8874
8875
8876
8877
8879
8880
8881
8882
8883
8885
8886
8887
8888
8889
8891
8892
8893
8894
8895
8897
8898
8899
8900
8901
8903
8904
8905
8906
8907
8909
8910
8911
8912
8913
8915
8916
8917
8918
8919
8921
8922
8923
8924
8925
8927
8928
8929
8930
8931
8933
8934
8935
8936
8937
8939
8940
8941
8942
8943
8945
8946
8947
8948
8949
8951
8952
8953
8954
8955
8957
8958
8959
8960
8961
8963
8964
8965
8966
8967
8969
8970
8971
8972
8973
8975
8976
8977
8978
8979
8981
8982
8983
8984
8985
8987
8988
8989
8990
8991
8993
8994
8995
8996
8997
8999
9000
9001
9002
9003
9005
9006
9007
9008
9009
9011
9012
9013
9014
9015
9017
9018
9019
9020
9021
9023
9024
9025
9026
9027
9029
9030
9031
9032
9033
9035
9036
9037
9038
9039
9041
9042
9043
9044
9045
9047
9048
9049
9050
9051
9053
9054
9055
9056
9057
9059
9060
9061
9062
9063
9065
9066
9067
9068
9069
9071
9072
9073
9074
9075
9077
9078
9079
9080
9081
9083
9084
9085
9086
9087
9089
9090
9091
9092
9093
9095
9096
9097
9098
9099
9101
9102
9103
9104
9105
9107
9108
9109
9110
9111
9113
9114
9115
9116
9117
9119
9120
9121
9122
9123
9125
9126
9127
9128
9129
9131
9132
9133
9134
9135
9137
9138
9139
9140
9141
9143
9144
9145
9146
9147
9149
9150
9151
9152
9153
9155
9156
9157
9158
9159
9161
9162
9163
9164
9165
9167
9168
9169
9170
9171
9173
9174
9175
9176
9177
9179
9180
9181
9182
9183
9185
9186
9187
9188
9189
9191
9192
9193
9194
9195
9197
9198
9199
9200
9201
9203
9204
9205
9206
9207
9209
9210
9211
9212
9213
9215
9216
9217
9218
9219
9221
9222
9223
9224
9225
9227
9228
9229
9230
9231
9233
9234
9235
9236
9237
9239
9240
9241
9242
9243
9245
9246
9247
9248
9249
9251
9252
9253
9254
9255
9257
9258
9259
9260
9261
9263
9264
9265
9266
9267
9269
9270
9271
9272
9273
9275
9276
9277
9278
9279
9281
9282
9283
9284
9285
9287
9288
9289
9290
9291
9293
9294
9295
9296
9297
9299
9300
9301
9302
9303
9305
9306
9307
9308
9309
9311
9312
9313
9314
9315
9317
9318
9319
9320
9321
9323
9324
9325
9326
9327
9329
9330
9331
9332
9333
9335
9336
9337
9338
9339
9341
9342
9343
9344
9345
9347
9348
9349
9350
9351
9353
9354
9355
9356
9357
9359
9360
9361
9362
9363
9365
9366
9367
9368
9369
9371
9372
9373
9374
9375
9377
9378
9379
9380
9381
9383
9384
9385
9386
9387
9389
9390
9391
9392
9393
9395
9396
9397
9398
9399
9401
9402
9403
9404
9405
9407
9408
9409
9410
9411
9413
9414
9415
9416
9417
9419
9420
9421
9422
9423
9425
9426
9427
9428
9429
9431
9432
9433
9434
9435
9437
9438
9439
9440
9441
9443
9444
9445
9446
9447
9449
9450
9451
9452
9453
9455
9456
9457
9458
9459
9461
9462
9463
9464
9465
9467
9468
9469
9470
9471
9473
9474
9475
9476
9477
9479
9480
9481
9482
9483
9485
9486
9487
9488
9489
9491
9492
9493
9494
9495
9497
9498
9499
9500
9501
9503
9504
9505
9506
9507
9509
9510
9511
9512
9513
9515
9516
9517
9518
9519
9521
9522
9523
9524
9525
9527
9528
9529
9530
9531
9533
9534
9535
9536
9537
9539
9540
9541
9542
9543
9545
9546
9547
9548
9549
9551
9552
9553
9554
9555
9557
9558
9559
9560
9561
9563
9564
9565
9566
9567
9569
9570
9571
9572
9573
9575
9576
9577
9578
9579
9581
9582
9583
9584
9585
9587
9588
9589
9590
9591
9593
9594
9595
9596
9597
9599
9600
9601
9602
9603
9605
9606
9607
9608
9609
9611
9612
9613
9614
9615
9617
9618
9619
9620
9621
9623
9624
9625
9626
9627
9629
9630
9631
9632
9633
9635
9636
9637
9638
9639
9641
9642
9643
9644
9645
9647
9648
9649
9650
9651
9653
9654
9655
9656
9657
9659
9660
9661
9662
9663
9665
9666
9667
9668
9669
9671
9672
9673
9674
9675
9677
9678
9679
9680
9681
9683
9684
9685
9686
9687
9689
9690
9691
9692
9693
9695
9696
9697
9698
9699
9701
9702
9703
9704
9705
9707
9708
9709
9710
9711
9713
9714
9715
9716
9717
9719
9720
9721
9722
9723
9725
9726
9727
9728
9729
9731
9732
9733
9734
9735
9737
9738
9739
9740
9741
9743
9744
9745
9746
9747
9749
9750
9751
9752
9753
9755
9756
9757
9758
9759
9761
9762
9763
9764
9765
9767
9768
9769
9770
9771
9773
9774
9775
9776
9777
9779
9780
9781
9782
9783
9785
9786
9787
9788
9789
9791
9792
9793
9794
9795
9797
9798
9799
9800
9801
9803
9804
9805
9806
9807
9809
9810
9811
9812
9813
9815
9816
9817
9818
9819
9821
9822
9823
9824
9825
9827
9828
9829
9830
9831
9833
9834
9835
9836
9837
9839
9840
9841
9842
9843
9845
9846
9847
9848
9849
9851
9852
9853
9854
9855
9857
9858
9859
9860
9861
9863
9864
9865
9866
9867
9869
9870
9871
9872
9873
9875
9876
9877
9878
9879
9881
9882
9883
9884
9885
9887
9888
9889
9890
9891
9893
9894
9895
9896
9897
9899
9900
9901
9902
9903
9905
9906
9907
9908
9909
9911
9912
9913
9914
9915
9917
9918
9919
9920
9921
9923
9924
9925
9926
9927
9929
9930
9931
9932
9933
9935
9936
9937
9938
9939
9941
9942
9943
9944
9945
9947
9948
9949
9950
9951
9953
9954
9955
9956
9957
9959
9960
9961
9962
9963
9965
9966
9967
9968
9969
9971
9972
9973
9974
9975
9977
9978
9979
9980
9981
9983
9984
9985
9986
9987
9989
9990
9991
9992
9993
9995
9996
9997
9998
9999
10001
10002
10003
10004
10005
10007
10008
10009
10010
10011
10013
10014
10015
10016
10017
10019
10020
10021
10022
10023
10025
10026
10027
10028
10029
10031
10032
10033
10034
10035
10037
10038
10039
10040
10041
10043
10044
10045
10046
10047
10049
10050
10051
10052
10053
10055
10056
10057
10058
10059
10061
10062
10063
10064
10065
10067
10068
10069
10070
10071
10073
10074
10075
10076
10077
10079
10080
10081
10082
10083
10085
10086
10087
10088
10089
10091
10092
10093
10094
10095
10097
10098
10099
10100
10101
10103
10104
10105
10106
10107
10109
10110
10111
10112
10113
10115
10116
10117
10118
10119
10121
10122
10123
10124
10125
10127
10128
10129
10130
10131
10133
10134
10135
10136
10137
10139
10140
10141
10142
10143
10145
10146
10147
10148
10149
10151
10152
10153
10154
10155
10157
10158
10159
10160
10161
10163
10164
10165
10166
10167
10169
10170
10171
10172
10173
10175
10176
10177
10178
10179
10181
10182
10183
10184
10185
10187
10188
10189
10190
10191
10193
10194
10195
10196
10197
10199
10200
10201
10202
10203
10205
10206
10207
10208
10209
10211
10212
10213
10214
10215
10217
10218
10219
10220
10221
10223
10224
10225
10226
10227
10229
10230
10231
10232
10233
10235
10236
10237
10238
10239
10241
10242
10243
10244
10245
10247
10248
10249
10250
10251
10253
10254
10255
10256
10257
10259
10260
10261
10262
10263
10265
10266
10267
10268
10269
10271
10272
10273
10274
10275
10277
10278
10279
10280
10281
10283
10284
10285
10286
10287
10289
10290
10291
10292
10293
10295
10296
10297
10298
10299
10301
10302
10303
10304
10305
10307
10308
10309
10310
10311
10313
10314
10315
10316
10317
10319
10320
10321
10322
10323
10325
10326
10327
10328
10329
10331
10332
10333
10334
10335
10337
10338
10339
10340
10341
10343
10344
10345
10346
10347
10349
10350
10351
10352
10353
10355
10356
10357
10358
10359
10361
10362
10363
10364
10365
10367
10368
10369
10370
10371
10373
10374
10375
10376
10377
10379
10380
10381
10382
10383
10385
10386
10387
10388
10389
10391
10392
10393
10394
10395
10397
10398
10399
10400
10401
10403
10404
10405
10406
10407
10409
10410
10411
10412
10413
10415
10416
10417
10418
10419
10421
10422
10423
10424
10425
10427
10428
10429
10430
10431
10433
10434
10435
10436
10437
10439
10440
10441
10442
10443
10445
10446
10447
10448
10449
10451
10452
10453
10454
10455
10457
10458
10459
10460
10461
10463
10464
10465
10466
10467
10469
10470
10471
10472
10473
10475
10476
10477
10478
10479
10481
10482
10483
10484
10485
10487
10488
10489
10490
10491
10493
10494
10495
10496
10497
10499
10500
10501
10502
10503
10505
10506
10507
10508
10509
10511
10512
10513
10514
10515
10517
10518
10519
10520
10521
10523
10524
10525
10526
10527
10529
10530
10531
10532
10533
10535
10536
10537
10538
10539
10541
10542
10543
10544
10545
10547
10548
10549
10550
10551
10553
10554
10555
10556
10557
10559
10560
10561
10562
10563
10565
10566
10567
10568
10569
10571
10572
10573
10574
10575
10577
10578
10579
10580
10581
10583
10584
10585
10586
10587
10589
10590
10591
10592
10593
10595
10596
10597
10598
10599
10601
10602
10603
10604
10605
10607
10608
10609
10610
10611
10613
10614
10615
10616
10617
10619
10620
10621
10622
10623
10625
10626
10627
10628
10629
10631
10632
10633
10634
10635
10637
10638
10639
10640
10641
10643
10644
10645
10646
10647
10649
10650
10651
10652
10653
10655
10656
10657
10658
10659
10661
10662
10663
10664
10665
10667
10668
10669
10670
10671
10673
10674
10675
10676
10677
10679
10680
10681
10682
10683
10685
10686
10687
10688
10689
10691
10692
10693
10694
10695
10697
10698
10699
10700
10701
10703
10704
10705
10706
10707
10709
10710
10711
10712
10713
10715
10716
10717
10718
10719
10721
10722
10723
10724
10725
10727
10728
10729
10730
10731
10733
10734
10735
10736
10737
10739
10740
10741
10742
10743
10745
10746
10747
10748
10749
10751
10752
10753
10754
10755
10757
10758
10759
10760
10761
10763
10764
10765
10766
10767
10769
10770
10771
10772
10773
10775
10776
10777
10778
10779
10781
10782
10783
10784
10785
10787
10788
10789
10790
10791
10793
10794
10795
10796
10797
10799
10800
10801
10802
10803
10805
10806
10807
10808
10809
10811
10812
10813
10814
10815
10817
10818
10819
10820
10821
10823
10824
10825
10826
10827
10829
10830
10831
10832
10833
10835
10836
10837
10838
10839
10841
10842
10843
10844
10845
10847
10848
10849
10850
10851
10853
10854
10855
10856
10857
10859
10860
10861
10862
10863
10865
10866
10867
10868
10869
10871
10872
10873
10874
10875
10877
10878
10879
10880
10881
10883
10884
10885
10886
10887
10889
10890
10891
10892
10893
10895
10896
10897
10898
10899
10901
10902
10903
10904
10905
10907
10908
10909
10910
10911
10913
10914
10915
10916
10917
10919
10920
10921
10922
10923
10925
10926
10927
10928
10929
10931
10932
10933
10934
10935
10937
10938
10939
10940
10941
10943
10944
10945
10946
10947
10949
10950
10951
10952
10953
10955
10956
10957
10958
10959
10961
10962
10963
10964
10965
10967
10968
10969
10970
10971
10973
10974
10975
10976
10977
10979
10980
10981
10982
10983
10985
10986
10987
10988
10989
10991
10992
10993
10994
10995
10997
10998
10999
11000
11001
11003
11004
11005
11006
11007
11009
11010
11011
11012
11013
11015
11016
11017
11018
11019
11021
11022
11023
11024
11025
11027
11028
11029
11030
11031
11033
11034
11035
11036
11037
11039
11040
11041
11042
11043
11045
11046
11047
11048
11049
11051
11052
11053
11054
11055
11057
11058
11059
11060
11061
11063
11064
11065
11066
11067
11069
11070
11071
11072
11073
11075
11076
11077
11078
11079
11081
11082
11083
11084
11085
11087
11088
11089
11090
11091
11093
11094
11095
11096
11097
11099
11100
11101
11102
11103
11105
11106
11107
11108
11109
11111
11112
11113
11114
11115
11117
11118
11119
11120
11121
11123
11124
11125
11126
11127
11129
11130
11131
11132
11133
11135
11136
11137
11138
11139
11141
11142
11143
11144
11145
11147
11148
11149
11150
11151
11153
11154
11155
11156
11157
11159
11160
11161
11162
11163
11165
11166
11167
11168
11169
11171
11172
11173
11174
11175
11177
11178
11179
11180
11181
11183
11184
11185
11186
11187
11189
11190
11191
11192
11193
11195
11196
11197
11198
11199
11201
11202
11203
11204
11205
11207
11208
11209
11210
11211
11213
11214
11215
11216
11217
11219
11220
11221
11222
11223
11225
11226
11227
11228
11229
11231
11232
11233
11234
11235
11237
11238
11239
11240
11241
11243
11244
11245
11246
11247
11249
11250
11251
11252
11253
11255
11256
11257
11258
11259
11261
11262
11263
11264
11265
11267
11268
11269
11270
11271
11273
11274
11275
11276
11277
11279
11280
11281
11282
11283
11285
11286
11287
11288
11289
11291
11292
11293
11294
11295
11297
11298
11299
11300
11301
11303
11304
11305
11306
11307
11309
11310
11311
11312
11313
11315
11316
11317
11318
11319
11321
11322
11323
11324
11325
11327
11328
11329
11330
11331
11333
11334
11335
11336
11337
11339
11340
11341
11342
11343
11345
11346
11347
11348
11349
11351
11352
11353
11354
11355
11357
11358
11359
11360
11361
11363
11364
11365
11366
11367
11369
11370
11371
11372
11373
11375
11376
11377
11378
11379
11381
11382
11383
11384
11385
11387
11388
11389
11390
11391
11393
11394
11395
11396
11397
11399
11400
11401
11402
11403
11405
11406
11407
11408
11409
11411
11412
11413
11414
11415
11417
11418
11419
11420
11421
11423
11424
11425
11426
11427
11429
11430
11431
11432
11433
11435
11436
11437
11438
11439
11441
11442
11443
11444
11445
11447
11448
11449
11450
11451
11453
11454
11455
11456
11457
11459
11460
11461
11462
11463
11465
11466
11467
11468
11469
11471
11472
11473
11474
11475
11477
11478
11479
11480
11481
11483
11484
11485
11486
11487
11489
11490
11491
11492
11493
11495
11496
11497
11498
11499
11501
11502
11503
11504
11505
11507
11508
11509
11510
11511
11513
11514
11515
11516
11517
11519
11520
11521
11522
11523
11525
11526
11527
11528
11529
11531
11532
11533
11534
11535
11537
11538
11539
11540
11541
11543
11544
11545
11546
11547
11549
11550
11551
11552
11553
11555
11556
11557
11558
11559
11561
11562
11563
11564
11565
11567
11568
11569
11570
11571
11573
11574
11575
11576
11577
11579
11580
11581
11582
11583
11585
11586
11587
11588
11589
11591
11592
11593
11594
11595
11597
11598
11599
11600
11601
11603
11604
11605
11606
11607
11609
11610
11611
11612
11613
11615
11616
11617
11618
11619
11621
11622
11623
11624
11625
11627
11628
11629
11630
11631
11633
11634
11635
11636
11637
11639
11640
11641
11642
11643
11645
11646
11647
11648
11649
11651
11652
11653
11654
11655
11657
11658
11659
11660
11661
11663
11664
11665
11666
11667
11669
11670
11671
11672
11673
11675
11676
11677
11678
11679
11681
11682
11683
11684
11685
11687
11688
11689
11690
11691
11693
11694
11695
11696
11697
11699
11700
11701
11702
11703
11705
11706
11707
11708
11709
11711
11712
11713
11714
11715
11717
11718
11719
11720
11721
11723
11724
11725
11726
11727
11729
11730
11731
11732
11733
11735
11736
11737
11738
11739
11741
11742
11743
11744
11745
11747
11748
11749
11750
11751
11753
11754
11755
11756
11757
11759
11760
11761
11762
11763
11765
11766
11767
11768
11769
11771
11772
11773
11774
11775
11777
11778
11779
11780
11781
11783
11784
11785
11786
11787
11789
11790
11791
11792
11793
11795
11796
11797
11798
11799
11801
11802
11803
11804
11805
11807
11808
11809
11810
11811
11813
11814
11815
11816
11817
11819
11820
11821
11822
11823
11825
11826
11827
11828
11829
11831
11832
11833
11834
11835
11837
11838
11839
11840
11841
11843
11844
11845
11846
11847
11849
11850
11851
11852
11853
11855
11856
11857
11858
11859
11861
11862
11863
11864
11865
11867
11868
11869
11870
11871
11873
11874
11875
11876
11877
11879
11880
11881
11882
11883
11885
11886
11887
11888
11889
11891
11892
11893
11894
11895
11897
11898
11899
11900
11901
11903
11904
11905
11906
11907
11909
11910
11911
11912
11913
11915
11916
11917
11918
11919
11921
11922
11923
11924
11925
11927
11928
11929
11930
11931
11933
11934
11935
11936
11937
11939
11940
11941
11942
11943
11945
11946
11947
11948
11949
11951
11952
11953
11954
11955
11957
11958
11959
11960
11961
11963
11964
11965
11966
11967
11969
11970
11971
11972
11973
11975
11976
11977
11978
11979
11981
11982
11983
11984
11985
11987
11988
11989
11990
11991
11993
11994
11995
11996
11997
11999
12000
12001
12002
12003
12005
12006
12007
12008
12009
12011
12012
12013
12014
12015
12017
12018
12019
12020
12021
12023
12024
12025
12026
12027
12029
12030
12031
12032
12033
12035
12036
12037
12038
12039
12041
12042
12043
12044
12045
12047
12048
12049
12050
12051
12053
12054
12055
12056
12057
12059
12060
12061
12062
12063
12065
12066
12067
12068
12069
12071
12072
12073
12074
12075
12077
12078
12079
12080
12081
12083
12084
12085
12086
12087
12089
12090
12091
12092
12093
12095
12096
12097
12098
12099
12101
12102
12103
12104
12105
12107
12108
12109
12110
12111
12113
12114
12115
12116
12117
12119
12120
12121
12122
12123
12125
12126
12127
12128
12129
12131
12132
12133
12134
12135
12137
12138
12139
12140
12141
12143
12144
12145
12146
12147
12149
12150
12151
12152
12153
12155
12156
12157
12158
12159
12161
12162
12163
12164
12165
12167
12168
12169
12170
12171
12173
12174
12175
12176
12177
12179
12180
12181
12182
12183
12185
12186
12187
12188
12189
12191
12192
12193
12194
12195
12197
12198
12199
12200
12201
12203
12204
12205
12206
12207
12209
12210
12211
12212
12213
12215
12216
12217
12218
12219
12221
12222
12223
12224
12225
12227
12228
12229
12230
12231
12233
12234
12235
12236
12237
12239
12240
12241
12242
12243
12245
12246
12247
12248
12249
12251
12252
12253
12254
12255
12257
12258
12259
12260
12261
12263
12264
12265
12266
12267
12269
12270
12271
12272
12273
12275
12276
12277
12278
12279
12281
12282
12283
12284
12285
12287
12288
12289
12290
12291
12293
12294
12295
12296
12297
12299
12300
12301
12302
12303
12305
12306
12307
12308
12309
12311
12312
12313
12314
12315
12317
12318
12319
12320
12321
12323
12324
12325
12326
12327
12329
12330
12331
12332
12333
12335
12336
12337
12338
12339
12341
12342
12343
12344
12345
12347
12348
12349
12350
12351
12353
12354
12355
12356
12357
12359
12360
12361
12362
12363
12365
12366
12367
12368
12369
12371
12372
12373
12374
12375
12377
12378
12379
12380
12381
12383
12384
12385
12386
12387
12389
12390
12391
12392
12393
12395
12396
12397
12398
12399
12401
12402
12403
12404
12405
12407
12408
12409
12410
12411
12413
12414
12415
12416
12417
12419
12420
12421
12422
12423
12425
12426
12427
12428
12429
12431
12432
12433
12434
12435
12437
12438
12439
12440
12441
12443
12444
12445
12446
12447
12449
12450
12451
12452
12453
12455
12456
12457
12458
12459
12461
12462
12463
12464
12465
12467
12468
12469
12470
12471
12473
12474
12475
12476
12477
12479
12480
12481
12482
12483
12485
12486
12487
12488
12489
12491
12492
12493
12494
12495
12497
12498
12499
12500
12501
12503
12504
12505
12506
12507
12509
12510
12511
12512
12513
12515
12516
12517
12518
12519
12521
12522
12523
12524
12525
12527
12528
12529
12530
12531
12533
12534
12535
12536
12537
12539
12540
12541
12542
12543
12545
12546
12547
12548
12549
12551
12552
12553
12554
12555
12557
12558
12559
12560
12561
12563
12564
12565
12566
12567
12569
12570
12571
12572
12573
12575
12576
12577
12578
12579
12581
12582
12583
12584
12585
12587
12588
12589
12590
12591
12593
12594
12595
12596
12597
12599
12600
12601
12602
12603
12605
12606
12607
12608
12609
12611
12612
12613
12614
12615
12617
12618
12619
12620
12621
12623
12624
12625
12626
12627
12629
12630
12631
12632
12633
12635
12636
12637
12638
12639
12641
12642
12643
12644
12645
12647
12648
12649
12650
12651
12653
12654
12655
12656
12657
12659
12660
12661
12662
12663
12665
12666
12667
12668
12669
12671
12672
12673
12674
12675
12677
12678
12679
12680
12681
12683
12684
12685
12686
12687
12689
12690
12691
12692
12693
12695
12696
12697
12698
12699
12701
12702
12703
12704
12705
12707
12708
12709
12710
12711
12713
12714
12715
12716
12717
12719
12720
12721
12722
12723
12725
12726
12727
12728
12729
12731
12732
12733
12734
12735
12737
12738
12739
12740
12741
12743
12744
12745
12746
12747
12749
12750
12751
12752
12753
12755
12756
12757
12758
12759
12761
12762
12763
12764
12765
12767
12768
12769
12770
12771
12773
12774
12775
12776
12777
12779
12780
12781
12782
12783
12785
12786
12787
12788
12789
12791
12792
12793
12794
12795
12797
12798
12799
12800
12801
12803
12804
12805
12806
12807
12809
12810
12811
12812
12813
12815
12816
12817
12818
12819
12821
12822
12823
12824
12825
12827
12828
12829
12830
12831
12833
12834
12835
12836
12837
12839
12840
12841
12842
12843
12845
12846
12847
12848
12849
12851
12852
12853
12854
12855
12857
12858
12859
12860
12861
12863
12864
12865
12866
12867
12869
12870
12871
12872
12873
12875
12876
12877
12878
12879
12881
12882
12883
12884
12885
12887
12888
12889
12890
12891
12893
12894
12895
12896
12897
12899
12900
12901
12902
12903
12905
12906
12907
12908
12909
12911
12912
12913
12914
12915
12917
12918
12919
12920
12921
12923
12924
12925
12926
12927
12929
12930
12931
12932
12933
12935
12936
12937
12938
12939
12941
12942
12943
12944
12945
12947
12948
12949
12950
12951
12953
12954
12955
12956
12957
12959
12960
12961
12962
12963
12965
12966
12967
12968
12969
12971
12972
12973
12974
12975
12977
12978
12979
12980
12981
12983
12984
12985
12986
12987
12989
12990
12991
12992
12993
12995
12996
12997
12998
12999
13001
13002
13003
13004
13005
13007
13008
13009
13010
13011
13013
13014
13015
13016
13017
13019
13020
13021
13022
13023
13025
13026
13027
13028
13029
13031
13032
13033
13034
13035
13037
13038
13039
13040
13041
13043
13044
13045
13046
13047
13049
13050
13051
13052
13053
13055
13056
13057
13058
13059
13061
13062
13063
13064
13065
13067
13068
13069
13070
13071
13073
13074
13075
13076
13077
13079
13080
13081
13082
13083
13085
13086
13087
13088
13089
13091
13092
13093
13094
13095
13097
13098
13099
13100
13101
13103
13104
13105
13106
13107
13109
13110
13111
13112
13113
13115
13116
13117
13118
13119
13121
13122
13123
13124
13125
13127
13128
13129
13130
13131
13133
13134
13135
13136
13137
13139
13140
13141
13142
13143
13145
13146
13147
13148
13149
13151
13152
13153
13154
13155
13157
13158
13159
13160
13161
13163
13164
13165
13166
13167
13169
13170
13171
13172
13173
13175
13176
13177
13178
13179
13181
13182
13183
13184
13185
13187
13188
13189
13190
13191
13193
13194
13195
13196
13197
13199
13200
13201
13202
13203
13205
13206
13207
13208
13209
13211
13212
13213
13214
13215
13217
13218
13219
13220
13221
13223
13224
13225
13226
13227
13229
13230
13231
13232
13233
13235
13236
13237
13238
13239
13241
13242
13243
13244
13245
13247
13248
13249
13250
13251
13253
13254
13255
13256
13257
13259
13260
13261
13262
13263
13265
13266
13267
13268
13269
13271
13272
13273
13274
13275
13277
13278
13279
13280
13281
13283
13284
13285
13286
13287
13289
13290
13291
13292
13293
13295
13296
13297
13298
13299
13301
13302
13303
13304
13305
13307
13308
13309
13310
13311
13313
13314
13315
13316
13317
13319
13320
13321
13322
13323
13325
13326
13327
13328
13329
13331
13332
13333
13334
13335
13337
13338
13339
13340
13341
13343
13344
13345
13346
13347
13349
13350
13351
13352
13353
13355
13356
13357
13358
13359
13361
13362
13363
13364
13365
13367
13368
13369
13370
13371
13373
13374
13375
13376
13377
13379
13380
13381
13382
13383
13385
13386
13387
13388
13389
13391
13392
13393
13394
13395
13397
13398
13399
13400
13401
13403
13404
13405
13406
13407
13409
13410
13411
13412
13413
13415
13416
13417
13418
13419
13421
13422
13423
13424
13425
13427
13428
13429
13430
13431
13433
13434
13435
13436
13437
13439
13440
13441
13442
13443
13445
13446
13447
13448
13449
13451
13452
13453
13454
13455
13457
13458
13459
13460
13461
13463
13464
13465
13466
13467
13469
13470
13471
13472
13473
13475
13476
13477
13478
13479
13481
13482
13483
13484
13485
13487
13488
13489
13490
13491
13493
13494
13495
13496
13497
13499
13500
13501
13502
13503
13505
13506
13507
13508
13509
13511
13512
13513
13514
13515
13517
13518
13519
13520
13521
13523
13524
13525
13526
13527
13529
13530
13531
13532
13533
13535
13536
13537
13538
13539
13541
13542
13543
13544
13545
13547
13548
13549
13550
13551
13553
13554
13555
13556
13557
13559
13560
13561
13562
13563
13565
13566
13567
13568
13569
13571
13572
13573
13574
13575
13577
13578
13579
13580
13581
13583
13584
13585
13586
13587
13589
13590
13591
13592
13593
13595
13596
13597
13598
13599
13601
13602
13603
13604
13605
13607
13608
13609
13610
13611
13613
13614
13615
13616
13617
13619
13620
13621
13622
13623
13625
13626
13627
13628
13629
13631
13632
13633
13634
13635
13637
13638
13639
13640
13641
13643
13644
13645
13646
13647
13649
13650
13651
13652
13653
13655
13656
13657
13658
13659
13661
13662
13663
13664
13665
13667
13668
13669
13670
13671
13673
13674
13675
13676
13677
13679
13680
13681
13682
13683
13685
13686
13687
13688
13689
13691
13692
13693
13694
13695
13697
13698
13699
13700
13701
13703
13704
13705
13706
13707
13709
13710
13711
13712
13713
13715
13716
13717
13718
13719
13721
13722
13723
13724
13725
13727
13728
13729
13730
13731
13733
13734
13735
13736
13737
13739
13740
13741
13742
13743
13745
13746
13747
13748
13749
13751
13752
13753
13754
13755
13757
13758
13759
13760
13761
13763
13764
13765
13766
13767
13769
13770
13771
13772
13773
13775
13776
13777
13778
13779
13781
13782
13783
13784
13785
13787
13788
13789
13790
13791
13793
13794
13795
13796
13797
13799
13800
13801
13802
13803
13805
13806
13807
13808
13809
13811
13812
13813
13814
13815
13817
13818
13819
13820
13821
13823
13824
13825
13826
13827
13829
13830
13831
13832
13833
13835
13836
13837
13838
13839
13841
13842
13843
13844
13845
13847
13848
13849
13850
13851
13853
13854
13855
13856
13857
13859
13860
13861
13862
13863
13865
13866
13867
13868
13869
13871
13872
13873
13874
13875
13877
13878
13879
13880
13881
13883
13884
13885
13886
13887
13889
13890
13891
13892
13893
13895
13896
13897
13898
13899
13901
13902
13903
13904
13905
13907
13908
13909
13910
13911
13913
13914
13915
13916
13917
13919
13920
13921
13922
13923
13925
13926
13927
13928
13929
13931
13932
13933
13934
13935
13937
13938
13939
13940
13941
13943
13944
13945
13946
13947
13949
13950
13951
13952
13953
13955
13956
13957
13958
13959
13961
13962
13963
13964
13965
13967
13968
13969
13970
13971
13973
13974
13975
13976
13977
13979
13980
13981
13982
13983
13985
13986
13987
13988
13989
13991
13992
13993
13994
13995
13997
13998
13999
14000
14001
14003
14004
14005
14006
14007
14009
14010
14011
14012
14013
14015
14016
14017
14018
14019
14021
14022
14023
14024
14025
14027
14028
14029
14030
14031
14033
14034
14035
14036
14037
14039
14040
14041
14042
14043
14045
14046
14047
14048
14049
14051
14052
14053
14054
14055
14057
14058
14059
14060
14061
14063
14064
14065
14066
14067
14069
14070
14071
14072
14073
14075
14076
14077
14078
14079
14081
14082
14083
14084
14085
14087
14088
14089
14090
14091
14093
14094
14095
14096
14097
14099
14100
14101
14102
14103
14105
14106
14107
14108
14109
14111
14112
14113
14114
14115
14117
14118
14119
14120
14121
14123
14124
14125
14126
14127
14129
14130
14131
14132
14133
14135
14136
14137
14138
14139
14141
14142
14143
14144
14145
14147
14148
14149
14150
14151
14153
14154
14155
14156
14157
14159
14160
14161
14162
14163
14165
14166
14167
14168
14169
14171
14172
14173
14174
14175
14177
14178
14179
14180
14181
14183
14184
14185
14186
14187
14189
14190
14191
14192
14193
14195
14196
14197
14198
14199
14201
14202
14203
14204
14205
14207
14208
14209
14210
14211
14213
14214
14215
14216
14217
14219
14220
14221
14222
14223
14225
14226
14227
14228
14229
14231
14232
14233
14234
14235
14237
14238
14239
14240
14241
14243
14244
14245
14246
14247
14249
14250
14251
14252
14253
14255
14256
14257
14258
14259
14261
14262
14263
14264
14265
14267
14268
14269
14270
14271
14273
14274
14275
14276
14277
14279
14280
14281
14282
14283
14285
14286
14287
14288
14289
14291
14292
14293
14294
14295
14297
14298
14299
14300
14301
14303
14304
14305
14306
14307
14309
14310
14311
14312
14313
14315
14316
14317
14318
14319
14321
14322
14323
14324
14325
14327
14328
14329
14330
14331
14333
14334
14335
14336
14337
14339
14340
14341
14342
14343
14345
14346
14347
14348
14349
14351
14352
14353
14354
14355
14357
14358
14359
14360
14361
14363
14364
14365
14366
14367
14369
14370
14371
14372
14373
14375
14376
14377
14378
14379
14381
14382
14383
14384
14385
14387
14388
14389
14390
14391
14393
14394
14395
14396
14397
14399
14400
14401
14402
14403
14405
14406
14407
14408
14409
14411
14412
14413
14414
14415
14417
14418
14419
14420
14421
14423
14424
14425
14426
14427
14429
14430
14431
14432
14433
14435
14436
14437
14438
14439
14441
14442
14443
14444
14445
14447
14448
14449
14450
14451
14453
14454
14455
14456
14457
14459
14460
14461
14462
14463
14465
14466
14467
14468
14469
14471
14472
14473
14474
14475
14477
14478
14479
14480
14481
14483
14484
14485
14486
14487
14489
14490
14491
14492
14493
14495
14496
14497
14498
14499
14501
14502
14503
14504
14505
14507
14508
14509
14510
14511
14513
14514
14515
14516
14517
14519
14520
14521
14522
14523
14525
14526
14527
14528
14529
14531
14532
14533
14534
14535
14537
14538
14539
14540
14541
14543
14544
14545
14546
14547
14549
14550
14551
14552
14553
14555
14556
14557
14558
14559
14561
14562
14563
14564
14565
14567
14568
14569
14570
14571
14573
14574
14575
14576
14577
14579
14580
14581
14582
14583
14585
14586
14587
14588
14589
14591
14592
14593
14594
14595
14597
14598
14599
14600
14601
14603
14604
14605
14606
14607
14609
14610
14611
14612
14613
14615
14616
14617
14618
14619
14621
14622
14623
14624
14625
14627
14628
14629
14630
14631
14633
14634
14635
14636
14637
14639
14640
14641
14642
14643
14645
14646
14647
14648
14649
14651
14652
14653
14654
14655
14657
14658
14659
14660
14661
14663
14664
14665
14666
14667
14669
14670
14671
14672
14673
14675
14676
14677
14678
14679
14681
14682
14683
14684
14685
14687
14688
14689
14690
14691
14693
14694
14695
14696
14697
14699
14700
14701
14702
14703
14705
14706
14707
14708
14709
14711
14712
14713
14714
14715
14717
14718
14719
14720
14721
14723
14724
14725
14726
14727
14729
14730
14731
14732
14733
14735
14736
14737
14738
14739
14741
14742
14743
14744
14745
14747
14748
14749
14750
14751
14753
14754
14755
14756
14757
14759
14760
14761
14762
14763
14765
14766
14767
14768
14769
14771
14772
14773
14774
14775
14777
14778
14779
14780
14781
14783
14784
14785
14786
14787
14789
14790
14791
14792
14793
14795
14796
14797
14798
14799
14801
14802
14803
14804
14805
14807
14808
14809
14810
14811
14813
14814
14815
14816
14817
14819
14820
14821
14822
14823
14825
14826
14827
14828
14829
14831
14832
14833
14834
14835
14837
14838
14839
14840
14841
14843
14844
14845
14846
14847
14849
14850
14851
14852
14853
14855
14856
14857
14858
14859
14861
14862
14863
14864
14865
14867
14868
14869
14870
14871
14873
14874
14875
14876
14877
14879
14880
14881
14882
14883
14885
14886
14887
14888
14889
14891
14892
14893
14894
14895
14897
14898
14899
14900
14901
14903
14904
14905
14906
14907
14909
14910
14911
14912
14913
14915
14916
14917
14918
14919
14921
14922
14923
14924
14925
14927
14928
14929
14930
14931
14933
14934
14935
14936
14937
14939
14940
14941
14942
14943
14945
14946
14947
14948
14949
14951
14952
14953
14954
14955
14957
14958
14959
14960
14961
14963
14964
14965
14966
14967
14969
14970
14971
14972
14973
14975
14976
14977
14978
14979
14981
14982
14983
14984
14985
14987
14988
14989
14990
14991
14993
14994
14995
14996
14997
14999
15000
15002
15008
15014
15020
15026
15032
15038
15044
15050
15056
15062
15068
15074
15080
15086
15092
15098
15104
15110
15116
15122
15128
15134
15140
15146
15152
15158
15164
15170
15176
15182
15188
15194
15200
15206
15212
15218
15224
15230
15236
15242
15248
15254
15260
15266
15272
15278
15284
15290
15296
15302
15308
15314
15320
15326
15332
15338
15344
15350
15356
15362
15368
15374
15380
15386
15392
15398
15404
15410
15416
15422
15428
15434
15440
15446
15452
15458
15464
15470
15476
15482
15488
15494
15500
15506
15512
15518
15524
15530
15536
15542
15548
15554
15560
15566
15572
15578
15584
15590
15596
15602
15608
15614
15620
15626
15632
15638
15644
15650
15656
15662
15668
15674
15680
15686
15692
15698
15704
15710
15716
15722
15728
15734
15740
15746
15752
15758
15764
15770
15776
15782
15788
15794
15800
15806
15812
15818
15824
15830
15836
15842
15848
15854
15860
15866
15872
15878
15884
15890
15896
15902
15908
15914
15920
15926
15932
15938
15944
15950
15956
15962
15968
15974
15980
15986
15992
15998
16003
16009
16015
16021
16027
16033
16039
16045
16051
16057
16063
16069
16075
16081
16087
16093
16099
16105
16111
16117
16123
16129
16135
16141
16147
16153
16159
16165
16171
16177
16183
16189
16195
16201
16207
16213
16219
16225
16231
16237
16243
16249
16255
16261
16267
16273
16279
16285
16291
16297
16303
16309
16315
16321
16327
16333
16339
16345
16351
16357
16363
16369
16375
16381
16387
16393
16399
16405
16411
16417
16423
16429
16435
16441
16447
16453
16459
16465
16471
16477
16483
16489
16495
16501
16507
16513
16519
16525
16531
16537
16543
16549
16555
16561
16567
16573
16579
16585
16591
16597
16603
16609
16615
16621
16627
16633
16639
16645
16651
16657
16663
16669
16675
16681
16687
16693
16699
16705
16711
16717
16723
16729
16735
16741
16747
16753
16759
16765
16771
16777
16783
16789
16795
16801
16807
16813
16819
16825
16831
16837
16843
16849
16855
16861
16867
16873
16879
16885
16891
16897
16903
16909
16915
16921
16927
16933
16939
16945
16951
16957
16963
16969
16975
16981
16987
16993
16999
17005
17011
17017
17023
17029
17035
17041
17047
17053
17059
17065
17071
17077
17083
17089
17095
17101
17107
17113
17119
17125
17131
17137
17143
17149
17155
17161
17167
17173
17179
17185
17191
17197
17203
17209
17215
17221
17227
17233
17239
17245
17251
17257
17263
17269
17275
17281
17287
17293
17299
17305
17311
17317
17323
17329
17335
17341
17347
17353
17359
17365
17371
17377
17383
17389
17395
17401
17407
17413
17419
17425
17431
17437
17443
17449
17455
17461
17467
17473
17479
17485
17491
17497
17503
17509
17515
17521
17527
17533
17539
17545
17551
17557
17563
17569
17575
17581
17587
17593
17599
17605
17611
17617
17623
17629
17635
17641
17647
17653
17659
17665
17671
17677
17683
17689
17695
17701
17707
17713
17719
17725
17731
17737
17743
17749
17755
17761
17767
17773
17779
17785
17791
17797
17803
17809
17815
17821
17827
17833
17839
17845
17851
17857
17863
17869
17875
17881
17887
17893
17899
17905
17911
17917
17923
17929
17935
17941
17947
17953
17959
17965
17971
17977
17983
17989
17995
18001
18007
18013
18019
18025
18031
18037
18043
18049
18055
18061
18067
18073
18079
18085
18091
18097
18103
18109
18115
18121
18127
18133
18139
18145
18151
18157
18163
18169
18175
18181
18187
18193
18199
18205
18211
18217
18223
18229
18235
18241
18247
18253
18259
18265
18271
18277
18283
18289
18295
18301
18307
18313
18319
18325
18331
18337
18343
18349
18355
18361
18367
18373
18379
18385
18391
18397
18403
18409
18415
18421
18427
18433
18439
18445
18451
18457
18463
18469
18475
18481
18487
18493
18499
18505
18511
18517
18523
18529
18535
18541
18547
18553
18559
18565
18571
18577
18583
18589
18595
18601
18607
18613
18619
18625
18631
18637
18643
18649
18655
18661
18667
18673
18679
18685
18691
18697
18703
18709
18715
18721
18727
18733
18739
18745
18751
18757
18763
18769
18775
18781
18787
18793
18799
18805
18811
18817
18823
18829
18835
18841
18847
18853
18859
18865
18871
18877
18883
18889
18895
18901
18907
18913
18919
18925
18931
18937
18943
18949
18955
18961
18967
18973
18979
18985
18991
18997
19003
19009
19015
19021
19027
19033
19039
19045
19051
19057
19063
19069
19075
19081
19087
19093
19099
19105
19111
19117
19123
19129
19135
19141
19147
19153
19159
19165
19171
19177
19183
19189
19195
19201
19207
19213
19219
19225
19231
19237
19243
19249
19255
19261
19267
19273
19279
19285
19291
19297
19303
19309
19315
19321
19327
19333
19339
19345
19351
19357
19363
19369
19375
19381
19387
19393
19399
19405
19411
19417
19423
19429
19435
19441
19447
19453
19459
19465
19471
19477
19483
19489
19495
19501
19507
19513
19519
19525
19531
19537
19543
19549
19555
19561
19567
19573
19579
19585
19591
19597
19603
19609
19615
19621
19627
19633
19639
19645
19651
19657
19663
19669
19675
19681
19687
19693
19699
19705
19711
19717
19723
19729
19735
19741
19747
19753
19759
19765
19771
19777
19783
19789
19795
19801
19807
19813
19819
19825
19831
19837
19843
19849
19855
19861
19867
19873
19879
19885
19891
19897
19903
19909
19915
19921
19927
19933
19939
19945
19951
19957
19963
19969
19975
19981
19987
19993
19999
20004
20010
20016
20022
20028
20034
20040
20046
20052
20058
20064
20070
20076
20082
20088
20094
20100
20106
20112
20118
20124
20130
20136
20142
20148
20154
20160
20166
20172
20178
20184
20190
20196
20202
20208
20214
20220
20226
20232
20238
20244
20250
20256
20262
20268
20274
20280
20286
20292
20298
20304
20310
20316
20322
20328
20334
20340
20346
20352
20358
20364
20370
20376
20382
20388
20394
20400
20406
20412
20418
20424
20430
20436
20442
20448
20454
20460
20466
20472
20478
20484
20490
20496
20502
20508
20514
20520
20526
20532
20538
20544
20550
20556
20562
20568
20574
20580
20586
20592
20598
20604
20610
20616
20622
20628
20634
20640
20646
20652
20658
20664
20670
20676
20682
20688
20694
20700
20706
20712
20718
20724
20730
20736
20742
20748
20754
20760
20766
20772
20778
20784
20790
20796
20802
20808
20814
20820
20826
20832
20838
20844
20850
20856
20862
20868
20874
20880
20886
20892
20898
20904
20910
20916
20922
20928
20934
20940
20946
20952
20958
20964
20970
20976
20982
20988
20994
21000
21006
21012
21018
21024
21030
21036
21042
21048
21054
21060
21066
21072
21078
21084
21090
21096
21102
21108
21114
21120
21126
21132
21138
21144
21150
21156
21162
21168
21174
21180
21186
21192
21198
21204
21210
21216
21222
21228
21234
21240
21246
21252
21258
21264
21270
21276
21282
21288
21294
21300
21306
21312
21318
21324
21330
21336
21342
21348
21354
21360
21366
21372
21378
21384
21390
21396
21402
21408
21414
21420
21426
21432
21438
21444
21450
21456
21462
21468
21474
21480
21486
21492
21498
21504
21510
21516
21522
21528
21534
21540
21546
21552
21558
21564
21570
21576
21582
21588
21594
21600
21606
21612
21618
21624
21630
21636
21642
21648
21654
21660
21666
21672
21678
21684
21690
21696
21702
21708
21714
21720
21726
21732
21738
21744
21750
21756
21762
21768
21774
21780
21786
21792
21798
21804
21810
21816
21822
21828
21834
21840
21846
21852
21858
21864
21870
21876
21882
21888
21894
21900
21906
21912
21918
21924
21930
21936
21942
21948
21954
21960
21966
21972
21978
21984
21990
21996
22002
22008
22014
22020
22026
22032
22038
22044
22050
22056
22062
22068
22074
22080
22086
22092
22098
22104
22110
22116
22122
22128
22134
22140
22146
22152
22158
22164
22170
22176
22182
22188
22194
22200
22206
22212
22218
22224
22230
22236
22242
22248
22254
22260
22266
22272
22278
22284
22290
22296
22302
22308
22314
22320
22326
22332
22338
22344
22350
22356
22362
22368
22374
22380
22386
22392
22398
22404
22410
22416
22422
22428
22434
22440
22446
22452
22458
22464
22470
22476
22482
22488
22494
22500
22506
22512
22518
22524
22530
22536
22542
22548
22554
22560
22566
22572
22578
22584
22590
22596
22602
22608
22614
22620
22626
22632
22638
22644
22650
22656
22662
22668
22674
22680
22686
22692
22698
22704
22710
22716
22722
22728
22734
22740
22746
22752
22758
22764
22770
22776
22782
22788
22794
22800
22806
22812
22818
22824
22830
22836
22842
22848
22854
22860
22866
22872
22878
22884
22890
22896
22902
22908
22914
22920
22926
22932
22938
22944
22950
22956
22962
22968
22974
22980
22986
22992
22998
23004
23010
23016
23022
23028
23034
23040
23046
23052
23058
23064
23070
23076
23082
23088
23094
23100
23106
23112
23118
23124
23130
23136
23142
23148
23154
23160
23166
23172
23178
23184
23190
23196
23202
23208
23214
23220
23226
23232
23238
23244
23250
23256
23262
23268
23274
23280
23286
23292
23298
23304
23310
23316
23322
23328
23334
23340
23346
23352
23358
23364
23370
23376
23382
23388
23394
23400
23406
23412
23418
23424
23430
23436
23442
23448
23454
23460
23466
23472
23478
23484
23490
23496
23502
23508
23514
23520
23526
23532
23538
23544
23550
23556
23562
23568
23574
23580
23586
23592
23598
23604
23610
23616
23622
23628
23634
23640
23646
23652
23658
23664
23670
23676
23682
23688
23694
23700
23706
23712
23718
23724
23730
23736
23742
23748
23754
23760
23766
23772
23778
23784
23790
23796
23802
23808
23814
23820
23826
23832
23838
23844
23850
23856
23862
23868
23874
23880
23886
23892
23898
23904
23910
23916
23922
23928
23934
23940
23946
23952
23958
23964
23970
23976
23982
23988
23994
24000
24006
24012
24018
24024
24030
24036
24042
24048
24054
24060
24066
24072
24078
24084
24090
24096
24102
24108
24114
24120
24126
24132
24138
24144
24150
24156
24162
24168
24174
24180
24186
24192
24198
24204
24210
24216
24222
24228
24234
24240
24246
24252
24258
24264
24270
24276
24282
24288
24294
24300
24306
24312
24318
24324
24330
24336
24342
24348
24354
24360
24366
24372
24378
24384
24390
24396
24402
24408
24414
24420
24426
24432
24438
24444
24450
24456
24462
24468
24474
24480
24486
24492
24498
24504
24510
24516
24522
24528
24534
24540
24546
24552
24558
24564
24570
24576
24582
24588
24594
24600
24606
24612
24618
24624
24630
24636
24642
24648
24654
24660
24666
24672
24678
24684
24690
24696
24702
24708
24714
24720
24726
24732
24738
24744
24750
24756
24762
24768
24774
24780
24786
24792
24798
24804
24810
24816
24822
24828
24834
24840
24846
24852
24858
24864
24870
24876
24882
24888
24894
24900
24906
24912
24918
24924
24930
24936
24942
24948
24954
24960
24966
24972
24978
24984
24990
24996
25002
25008
25014
25020
25026
25032
25038
25044
25050
25056
25062
25068
25074
25080
25086
25092
25098
25104
25110
25116
25122
25128
25134
25140
25146
25152
25158
25164
25170
25176
25182
25188
25194
25200
25206
25212
25218
25224
25230
25236
25242
25248
25254
25260
25266
25272
25278
25284
25290
25296
25302
25308
25314
25320
25326
25332
25338
25344
25350
25356
25362
25368
25374
25380
25386
25392
25398
25404
25410
25416
25422
25428
25434
25440
25446
25452
25458
25464
25470
25476
25482
25488
25494
25500
25506
25512
25518
25524
25530
25536
25542
25548
25554
25560
25566
25572
25578
25584
25590
25596
25602
25608
25614
25620
25626
25632
25638
25644
25650
25656
25662
25668
25674
25680
25686
25692
25698
25704
25710
25716
25722
25728
25734
25740
25746
25752
25758
25764
25770
25776
25782
25788
25794
25800
25806
25812
25818
25824
25830
25836
25842
25848
25854
25860
25866
25872
25878
25884
25890
25896
25902
25908
25914
25920
25926
25932
25938
25944
25950
25956
25962
25968
25974
25980
25986
25992
25998
26004
26010
26016
26022
26028
26034
26040
26046
26052
26058
26064
26070
26076
26082
26088
26094
26100
26106
26112
26118
26124
26130
26136
26142
26148
26154
26160
26166
26172
26178
26184
26190
26196
26202
26208
26214
26220
26226
26232
26238
26244
26250
26256
26262
26268
26274
26280
26286
26292
26298
26304
26310
26316
26322
26328
26334
26340
26346
26352
26358
26364
26370
26376
26382
26388
26394
26400
26406
26412
26418
26424
26430
26436
26442
26448
26454
26460
26466
26472
26478
26484
26490
26496
26502
26508
26514
26520
26526
26532
26538
26544
26550
26556
26562
26568
26574
26580
26586
26592
26598
26604
26610
26616
26622
26628
26634
26640
26646
26652
26658
26664
26670
26676
26682
26688
26694
26700
26706
26712
26718
26724
26730
26736
26742
26748
26754
26760
26766
26772
26778
26784
26790
26796
26802
26808
26814
26820
26826
26832
26838
26844
26850
26856
26862
26868
26874
26880
26886
26892
26898
26904
26910
26916
26922
26928
26934
26940
26946
26952
26958
26964
26970
26976
26982
26988
26994
27000
27006
27012
27018
27024
27030
27036
27042
27048
27054
27060
27066
27072
27078
27084
27090
27096
27102
27108
27114
27120
27126
27132
27138
27144
27150
27156
27162
27168
27174
27180
27186
27192
27198
27204
27210
27216
27222
27228
27234
27240
27246
27252
27258
27264
27270
27276
27282
27288
27294
27300
27306
27312
27318
27324
27330
27336
27342
27348
27354
27360
27366
27372
27378
27384
27390
27396
27402
27408
27414
27420
27426
27432
27438
27444
27450
27456
27462
27468
27474
27480
27486
27492
27498
27504
27510
27516
27522
27528
27534
27540
27546
27552
27558
27564
27570
27576
27582
27588
27594
27600
27606
27612
27618
27624
27630
27636
27642
27648
27654
27660
27666
27672
27678
27684
27690
27696
27702
27708
27714
27720
27726
27732
27738
27744
27750
27756
27762
27768
27774
27780
27786
27792
27798
27804
27810
27816
27822
27828
27834
27840
27846
27852
27858
27864
27870
27876
27882
27888
27894
27900
27906
27912
27918
27924
27930
27936
27942
27948
27954
27960
27966
27972
27978
27984
27990
27996
28002
28008
28014
28020
28026
28032
28038
28044
28050
28056
28062
28068
28074
28080
28086
28092
28098
28104
28110
28116
28122
28128
28134
28140
28146
28152
28158
28164
28170
28176
28182
28188
28194
28200
28206
28212
28218
28224
28230
28236
28242
28248
28254
28260
28266
28272
28278
28284
28290
28296
28302
28308
28314
28320
28326
28332
28338
28344
28350
28356
28362
28368
28374
28380
28386
28392
28398
28404
28410
28416
28422
28428
28434
28440
28446
28452
28458
28464
28470
28476
28482
28488
28494
28500
28506
28512
28518
28524
28530
28536
28542
28548
28554
28560
28566
28572
28578
28584
28590
28596
28602
28608
28614
28620
28626
28632
28638
28644
28650
28656
28662
28668
28674
28680
28686
28692
28698
28704
28710
28716
28722
28728
28734
28740
28746
28752
28758
28764
28770
28776
28782
28788
28794
28800
28806
28812
28818
28824
28830
28836
28842
28848
28854
28860
28866
28872
28878
28884
28890
28896
28902
28908
28914
28920
28926
28932
28938
28944
28950
28956
28962
28968
28974
28980
28986
28992
28998
29004
29010
29016
29022
29028
29034
29040
29046
29052
29058
29064
29070
29076
29082
29088
29094
29100
29106
29112
29118
29124
29130
29136
29142
29148
29154
29160
29166
29172
29178
29184
29190
29196
29202
29208
29214
29220
29226
29232
29238
29244
29250
29256
29262
29268
29274
29280
29286
29292
29298
29304
29310
29316
29322
29328
29334
29340
29346
29352
29358
29364
29370
29376
29382
29388
29394
29400
29406
29412
29418
29424
29430
29436
29442
29448
29454
29460
29466
29472
29478
29484
29490
29496
29502
29508
29514
29520
29526
29532
29538
29544
29550
29556
29562
29568
29574
29580
29586
29592
29598
29604
29610
29616
29622
29628
29634
29640
29646
29652
29658
29664
29670
29676
29682
29688
29694
29700
29706
29712
29718
29724
29730
29736
29742
29748
29754
29760
29766
29772
29778
29784
29790
29796
29802
29808
29814
29820
29826
29832
29838
29844
29850
29856
29862
29868
29874
29880
29886
29892
29898
29904
29910
29916
29922
29928
29934
29940
29946
29952
29958
29964
29970
29976
29982
29988
29994
30000
30005
30011
30017
30023
30029
30035
30041
30047
30053
30059
30065
30071
30077
30083
30089
30095
30101
30107
30113
30119
30125
30131
30137
30143
30149
30155
30161
30167
30173
30179
30185
30191
30197
30203
30209
30215
30221
30227
30233
30239
30245
30251
30257
30263
30269
30275
30281
30287
30293
30299
30305
30311
30317
30323
30329
30335
30341
30347
30353
30359
30365
30371
30377
30383
30389
30395
30401
30407
30413
30419
30425
30431
30437
30443
30449
30455
30461
30467
30473
30479
30485
30491
30497
30503
30509
30515
30521
30527
30533
30539
30545
30551
30557
30563
30569
30575
30581
30587
30593
30599
30605
30611
30617
30623
30629
30635
30641
30647
30653
30659
30665
30671
30677
30683
30689
30695
30701
30707
30713
30719
30725
30731
30737
30743
30749
30755
30761
30767
30773
30779
30785
30791
30797
30803
30809
30815
30821
30827
30833
30839
30845
30851
30857
30863
30869
30875
30881
30887
30893
30899
30905
30911
30917
30923
30929
30935
30941
30947
30953
30959
30965
30971
30977
30983
30989
30995
31001
31007
31013
31019
31025
31031
31037
31043
31049
31055
31061
31067
31073
31079
31085
31091
31097
31103
31109
31115
31121
31127
31133
31139
31145
31151
31157
31163
31169
31175
31181
31187
31193
31199
31205
31211
31217
31223
31229
31235
31241
31247
31253
31259
31265
31271
31277
31283
31289
31295
31301
31307
31313
31319
31325
31331
31337
31343
31349
31355
31361
31367
31373
31379
31385
31391
31397
31403
31409
31415
31421
31427
31433
31439
31445
31451
31457
31463
31469
31475
31481
31487
31493
31499
31505
31511
31517
31523
31529
31535
31541
31547
31553
31559
31565
31571
31577
31583
31589
31595
31601
31607
31613
31619
31625
31631
31637
31643
31649
31655
31661
31667
31673
31679
31685
31691
31697
31703
31709
31715
31721
31727
31733
31739
31745
31751
31757
31763
31769
31775
31781
31787
31793
31799
31805
31811
31817
31823
31829
31835
31841
31847
31853
31859
31865
31871
31877
31883
31889
31895
31901
31907
31913
31919
31925
31931
31937
31943
31949
31955
31961
31967
31973
31979
31985
31991
31997
32003
32009
32015
32021
32027
32033
32039
32045
32051
32057
32063
32069
32075
32081
32087
32093
32099
32105
32111
32117
32123
32129
32135
32141
32147
32153
32159
32165
32171
32177
32183
32189
32195
32201
32207
32213
32219
32225
32231
32237
32243
32249
32255
32261
32267
32273
32279
32285
32291
32297
32303
32309
32315
32321
32327
32333
32339
32345
32351
32357
32363
32369
32375
32381
32387
32393
32399
32405
32411
32417
32423
32429
32435
32441
32447
32453
32459
32465
32471
32477
32483
32489
32495
32501
32507
32513
32519
32525
32531
32537
32543
32549
32555
32561
32567
32573
32579
32585
32591
32597
32603
32609
32615
32621
32627
32633
32639
32645
32651
32657
32663
32669
32675
32681
32687
32693
32699
32705
32711
32717
32723
32729
32735
32741
32747
32753
32759
32765
32771
32777
32783
32789
32795
32801
32807
32813
32819
32825
32831
32837
32843
32849
32855
32861
32867
32873
32879
32885
32891
32897
32903
32909
32915
32921
32927
32933
32939
32945
32951
32957
32963
32969
32975
32981
32987
32993
32999
33005
33011
33017
33023
33029
33035
33041
33047
33053
33059
33065
33071
33077
33083
33089
33095
33101
33107
33113
33119
33125
33131
33137
33143
33149
33155
33161
33167
33173
33179
33185
33191
33197
33203
33209
33215
33221
33227
33233
33239
33245
33251
33257
33263
33269
33275
33281
33287
33293
33299
33305
33311
33317
33323
33329
33335
33341
33347
33353
33359
33365
33371
33377
33383
33389
33395
33401
33407
33413
33419
33425
33431
33437
33443
33449
33455
33461
33467
33473
33479
33485
33491
33497
33503
33509
33515
33521
33527
33533
33539
33545
33551
33557
33563
33569
33575
33581
33587
33593
33599
33605
33611
33617
33623
33629
33635
33641
33647
33653
33659
33665
33671
33677
33683
33689
33695
33701
33707
33713
33719
33725
33731
33737
33743
33749
33755
33761
33767
33773
33779
33785
33791
33797
33803
33809
33815
33821
33827
33833
33839
33845
33851
33857
33863
33869
33875
33881
33887
33893
33899
33905
33911
33917
33923
33929
33935
33941
33947
33953
33959
33965
33971
33977
33983
33989
33995
34001
34007
34013
34019
34025
34031
34037
34043
34049
34055
34061
34067
34073
34079
34085
34091
34097
34103
34109
34115
34121
34127
34133
34139
34145
34151
34157
34163
34169
34175
34181
34187
34193
34199
34205
34211
34217
34223
34229
34235
34241
34247
34253
34259
34265
34271
34277
34283
34289
34295
34301
34307
34313
34319
34325
34331
34337
34343
34349
34355
34361
34367
34373
34379
34385
34391
34397
34403
34409
34415
34421
34427
34433
34439
34445
34451
34457
34463
34469
34475
34481
34487
34493
34499
34505
34511
34517
34523
34529
34535
34541
34547
34553
34559
34565
34571
34577
34583
34589
34595
34601
34607
34613
34619
34625
34631
34637
34643
34649
34655
34661
34667
34673
34679
34685
34691
34697
34703
34709
34715
34721
34727
34733
34739
34745
34751
34757
34763
34769
34775
34781
34787
34793
34799
34805
34811
34817
34823
34829
34835
34841
34847
34853
34859
34865
34871
34877
34883
34889
34895
34901
34907
34913
34919
34925
34931
34937
34943
34949
34955
34961
34967
34973
34979
34985
34991
34997
35003
35009
35015
35021
35027
35033
35039
35045
35051
35057
35063
35069
35075
35081
35087
35093
35099
35105
35111
35117
35123
35129
35135
35141
35147
35153
35159
35165
35171
35177
35183
35189
35195
35201
35207
35213
35219
35225
35231
35237
35243
35249
35255
35261
35267
35273
35279
35285
35291
35297
35303
35309
35315
35321
35327
35333
35339
35345
35351
35357
35363
35369
35375
35381
35387
35393
35399
35405
35411
35417
35423
35429
35435
35441
35447
35453
35459
35465
35471
35477
35483
35489
35495
35501
35507
35513
35519
35525
35531
35537
35543
35549
35555
35561
35567
35573
35579
35585
35591
35597
35603
35609
35615
35621
35627
35633
35639
35645
35651
35657
35663
35669
35675
35681
35687
35693
35699
35705
35711
35717
35723
35729
35735
35741
35747
35753
35759
35765
35771
35777
35783
35789
35795
35801
35807
35813
35819
35825
35831
35837
35843
35849
35855
35861
35867
35873
35879
35885
35891
35897
35903
35909
35915
35921
35927
35933
35939
35945
35951
35957
35963
35969
35975
35981
35987
35993
35999
36005
36011
36017
36023
36029
36035
36041
36047
36053
36059
36065
36071
36077
36083
36089
36095
36101
36107
36113
36119
36125
36131
36137
36143
36149
36155
36161
36167
36173
36179
36185
36191
36197
36203
36209
36215
36221
36227
36233
36239
36245
36251
36257
36263
36269
36275
36281
36287
36293
36299
36305
36311
36317
36323
36329
36335
36341
36347
36353
36359
36365
36371
36377
36383
36389
36395
36401
36407
36413
36419
36425
36431
36437
36443
36449
36455
36461
36467
36473
36479
36485
36491
36497
36503
36509
36515
36521
36527
36533
36539
36545
36551
36557
36563
36569
36575
36581
36587
36593
36599
36605
36611
36617
36623
36629
36635
36641
36647
36653
36659
36665
36671
36677
36683
36689
36695
36701
36707
36713
36719
36725
36731
36737
36743
36749
36755
36761
36767
36773
36779
36785
36791
36797
36803
36809
36815
36821
36827
36833
36839
36845
36851
36857
36863
36869
36875
36881
36887
36893
36899
36905
36911
36917
36923
36929
36935
36941
36947
36953
36959
36965
36971
36977
36983
36989
36995
37001
37007
37013
37019
37025
37031
37037
37043
37049
37055
37061
37067
37073
37079
37085
37091
37097
37103
37109
37115
37121
37127
37133
37139
37145
37151
37157
37163
37169
37175
37181
37187
37193
37199
37205
37211
37217
37223
37229
37235
37241
37247
37253
37259
37265
37271
37277
37283
37289
37295
37301
37307
37313
37319
37325
37331
37337
37343
37349
37355
37361
37367
37373
37379
37385
37391
37397
37403
37409
37415
37421
37427
37433
37439
37445
37451
37457
37463
37469
37475
37481
37487
37493
37499
37505
37511
37517
37523
37529
37535
37541
37547
37553
37559
37565
37571
37577
37583
37589
37595
37601
37607
37613
37619
37625
37631
37637
37643
37649
37655
37661
37667
37673
37679
37685
37691
37697
37703
37709
37715
37721
37727
37733
37739
37745
37751
37757
37763
37769
37775
37781
37787
37793
37799
37805
37811
37817
37823
37829
37835
37841
37847
37853
37859
37865
37871
37877
37883
37889
37895
37901
37907
37913
37919
37925
37931
37937
37943
37949
37955
37961
37967
37973
37979
37985
37991
37997
38003
38009
38015
38021
38027
38033
38039
38045
38051
38057
38063
38069
38075
38081
38087
38093
38099
38105
38111
38117
38123
38129
38135
38141
38147
38153
38159
38165
38171
38177
38183
38189
38195
38201
38207
38213
38219
38225
38231
38237
38243
38249
38255
38261
38267
38273
38279
38285
38291
38297
38303
38309
38315
38321
38327
38333
38339
38345
38351
38357
38363
38369
38375
38381
38387
38393
38399
38405
38411
38417
38423
38429
38435
38441
38447
38453
38459
38465
38471
38477
38483
38489
38495
38501
38507
38513
38519
38525
38531
38537
38543
38549
38555
38561
38567
38573
38579
38585
38591
38597
38603
38609
38615
38621
38627
38633
38639
38645
38651
38657
38663
38669
38675
38681
38687
38693
38699
38705
38711
38717
38723
38729
38735
38741
38747
38753
38759
38765
38771
38777
38783
38789
38795
38801
38807
38813
38819
38825
38831
38837
38843
38849
38855
38861
38867
38873
38879
38885
38891
38897
38903
38909
38915
38921
38927
38933
38939
38945
38951
38957
38963
38969
38975
38981
38987
38993
38999
39005
39011
39017
39023
39029
39035
39041
39047
39053
39059
39065
39071
39077
39083
39089
39095
39101
39107
39113
39119
39125
39131
39137
39143
39149
39155
39161
39167
39173
39179
39185
39191
39197
39203
39209
39215
39221
39227
39233
39239
39245
39251
39257
39263
39269
39275
39281
39287
39293
39299
39305
39311
39317
39323
39329
39335
39341
39347
39353
39359
39365
39371
39377
39383
39389
39395
39401
39407
39413
39419
39425
39431
39437
39443
39449
39455
39461
39467
39473
39479
39485
39491
39497
39503
39509
39515
39521
39527
39533
39539
39545
39551
39557
39563
39569
39575
39581
39587
39593
39599
39605
39611
39617
39623
39629
39635
39641
39647
39653
39659
39665
39671
39677
39683
39689
39695
39701
39707
39713
39719
39725
39731
39737
39743
39749
39755
39761
39767
39773
39779
39785
39791
39797
39803
39809
39815
39821
39827
39833
39839
39845
39851
39857
39863
39869
39875
39881
39887
39893
39899
39905
39911
39917
39923
39929
39935
39941
39947
39953
39959
39965
39971
39977
39983
39989
39995
40000
40006
40012
40018
40024
40030
40036
40042
40048
40054
40060
40066
40072
40078
40084
40090
40096
40102
40108
40114
40120
40126
40132
40138
40144
40150
40156
40162
40168
40174
40180
40186
40192
40198
40204
40210
40216
40222
40228
40234
40240
40246
40252
40258
40264
40270
40276
40282
40288
40294
40300
40306
40312
40318
40324
40330
40336
40342
40348
40354
40360
40366
40372
40378
40384
40390
40396
40402
40408
40414
40420
40426
40432
40438
40444
40450
40456
40462
40468
40474
40480
40486
40492
40498
40504
40510
40516
40522
40528
40534
40540
40546
40552
40558
40564
40570
40576
40582
40588
40594
40600
40606
40612
40618
40624
40630
40636
40642
40648
40654
40660
40666
40672
40678
40684
40690
40696
40702
40708
40714
40720
40726
40732
40738
40744
40750
40756
40762
40768
40774
40780
40786
40792
40798
40804
40810
40816
40822
40828
40834
40840
40846
40852
40858
40864
40870
40876
40882
40888
40894
40900
40906
40912
40918
40924
40930
40936
40942
40948
40954
40960
40966
40972
40978
40984
40990
40996
41002
41008
41014
41020
41026
41032
41038
41044
41050
41056
41062
41068
41074
41080
41086
41092
41098
41104
41110
41116
41122
41128
41134
41140
41146
41152
41158
41164
41170
41176
41182
41188
41194
41200
41206
41212
41218
41224
41230
41236
41242
41248
41254
41260
41266
41272
41278
41284
41290
41296
41302
41308
41314
41320
41326
41332
41338
41344
41350
41356
41362
41368
41374
41380
41386
41392
41398
41404
41410
41416
41422
41428
41434
41440
41446
41452
41458
41464
41470
41476
41482
41488
41494
41500
41506
41512
41518
41524
41530
41536
41542
41548
41554
41560
41566
41572
41578
41584
41590
41596
41602
41608
41614
41620
41626
41632
41638
41644
41650
41656
41662
41668
41674
41680
41686
41692
41698
41704
41710
41716
41722
41728
41734
41740
41746
41752
41758
41764
41770
41776
41782
41788
41794
41800
41806
41812
41818
41824
41830
41836
41842
41848
41854
41860
41866
41872
41878
41884
41890
41896
41902
41908
41914
41920
41926
41932
41938
41944
41950
41956
41962
41968
41974
41980
41986
41992
41998
42004
42010
42016
42022
42028
42034
42040
42046
42052
42058
42064
42070
42076
42082
42088
42094
42100
42106
42112
42118
42124
42130
42136
42142
42148
42154
42160
42166
42172
42178
42184
42190
42196
42202
42208
42214
42220
42226
42232
42238
42244
42250
42256
42262
42268
42274
42280
42286
42292
42298
42304
42310
42316
42322
42328
42334
42340
42346
42352
42358
42364
42370
42376
42382
42388
42394
42400
42406
42412
42418
42424
42430
42436
42442
42448
42454
42460
42466
42472
42478
42484
42490
42496
42502
42508
42514
42520
42526
42532
42538
42544
42550
42556
42562
42568
42574
42580
42586
42592
42598
42604
42610
42616
42622
42628
42634
42640
42646
42652
42658
42664
42670
42676
42682
42688
42694
42700
42706
42712
42718
42724
42730
42736
42742
42748
42754
42760
42766
42772
42778
42784
42790
42796
42802
42808
42814
42820
42826
42832
42838
42844
42850
42856
42862
42868
42874
42880
42886
42892
42898
42904
42910
42916
42922
42928
42934
42940
42946
42952
42958
42964
42970
42976
42982
42988
42994
43000
43006
43012
43018
43024
43030
43036
43042
43048
43054
43060
43066
43072
43078
43084
43090
43096
43102
43108
43114
43120
43126
43132
43138
43144
43150
43156
43162
43168
43174
43180
43186
43192
43198
43204
43210
43216
43222
43228
43234
43240
43246
43252
43258
43264
43270
43276
43282
43288
43294
43300
43306
43312
43318
43324
43330
43336
43342
43348
43354
43360
43366
43372
43378
43384
43390
43396
43402
43408
43414
43420
43426
43432
43438
43444
43450
43456
43462
43468
43474
43480
43486
43492
43498
43504
43510
43516
43522
43528
43534
43540
43546
43552
43558
43564
43570
43576
43582
43588
43594
43600
43606
43612
43618
43624
43630
43636
43642
43648
43654
43660
43666
43672
43678
43684
43690
43696
43702
43708
43714
43720
43726
43732
43738
43744
43750
43756
43762
43768
43774
43780
43786
43792
43798
43804
43810
43816
43822
43828
43834
43840
43846
43852
43858
43864
43870
43876
43882
43888
43894
43900
43906
43912
43918
43924
43930
43936
43942
43948
43954
43960
43966
43972
43978
43984
43990
43996
44002
44008
44014
44020
44026
44032
44038
44044
44050
44056
44062
44068
44074
44080
44086
44092
44098
44104
44110
44116
44122
44128
44134
44140
44146
44152
44158
44164
44170
44176
44182
44188
44194
44200
44206
44212
44218
44224
44230
44236
44242
44248
44254
44260
44266
44272
44278
44284
44290
44296
44302
44308
44314
44320
44326
44332
44338
44344
44350
44356
44362
44368
44374
44380
44386
44392
44398
44404
44410
44416
44422
44428
44434
44440
44446
44452
44458
44464
44470
44476
44482
44488
44494
44500
44506
44512
44518
44524
44530
44536
44542
44548
44554
44560
44566
44572
44578
44584
44590
44596
44602
44608
44614
44620
44626
44632
44638
44644
44650
44656
44662
44668
44674
44680
44686
44692
44698
44704
44710
44716
44722
44728
44734
44740
44746
44752
44758
44764
44770
44776
44782
44788
44794
44800
44806
44812
44818
44824
44830
44836
44842
44848
44854
44860
44866
44872
44878
44884
44890
44896
44902
44908
44914
44920
44926
44932
44938
44944
44950
44956
44962
44968
44974
44980
44986
44992
44998
45004
45010
45016
45022
45028
45034
45040
45046
45052
45058
45064
45070
45076
45082
45088
45094
45100
45106
45112
45118
45124
45130
45136
45142
45148
45154
45160
45166
45172
45178
45184
45190
45196
45202
45208
45214
45220
45226
45232
45238
45244
45250
45256
45262
45268
45274
45280
45286
45292
45298
45304
45310
45316
45322
45328
45334
45340
45346
45352
45358
45364
45370
45376
45382
45388
45394
45400
45406
45412
45418
45424
45430
45436
45442
45448
45454
45460
45466
45472
45478
45484
45490
45496
45502
45508
45514
45520
45526
45532
45538
45544
45550
45556
45562
45568
45574
45580
45586
45592
45598
45604
45610
45616
45622
45628
45634
45640
45646
45652
45658
45664
45670
45676
45682
45688
45694
45700
45706
45712
45718
45724
45730
45736
45742
45748
45754
45760
45766
45772
45778
45784
45790
45796
45802
45808
45814
45820
45826
45832
45838
45844
45850
45856
45862
45868
45874
45880
45886
45892
45898
45904
45910
45916
45922
45928
45934
45940
45946
45952
45958
45964
45970
45976
45982
45988
45994
46000
46006
46012
46018
46024
46030
46036
46042
46048
46054
46060
46066
46072
46078
46084
46090
46096
46102
46108
46114
46120
46126
46132
46138
46144
46150
46156
46162
46168
46174
46180
46186
46192
46198
46204
46210
46216
46222
46228
46234
46240
46246
46252
46258
46264
46270
46276
46282
46288
46294
46300
46306
46312
46318
46324
46330
46336
46342
46348
46354
46360
46366
46372
46378
46384
46390
46396
46402
46408
46414
46420
46426
46432
46438
46444
46450
46456
46462
46468
46474
46480
46486
46492
46498
46504
46510
46516
46522
46528
46534
46540
46546
46552
46558
46564
46570
46576
46582
46588
46594
46600
46606
46612
46618
46624
46630
46636
46642
46648
46654
46660
46666
46672
46678
46684
46690
46696
46702
46708
46714
46720
46726
46732
46738
46744
46750
46756
46762
46768
46774
46780
46786
46792
46798
46804
46810
46816
46822
46828
46834
46840
46846
46852
46858
46864
46870
46876
46882
46888
46894
46900
46906
46912
46918
46924
46930
46936
46942
46948
46954
46960
46966
46972
46978
46984
46990
46996
47002
47008
47014
47020
47026
47032
47038
47044
47050
47056
47062
47068
47074
47080
47086
47092
47098
47104
47110
47116
47122
47128
47134
47140
47146
47152
47158
47164
47170
47176
47182
47188
47194
47200
47206
47212
47218
47224
47230
47236
47242
47248
47254
47260
47266
47272
47278
47284
47290
47296
47302
47308
47314
47320
47326
47332
47338
47344
47350
47356
47362
47368
47374
47380
47386
47392
47398
47404
47410
47416
47422
47428
47434
47440
47446
47452
47458
47464
47470
47476
47482
47488
47494
47500
47506
47512
47518
47524
47530
47536
47542
47548
47554
47560
47566
47572
47578
47584
47590
47596
47602
47608
47614
47620
47626
47632
47638
47644
47650
47656
47662
47668
47674
47680
47686
47692
47698
47704
47710
47716
47722
47728
47734
47740
47746
47752
47758
47764
47770
47776
47782
47788
47794
47800
47806
47812
47818
47824
47830
47836
47842
47848
47854
47860
47866
47872
47878
47884
47890
47896
47902
47908
47914
47920
47926
47932
47938
47944
47950
47956
47962
47968
47974
47980
47986
47992
47998
48004
48010
48016
48022
48028
48034
48040
48046
48052
48058
48064
48070
48076
48082
48088
48094
48100
48106
48112
48118
48124
48130
48136
48142
48148
48154
48160
48166
48172
48178
48184
48190
48196
48202
48208
48214
48220
48226
48232
48238
48244
48250
48256
48262
48268
48274
48280
48286
48292
48298
48304
48310
48316
48322
48328
48334
48340
48346
48352
48358
48364
48370
48376
48382
48388
48394
48400
48406
48412
48418
48424
48430
48436
48442
48448
48454
48460
48466
48472
48478
48484
48490
48496
48502
48508
48514
48520
48526
48532
48538
48544
48550
48556
48562
48568
48574
48580
48586
48592
48598
48604
48610
48616
48622
48628
48634
48640
48646
48652
48658
48664
48670
48676
48682
48688
48694
48700
48706
48712
48718
48724
48730
48736
48742
48748
48754
48760
48766
48772
48778
48784
48790
48796
48802
48808
48814
48820
48826
48832
48838
48844
48850
48856
48862
48868
48874
48880
48886
48892
48898
48904
48910
48916
48922
48928
48934
48940
48946
48952
48958
48964
48970
48976
48982
48988
48994
49000
49006
49012
49018
49024
49030
49036
49042
49048
49054
49060
49066
49072
49078
49084
49090
49096
49102
49108
49114
49120
49126
49132
49138
49144
49150
49156
49162
49168
49174
49180
49186
49192
49198
49204
49210
49216
49222
49228
49234
49240
49246
49252
49258
49264
49270
49276
49282
49288
49294
49300
49306
49312
49318
49324
49330
49336
49342
49348
49354
49360
49366
49372
49378
49384
49390
49396
49402
49408
49414
49420
49426
49432
49438
49444
49450
49456
49462
49468
49474
49480
49486
49492
49498
49504
49510
49516
49522
49528
49534
49540
49546
49552
49558
49564
49570
49576
49582
49588
49594
49600
49606
49612
49618
49624
49630
49636
49642
49648
49654
49660
49666
49672
49678
49684
49690
49696
49702
49708
49714
49720
49726
49732
49738
49744
49750
49756
49762
49768
49774
49780
49786
49792
49798
49804
49810
49816
49822
49828
49834
49840
49846
49852
49858
49864
49870
49876
49882
49888
49894
49900
49906
49912
49918
49924
49930
49936
49942
49948
49954
49960
49966
49972
49978
49984
49990
49996
50001
50007
50013
50019
50025
50031
50037
50043
50049
50055
50061
50067
50073
50079
50085
50091
50097
50103
50109
50115
50121
50127
50133
50139
50145
50151
50157
50163
50169
50175
50181
50187
50193
50199
50205
50211
50217
50223
50229
50235
50241
50247
50253
50259
50265
50271
50277
50283
50289
50295
50301
50307
50313
50319
50325
50331
50337
50343
50349
50355
50361
50367
50373
50379
50385
50391
50397
50403
50409
50415
50421
50427
50433
50439
50445
50451
50457
50463
50469
50475
50481
50487
50493
50499
50505
50511
50517
50523
50529
50535
50541
50547
50553
50559
50565
50571
50577
50583
50589
50595
50601
50607
50613
50619
50625
50631
50637
50643
50649
50655
50661
50667
50673
50679
50685
50691
50697
50703
50709
50715
50721
50727
50733
50739
50745
50751
50757
50763
50769
50775
50781
50787
50793
50799
50805
50811
50817
50823
50829
50835
50841
50847
50853
50859
50865
50871
50877
50883
50889
50895
50901
50907
50913
50919
50925
50931
50937
50943
50949
50955
50961
50967
50973
50979
50985
50991
50997
51003
51009
51015
51021
51027
51033
51039
51045
51051
51057
51063
51069
51075
51081
51087
51093
51099
51105
51111
51117
51123
51129
51135
51141
51147
51153
51159
51165
51171
51177
51183
51189
51195
51201
51207
51213
51219
51225
51231
51237
51243
51249
51255
51261
51267
51273
51279
51285
51291
51297
51303
51309
51315
51321
51327
51333
51339
51345
51351
51357
51363
51369
51375
51381
51387
51393
51399
51405
51411
51417
51423
51429
51435
51441
51447
51453
51459
51465
51471
51477
51483
51489
51495
51501
51507
51513
51519
51525
51531
51537
51543
51549
51555
51561
51567
51573
51579
51585
51591
51597
51603
51609
51615
51621
51627
51633
51639
51645
51651
51657
51663
51669
51675
51681
51687
51693
51699
51705
51711
51717
51723
51729
51735
51741
51747
51753
51759
51765
51771
51777
51783
51789
51795
51801
51807
51813
51819
51825
51831
51837
51843
51849
51855
51861
51867
51873
51879
51885
51891
51897
51903
51909
51915
51921
51927
51933
51939
51945
51951
51957
51963
51969
51975
51981
51987
51993
51999
52005
52011
52017
52023
52029
52035
52041
52047
52053
52059
52065
52071
52077
52083
52089
52095
52101
52107
52113
52119
52125
52131
52137
52143
52149
52155
52161
52167
52173
52179
52185
52191
52197
52203
52209
52215
52221
52227
52233
52239
52245
52251
52257
52263
52269
52275
52281
52287
52293
52299
52305
52311
52317
52323
52329
52335
52341
52347
52353
52359
52365
52371
52377
52383
52389
52395
52401
52407
52413
52419
52425
52431
52437
52443
52449
52455
52461
52467
52473
52479
52485
52491
52497
52503
52509
52515
52521
52527
52533
52539
52545
52551
52557
52563
52569
52575
52581
52587
52593
52599
52605
52611
52617
52623
52629
52635
52641
52647
52653
52659
52665
52671
52677
52683
52689
52695
52701
52707
52713
52719
52725
52731
52737
52743
52749
52755
52761
52767
52773
52779
52785
52791
52797
52803
52809
52815
52821
52827
52833
52839
52845
52851
52857
52863
52869
52875
52881
52887
52893
52899
52905
52911
52917
52923
52929
52935
52941
52947
52953
52959
52965
52971
52977
52983
52989
52995
53001
53007
53013
53019
53025
53031
53037
53043
53049
53055
53061
53067
53073
53079
53085
53091
53097
53103
53109
53115
53121
53127
53133
53139
53145
53151
53157
53163
53169
53175
53181
53187
53193
53199
53205
53211
53217
53223
53229
53235
53241
53247
53253
53259
53265
53271
53277
53283
53289
53295
53301
53307
53313
53319
53325
53331
53337
53343
53349
53355
53361
53367
53373
53379
53385
53391
53397
53403
53409
53415
53421
53427
53433
53439
53445
53451
53457
53463
53469
53475
53481
53487
53493
53499
53505
53511
53517
53523
53529
53535
53541
53547
53553
53559
53565
53571
53577
53583
53589
53595
53601
53607
53613
53619
53625
53631
53637
53643
53649
53655
53661
53667
53673
53679
53685
53691
53697
53703
53709
53715
53721
53727
53733
53739
53745
53751
53757
53763
53769
53775
53781
53787
53793
53799
53805
53811
53817
53823
53829
53835
53841
53847
53853
53859
53865
53871
53877
53883
53889
53895
53901
53907
53913
53919
53925
53931
53937
53943
53949
53955
53961
53967
53973
53979
53985
53991
53997
54003
54009
54015
54021
54027
54033
54039
54045
54051
54057
54063
54069
54075
54081
54087
54093
54099
54105
54111
54117
54123
54129
54135
54141
54147
54153
54159
54165
54171
54177
54183
54189
54195
54201
54207
54213
54219
54225
54231
54237
54243
54249
54255
54261
54267
54273
54279
54285
54291
54297
54303
54309
54315
54321
54327
54333
54339
54345
54351
54357
54363
54369
54375
54381
54387
54393
54399
54405
54411
54417
54423
54429
54435
54441
54447
54453
54459
54465
54471
54477
54483
54489
54495
54501
54507
54513
54519
54525
54531
54537
54543
54549
54555
54561
54567
54573
54579
54585
54591
54597
54603
54609
54615
54621
54627
54633
54639
54645
54651
54657
54663
54669
54675
54681
54687
54693
54699
54705
54711
54717
54723
54729
54735
54741
54747
54753
54759
54765
54771
54777
54783
54789
54795
54801
54807
54813
54819
54825
54831
54837
54843
54849
54855
54861
54867
54873
54879
54885
54891
54897
54903
54909
54915
54921
54927
54933
54939
54945
54951
54957
54963
54969
54975
54981
54987
54993
54999
55005
55011
55017
55023
55029
55035
55041
55047
55053
55059
55065
55071
55077
55083
55089
55095
55101
55107
55113
55119
55125
55131
55137
55143
55149
55155
55161
55167
55173
55179
55185
55191
55197
55203
55209
55215
55221
55227
55233
55239
55245
55251
55257
55263
55269
55275
55281
55287
55293
55299
55305
55311
55317
55323
55329
55335
55341
55347
55353
55359
55365
55371
55377
55383
55389
55395
55401
55407
55413
55419
55425
55431
55437
55443
55449
55455
55461
55467
55473
55479
55485
55491
55497
55503
55509
55515
55521
55527
55533
55539
55545
55551
55557
55563
55569
55575
55581
55587
55593
55599
55605
55611
55617
55623
55629
55635
55641
55647
55653
55659
55665
55671
55677
55683
55689
55695
55701
55707
55713
55719
55725
55731
55737
55743
55749
55755
55761
55767
55773
55779
55785
55791
55797
55803
55809
55815
55821
55827
55833
55839
55845
55851
55857
55863
55869
55875
55881
55887
55893
55899
55905
55911
55917
55923
55929
55935
55941
55947
55953
55959
55965
55971
55977
55983
55989
55995
56001
56007
56013
56019
56025
56031
56037
56043
56049
56055
56061
56067
56073
56079
56085
56091
56097
56103
56109
56115
56121
56127
56133
56139
56145
56151
56157
56163
56169
56175
56181
56187
56193
56199
56205
56211
56217
56223
56229
56235
56241
56247
56253
56259
56265
56271
56277
56283
56289
56295
56301
56307
56313
56319
56325
56331
56337
56343
56349
56355
56361
56367
56373
56379
56385
56391
56397
56403
56409
56415
56421
56427
56433
56439
56445
56451
56457
56463
56469
56475
56481
56487
56493
56499
56505
56511
56517
56523
56529
56535
56541
56547
56553
56559
56565
56571
56577
56583
56589
56595
56601
56607
56613
56619
56625
56631
56637
56643
56649
56655
56661
56667
56673
56679
56685
56691
56697
56703
56709
56715
56721
56727
56733
56739
56745
56751
56757
56763
56769
56775
56781
56787
56793
56799
56805
56811
56817
56823
56829
56835
56841
56847
56853
56859
56865
56871
56877
56883
56889
56895
56901
56907
56913
56919
56925
56931
56937
56943
56949
56955
56961
56967
56973
56979
56985
56991
56997
57003
57009
57015
57021
57027
57033
57039
57045
57051
57057
57063
57069
57075
57081
57087
57093
57099
57105
57111
57117
57123
57129
57135
57141
57147
57153
57159
57165
57171
57177
57183
57189
57195
57201
57207
57213
57219
57225
57231
57237
57243
57249
57255
57261
57267
57273
57279
57285
57291
57297
57303
57309
57315
57321
57327
57333
57339
57345
57351
57357
57363
57369
57375
57381
57387
57393
57399
57405
57411
57417
57423
57429
57435
57441
57447
57453
57459
57465
57471
57477
57483
57489
57495
57501
57507
57513
57519
57525
57531
57537
57543
57549
57555
57561
57567
57573
57579
57585
57591
57597
57603
57609
57615
57621
57627
57633
57639
57645
57651
57657
57663
57669
57675
57681
57687
57693
57699
57705
57711
57717
57723
57729
57735
57741
57747
57753
57759
57765
57771
57777
57783
57789
57795
57801
57807
57813
57819
57825
57831
57837
57843
57849
57855
57861
57867
57873
57879
57885
57891
57897
57903
57909
57915
57921
57927
57933
57939
57945
57951
57957
57963
57969
57975
57981
57987
57993
57999
58005
58011
58017
58023
58029
58035
58041
58047
58053
58059
58065
58071
58077
58083
58089
58095
58101
58107
58113
58119
58125
58131
58137
58143
58149
58155
58161
58167
58173
58179
58185
58191
58197
58203
58209
58215
58221
58227
58233
58239
58245
58251
58257
58263
58269
58275
58281
58287
58293
58299
58305
58311
58317
58323
58329
58335
58341
58347
58353
58359
58365
58371
58377
58383
58389
58395
58401
58407
58413
58419
58425
58431
58437
58443
58449
58455
58461
58467
58473
58479
58485
58491
58497
58503
58509
58515
58521
58527
58533
58539
58545
58551
58557
58563
58569
58575
58581
58587
58593
58599
58605
58611
58617
58623
58629
58635
58641
58647
58653
58659
58665
58671
58677
58683
58689
58695
58701
58707
58713
58719
58725
58731
58737
58743
58749
58755
58761
58767
58773
58779
58785
58791
58797
58803
58809
58815
58821
58827
58833
58839
58845
58851
58857
58863
58869
58875
58881
58887
58893
58899
58905
58911
58917
58923
58929
58935
58941
58947
58953
58959
58965
58971
58977
58983
58989
58995
59001
59007
59013
59019
59025
59031
59037
59043
59049
59055
59061
59067
59073
59079
59085
59091
59097
59103
59109
59115
59121
59127
59133
59139
59145
59151
59157
59163
59169
59175
59181
59187
59193
59199
59205
59211
59217
59223
59229
59235
59241
59247
59253
59259
59265
59271
59277
59283
59289
59295
59301
59307
59313
59319
59325
59331
59337
59343
59349
59355
59361
59367
59373
59379
59385
59391
59397
59403
59409
59415
59421
59427
59433
59439
59445
59451
59457
59463
59469
59475
59481
59487
59493
59499
59505
59511
59517
59523
59529
59535
59541
59547
59553
59559
59565
59571
59577
59583
59589
59595
59601
59607
59613
59619
59625
59631
59637
59643
59649
59655
59661
59667
59673
59679
59685
59691
59697
59703
59709
59715
59721
59727
59733
59739
59745
59751
59757
59763
59769
59775
59781
59787
59793
59799
59805
59811
59817
59823
59829
59835
59841
59847
59853
59859
59865
59871
59877
59883
59889
59895
59901
59907
59913
59919
59925
59931
59937
59943
59949
59955
59961
59967
59973
59979
59985
59991
59997
60003
60009
60015
60021
60027
60033
60039
60045
60051
60057
60063
60069
60075
60081
60087
60093
60099
60105
60111
60117
60123
60129
60135
60141
60147
60153
60159
60165
60171
60177
60183
60189
60195
60201
60207
60213
60219
60225
60231
60237
60243
60249
60255
60261
60267
60273
60279
60285
60291
60297
60303
60309
60315
60321
60327
60333
60339
60345
60351
60357
60363
60369
60375
60381
60387
60393
60399
60405
60411
60417
60423
60429
60435
60441
60447
60453
60459
60465
60471
60477
60483
60489
60495
60501
60507
60513
60519
60525
60531
60537
60543
60549
60555
60561
60567
60573
60579
60585
60591
60597
60603
60609
60615
60621
60627
60633
60639
60645
60651
60657
60663
60669
60675
60681
60687
60693
60699
60705
60711
60717
60723
60729
60735
60741
60747
60753
60759
60765
60771
60777
60783
60789
60795
60801
60807
60813
60819
60825
60831
60837
60843
60849
60855
60861
60867
60873
60879
60885
60891
60897
60903
60909
60915
60921
60927
60933
60939
60945
60951
60957
60963
60969
60975
60981
60987
60993
60999
61005
61011
61017
61023
61029
61035
61041
61047
61053
61059
61065
61071
61077
61083
61089
61095
61101
61107
61113
61119
61125
61131
61137
61143
61149
61155
61161
61167
61173
61179
61185
61191
61197
61203
61209
61215
61221
61227
61233
61239
61245
61251
61257
61263
61269
61275
61281
61287
61293
61299
61305
61311
61317
61323
61329
61335
61341
61347
61353
61359
61365
61371
61377
61383
61389
61395
61401
61407
61413
61419
61425
61431
61437
61443
61449
61455
61461
61467
61473
61479
61485
61491
61497
61503
61509
61515
61521
61527
61533
61539
61545
61551
61557
61563
61569
61575
61581
61587
61593
61599
61605
61611
61617
61623
61629
61635
61641
61647
61653
61659
61665
61671
61677
61683
61689
61695
61701
61707
61713
61719
61725
61731
61737
61743
61749
61755
61761
61767
61773
61779
61785
61791
61797
61803
61809
61815
61821
61827
61833
61839
61845
61851
61857
61863
61869
61875
61881
61887
61893
61899
61905
61911
61917
61923
61929
61935
61941
61947
61953
61959
61965
61971
61977
61983
61989
61995
62001
62007
62013
62019
62025
62031
62037
62043
62049
62055
62061
62067
62073
62079
62085
62091
62097
62103
62109
62115
62121
62127
62133
62139
62145
62151
62157
62163
62169
62175
62181
62187
62193
62199
62205
62211
62217
62223
62229
62235
62241
62247
62253
62259
62265
62271
62277
62283
62289
62295
62301
62307
62313
62319
62325
62331
62337
62343
62349
62355
62361
62367
62373
62379
62385
62391
62397
62403
62409
62415
62421
62427
62433
62439
62445
62451
62457
62463
62469
62475
62481
62487
62493
62499
62505
62511
62517
62523
62529
62535
62541
62547
62553
62559
62565
62571
62577
62583
62589
62595
62601
62607
62613
62619
62625
62631
62637
62643
62649
62655
62661
62667
62673
62679
62685
62691
62697
62703
62709
62715
62721
62727
62733
62739
62745
62751
62757
62763
62769
62775
62781
62787
62793
62799
62805
62811
62817
62823
62829
62835
62841
62847
62853
62859
62865
62871
62877
62883
62889
62895
62901
62907
62913
62919
62925
62931
62937
62943
62949
62955
62961
62967
62973
62979
62985
62991
62997
63003
63009
63015
63021
63027
63033
63039
63045
63051
63057
63063
63069
63075
63081
63087
63093
63099
63105
63111
63117
63123
63129
63135
63141
63147
63153
63159
63165
63171
63177
63183
63189
63195
63201
63207
63213
63219
63225
63231
63237
63243
63249
63255
63261
63267
63273
63279
63285
63291
63297
63303
63309
63315
63321
63327
63333
63339
63345
63351
63357
63363
63369
63375
63381
63387
63393
63399
63405
63411
63417
63423
63429
63435
63441
63447
63453
63459
63465
63471
63477
63483
63489
63495
63501
63507
63513
63519
63525
63531
63537
63543
63549
63555
63561
63567
63573
63579
63585
63591
63597
63603
63609
63615
63621
63627
63633
63639
63645
63651
63657
63663
63669
63675
63681
63687
63693
63699
63705
63711
63717
63723
63729
63735
63741
63747
63753
63759
63765
63771
63777
63783
63789
63795
63801
63807
63813
63819
63825
63831
63837
63843
63849
63855
63861
63867
63873
63879
63885
63891
63897
63903
63909
63915
63921
63927
63933
63939
63945
63951
63957
63963
63969
63975
63981
63987
63993
63999
64005
64011
64017
64023
64029
64035
64041
64047
64053
64059
64065
64071
64077
64083
64089
64095
64101
64107
64113
64119
64125
64131
64137
64143
64149
64155
64161
64167
64173
64179
64185
64191
64197
64203
64209
64215
64221
64227
64233
64239
64245
64251
64257
64263
64269
64275
64281
64287
64293
64299
64305
64311
64317
64323
64329
64335
64341
64347
64353
64359
64365
64371
64377
64383
64389
64395
64401
64407
64413
64419
64425
64431
64437
64443
64449
64455
64461
64467
64473
64479
64485
64491
64497
64503
64509
64515
64521
64527
64533
64539
64545
64551
64557
64563
64569
64575
64581
64587
64593
64599
64605
64611
64617
64623
64629
64635
64641
64647
64653
64659
64665
64671
64677
64683
64689
64695
64701
64707
64713
64719
64725
64731
64737
64743
64749
64755
64761
64767
64773
64779
64785
64791
64797
64803
64809
64815
64821
64827
64833
64839
64845
64851
64857
64863
64869
64875
64881
64887
64893
64899
64905
64911
64917
64923
64929
64935
64941
64947
64953
64959
64965
64971
64977
64983
64989
64995
65001
65007
65013
65019
65025
65031
65037
65043
65049
65055
65061
65067
65073
65079
65085
65091
65097
65103
65109
65115
65121
65127
65133
65139
65145
65151
65157
65163
65169
65175
65181
65187
65193
65199
65205
65211
65217
65223
65229
65235
65241
65247
65253
65259
65265
65271
65277
65283
65289
65295
65301
65307
65313
65319
65325
65331
65337
65343
65349
65355
65361
65367
65373
65379
65385
65391
65397
65403
65409
65415
65421
65427
65433
65439
65445
65451
65457
65463
65469
65475
65481
65487
65493
65499
65505
65511
65517
65523
65529
65535
65541
65547
65553
65559
65565
65571
65577
65583
65589
65595
65601
65607
65613
65619
65625
65631
65637
65643
65649
65655
65661
65667
65673
65679
65685
65691
65697
65703
65709
65715
65721
65727
65733
65739
65745
65751
65757
65763
65769
65775
65781
65787
65793
65799
65805
65811
65817
65823
65829
65835
65841
65847
65853
65859
65865
65871
65877
65883
65889
65895
65901
65907
65913
65919
65925
65931
65937
65943
65949
65955
65961
65967
65973
65979
65985
65991
65997
66003
66009
66015
66021
66027
66033
66039
66045
66051
66057
66063
66069
66075
66081
66087
66093
66099
66105
66111
66117
66123
66129
66135
66141
66147
66153
66159
66165
66171
66177
66183
66189
66195
66201
66207
66213
66219
66225
66231
66237
66243
66249
66255
66261
66267
66273
66279
66285
66291
66297
66303
66309
66315
66321
66327
66333
66339
66345
66351
66357
66363
66369
66375
66381
66387
66393
66399
66405
66411
66417
66423
66429
66435
66441
66447
66453
66459
66465
66471
66477
66483
66489
66495
66501
66507
66513
66519
66525
66531
66537
66543
66549
66555
66561
66567
66573
66579
66585
66591
66597
66603
66609
66615
66621
66627
66633
66639
66645
66651
66657
66663
66669
66675
66681
66687
66693
66699
66705
66711
66717
66723
66729
66735
66741
66747
66753
66759
66765
66771
66777
66783
66789
66795
66801
66807
66813
66819
66825
66831
66837
66843
66849
66855
66861
66867
66873
66879
66885
66891
66897
66903
66909
66915
66921
66927
66933
66939
66945
66951
66957
66963
66969
66975
66981
66987
66993
66999
67005
67011
67017
67023
67029
67035
67041
67047
67053
67059
67065
67071
67077
67083
67089
67095
67101
67107
67113
67119
67125
67131
67137
67143
67149
67155
67161
67167
67173
67179
67185
67191
67197
67203
67209
67215
67221
67227
67233
67239
67245
67251
67257
67263
67269
67275
67281
67287
67293
67299
67305
67311
67317
67323
67329
67335
67341
67347
67353
67359
67365
67371
67377
67383
67389
67395
67401
67407
67413
67419
67425
67431
67437
67443
67449
67455
67461
67467
67473
67479
67485
67491
67497
67503
67509
67515
67521
67527
67533
67539
67545
67551
67557
67563
67569
67575
67581
67587
67593
67599
67605
67611
67617
67623
67629
67635
67641
67647
67653
67659
67665
67671
67677
67683
67689
67695
67701
67707
67713
67719
67725
67731
67737
67743
67749
67755
67761
67767
67773
67779
67785
67791
67797
67803
67809
67815
67821
67827
67833
67839
67845
67851
67857
67863
67869
67875
67881
67887
67893
67899
67905
67911
67917
67923
67929
67935
67941
67947
67953
67959
67965
67971
67977
67983
67989
67995
68001
68007
68013
68019
68025
68031
68037
68043
68049
68055
68061
68067
68073
68079
68085
68091
68097
68103
68109
68115
68121
68127
68133
68139
68145
68151
68157
68163
68169
68175
68181
68187
68193
68199
68205
68211
68217
68223
68229
68235
68241
68247
68253
68259
68265
68271
68277
68283
68289
68295
68301
68307
68313
68319
68325
68331
68337
68343
68349
68355
68361
68367
68373
68379
68385
68391
68397
68403
68409
68415
68421
68427
68433
68439
68445
68451
68457
68463
68469
68475
68481
68487
68493
68499
68505
68511
68517
68523
68529
68535
68541
68547
68553
68559
68565
68571
68577
68583
68589
68595
68601
68607
68613
68619
68625
68631
68637
68643
68649
68655
68661
68667
68673
68679
68685
68691
68697
68703
68709
68715
68721
68727
68733
68739
68745
68751
68757
68763
68769
68775
68781
68787
68793
68799
68805
68811
68817
68823
68829
68835
68841
68847
68853
68859
68865
68871
68877
68883
68889
68895
68901
68907
68913
68919
68925
68931
68937
68943
68949
68955
68961
68967
68973
68979
68985
68991
68997
69003
69009
69015
69021
69027
69033
69039
69045
69051
69057
69063
69069
69075
69081
69087
69093
69099
69105
69111
69117
69123
69129
69135
69141
69147
69153
69159
69165
69171
69177
69183
69189
69195
69201
69207
69213
69219
69225
69231
69237
69243
69249
69255
69261
69267
69273
69279
69285
69291
69297
69303
69309
69315
69321
69327
69333
69339
69345
69351
69357
69363
69369
69375
69381
69387
69393
69399
69405
69411
69417
69423
69429
69435
69441
69447
69453
69459
69465
69471
69477
69483
69489
69495
69501
69507
69513
69519
69525
69531
69537
69543
69549
69555
69561
69567
69573
69579
69585
69591
69597
69603
69609
69615
69621
69627
69633
69639
69645
69651
69657
69663
69669
69675
69681
69687
69693
69699
69705
69711
69717
69723
69729
69735
69741
69747
69753
69759
69765
69771
69777
69783
69789
69795
69801
69807
69813
69819
69825
69831
69837
69843
69849
69855
69861
69867
69873
69879
69885
69891
69897
69903
69909
69915
69921
69927
69933
69939
69945
69951
69957
69963
69969
69975
69981
69987
69993
69999
70005
70011
70017
70023
70029
70035
70041
70047
70053
70059
70065
70071
70077
70083
70089
70095
70101
70107
70113
70119
70125
70131
70137
70143
70149
70155
70161
70167
70173
70179
70185
70191
70197
70203
70209
70215
70221
70227
70233
70239
70245
70251
70257
70263
70269
70275
70281
70287
70293
70299
70305
70311
70317
70323
70329
70335
70341
70347
70353
70359
70365
70371
70377
70383
70389
70395
70401
70407
70413
70419
70425
70431
70437
70443
70449
70455
70461
70467
70473
70479
70485
70491
70497
70503
70509
70515
70521
70527
70533
70539
70545
70551
70557
70563
70569
70575
70581
70587
70593
70599
70605
70611
70617
70623
70629
70635
70641
70647
70653
70659
70665
70671
70677
70683
70689
70695
70701
70707
70713
70719
70725
70731
70737
70743
70749
70755
70761
70767
70773
70779
70785
70791
70797
70803
70809
70815
70821
70827
70833
70839
70845
70851
70857
70863
70869
70875
70881
70887
70893
70899
70905
70911
70917
70923
70929
70935
70941
70947
70953
70959
70965
70971
70977
70983
70989
70995
71001
71007
71013
71019
71025
71031
71037
71043
71049
71055
71061
71067
71073
71079
71085
71091
71097
71103
71109
71115
71121
71127
71133
71139
71145
71151
71157
71163
71169
71175
71181
71187
71193
71199
71205
71211
71217
71223
71229
71235
71241
71247
71253
71259
71265
71271
71277
71283
71289
71295
71301
71307
71313
71319
71325
71331
71337
71343
71349
71355
71361
71367
71373
71379
71385
71391
71397
71403
71409
71415
71421
71427
71433
71439
71445
71451
71457
71463
71469
71475
71481
71487
71493
71499
71505
71511
71517
71523
71529
71535
71541
71547
71553
71559
71565
71571
71577
71583
71589
71595
71601
71607
71613
71619
71625
71631
71637
71643
71649
71655
71661
71667
71673
71679
71685
71691
71697
71703
71709
71715
71721
71727
71733
71739
71745
71751
71757
71763
71769
71775
71781
71787
71793
71799
71805
71811
71817
71823
71829
71835
71841
71847
71853
71859
71865
71871
71877
71883
71889
71895
71901
71907
71913
71919
71925
71931
71937
71943
71949
71955
71961
71967
71973
71979
71985
71991
71997
72003
72009
72015
72021
72027
72033
72039
72045
72051
72057
72063
72069
72075
72081
72087
72093
72099
72105
72111
72117
72123
72129
72135
72141
72147
72153
72159
72165
72171
72177
72183
72189
72195
72201
72207
72213
72219
72225
72231
72237
72243
72249
72255
72261
72267
72273
72279
72285
72291
72297
72303
72309
72315
72321
72327
72333
72339
72345
72351
72357
72363
72369
72375
72381
72387
72393
72399
72405
72411
72417
72423
72429
72435
72441
72447
72453
72459
72465
72471
72477
72483
72489
72495
72501
72507
72513
72519
72525
72531
72537
72543
72549
72555
72561
72567
72573
72579
72585
72591
72597
72603
72609
72615
72621
72627
72633
72639
72645
72651
72657
72663
72669
72675
72681
72687
72693
72699
72705
72711
72717
72723
72729
72735
72741
72747
72753
72759
72765
72771
72777
72783
72789
72795
72801
72807
72813
72819
72825
72831
72837
72843
72849
72855
72861
72867
72873
72879
72885
72891
72897
72903
72909
72915
72921
72927
72933
72939
72945
72951
72957
72963
72969
72975
72981
72987
72993
72999
73005
73011
73017
73023
73029
73035
73041
73047
73053
73059
73065
73071
73077
73083
73089
73095
73101
73107
73113
73119
73125
73131
73137
73143
73149
73155
73161
73167
73173
73179
73185
73191
73197
73203
73209
73215
73221
73227
73233
73239
73245
73251
73257
73263
73269
73275
73281
73287
73293
73299
73305
73311
73317
73323
73329
73335
73341
73347
73353
73359
73365
73371
73377
73383
73389
73395
73401
73407
73413
73419
73425
73431
73437
73443
73449
73455
73461
73467
73473
73479
73485
73491
73497
73503
73509
73515
73521
73527
73533
73539
73545
73551
73557
73563
73569
73575
73581
73587
73593
73599
73605
73611
73617
73623
73629
73635
73641
73647
73653
73659
73665
73671
73677
73683
73689
73695
73701
73707
73713
73719
73725
73731
73737
73743
73749
73755
73761
73767
73773
73779
73785
73791
73797
73803
73809
73815
73821
73827
73833
73839
73845
73851
73857
73863
73869
73875
73881
73887
73893
73899
73905
73911
73917
73923
73929
73935
73941
73947
73953
73959
73965
73971
73977
73983
73989
73995
74001
74007
74013
74019
74025
74031
74037
74043
74049
74055
74061
74067
74073
74079
74085
74091
74097
74103
74109
74115
74121
74127
74133
74139
74145
74151
74157
74163
74169
74175
74181
74187
74193
74199
74205
74211
74217
74223
74229
74235
74241
74247
74253
74259
74265
74271
74277
74283
74289
74295
74301
74307
74313
74319
74325
74331
74337
74343
74349
74355
74361
74367
74373
74379
74385
74391
74397
74403
74409
74415
74421
74427
74433
74439
74445
74451
74457
74463
74469
74475
74481
74487
74493
74499
74505
74511
74517
74523
74529
74535
74541
74547
74553
74559
74565
74571
74577
74583
74589
74595
74601
74607
74613
74619
74625
74631
74637
74643
74649
74655
74661
74667
74673
74679
74685
74691
74697
74703
74709
74715
74721
74727
74733
74739
74745
74751
74757
74763
74769
74775
74781
74787
74793
74799
74805
74811
74817
74823
74829
74835
74841
74847
74853
74859
74865
74871
74877
74883
74889
74895
74901
74907
74913
74919
74925
74931
74937
74943
74949
74955
74961
74967
74973
74979
74985
74991
74997
75003
75009
75015
75021
75027
75033
75039
75045
75051
75057
75063
75069
75075
75081
75087
75093
75099
75105
75111
75117
75123
75129
75135
75141
75147
75153
75159
75165
75171
75177
75183
75189
75195
75201
75207
75213
75219
75225
75231
75237
75243
75249
75255
75261
75267
75273
75279
75285
75291
75297
75303
75309
75315
75321
75327
75333
75339
75345
75351
75357
75363
75369
75375
75381
75387
75393
75399
75405
75411
75417
75423
75429
75435
75441
75447
75453
75459
75465
75471
75477
75483
75489
75495
75501
75507
75513
75519
75525
75531
75537
75543
75549
75555
75561
75567
75573
75579
75585
75591
75597
75603
75609
75615
75621
75627
75633
75639
75645
75651
75657
75663
75669
75675
75681
75687
75693
75699
75705
75711
75717
75723
75729
75735
75741
75747
75753
75759
75765
75771
75777
75783
75789
75795
75801
75807
75813
75819
75825
75831
75837
75843
75849
75855
75861
75867
75873
75879
75885
75891
75897
75903
75909
75915
75921
75927
75933
75939
75945
75951
75957
75963
75969
75975
75981
75987
75993
75999
76005
76011
76017
76023
76029
76035
76041
76047
76053
76059
76065
76071
76077
76083
76089
76095
76101
76107
76113
76119
76125
76131
76137
76143
76149
76155
76161
76167
76173
76179
76185
76191
76197
76203
76209
76215
76221
76227
76233
76239
76245
76251
76257
76263
76269
76275
76281
76287
76293
76299
76305
76311
76317
76323
76329
76335
76341
76347
76353
76359
76365
76371
76377
76383
76389
76395
76401
76407
76413
76419
76425
76431
76437
76443
76449
76455
76461
76467
76473
76479
76485
76491
76497
76503
76509
76515
76521
76527
76533
76539
76545
76551
76557
76563
76569
76575
76581
76587
76593
76599
76605
76611
76617
76623
76629
76635
76641
76647
76653
76659
76665
76671
76677
76683
76689
76695
76701
76707
76713
76719
76725
76731
76737
76743
76749
76755
76761
76767
76773
76779
76785
76791
76797
76803
76809
76815
76821
76827
76833
76839
76845
76851
76857
76863
76869
76875
76881
76887
76893
76899
76905
76911
76917
76923
76929
76935
76941
76947
76953
76959
76965
76971
76977
76983
76989
76995
77001
77007
77013
77019
77025
77031
77037
77043
77049
77055
77061
77067
77073
77079
77085
77091
77097
77103
77109
77115
77121
77127
77133
77139
77145
77151
77157
77163
77169
77175
77181
77187
77193
77199
77205
77211
77217
77223
77229
77235
77241
77247
77253
77259
77265
77271
77277
77283
77289
77295
77301
77307
77313
77319
77325
77331
77337
77343
77349
77355
77361
77367
77373
77379
77385
77391
77397
77403
77409
77415
77421
77427
77433
77439
77445
77451
77457
77463
77469
77475
77481
77487
77493
77499
77505
77511
77517
77523
77529
77535
77541
77547
77553
77559
77565
77571
77577
77583
77589
77595
77601
77607
77613
77619
77625
77631
77637
77643
77649
77655
77661
77667
77673
77679
77685
77691
77697
77703
77709
77715
77721
77727
77733
77739
77745
77751
77757
77763
77769
77775
77781
77787
77793
77799
77805
77811
77817
77823
77829
77835
77841
77847
77853
77859
77865
77871
77877
77883
77889
77895
77901
77907
77913
77919
77925
77931
77937
77943
77949
77955
77961
77967
77973
77979
77985
77991
77997
78003
78009
78015
78021
78027
78033
78039
78045
78051
78057
78063
78069
78075
78081
78087
78093
78099
78105
78111
78117
78123
78129
78135
78141
78147
78153
78159
78165
78171
78177
78183
78189
78195
78201
78207
78213
78219
78225
78231
78237
78243
78249
78255
78261
78267
78273
78279
78285
78291
78297
78303
78309
78315
78321
78327
78333
78339
78345
78351
78357
78363
78369
78375
78381
78387
78393
78399
78405
78411
78417
78423
78429
78435
78441
78447
78453
78459
78465
78471
78477
78483
78489
78495
78501
78507
78513
78519
78525
78531
78537
78543
78549
78555
78561
78567
78573
78579
78585
78591
78597
78603
78609
78615
78621
78627
78633
78639
78645
78651
78657
78663
78669
78675
78681
78687
78693
78699
78705
78711
78717
78723
78729
78735
78741
78747
78753
78759
78765
78771
78777
78783
78789
78795
78801
78807
78813
78819
78825
78831
78837
78843
78849
78855
78861
78867
78873
78879
78885
78891
78897
78903
78909
78915
78921
78927
78933
78939
78945
78951
78957
78963
78969
78975
78981
78987
78993
78999
79005
79011
79017
79023
79029
79035
79041
79047
79053
79059
79065
79071
79077
79083
79089
79095
79101
79107
79113
79119
79125
79131
79137
79143
79149
79155
79161
79167
79173
79179
79185
79191
79197
79203
79209
79215
79221
79227
79233
79239
79245
79251
79257
79263
79269
79275
79281
79287
79293
79299
79305
79311
79317
79323
79329
79335
79341
79347
79353
79359
79365
79371
79377
79383
79389
79395
79401
79407
79413
79419
79425
79431
79437
79443
79449
79455
79461
79467
79473
79479
79485
79491
79497
79503
79509
79515
79521
79527
79533
79539
79545
79551
79557
79563
79569
79575
79581
79587
79593
79599
79605
79611
79617
79623
79629
79635
79641
79647
79653
79659
79665
79671
79677
79683
79689
79695
79701
79707
79713
79719
79725
79731
79737
79743
79749
79755
79761
79767
79773
79779
79785
79791
79797
79803
79809
79815
79821
79827
79833
79839
79845
79851
79857
79863
79869
79875
79881
79887
79893
79899
79905
79911
79917
79923
79929
79935
79941
79947
79953
79959
79965
79971
79977
79983
79989
79995
80001
80007
80013
80019
80025
80031
80037
80043
80049
80055
80061
80067
80073
80079
80085
80091
80097
80103
80109
80115
80121
80127
80133
80139
80145
80151
80157
80163
80169
80175
80181
80187
80193
80199
80205
80211
80217
80223
80229
80235
80241
80247
80253
80259
80265
80271
80277
80283
80289
80295
80301
80307
80313
80319
80325
80331
80337
80343
80349
80355
80361
80367
80373
80379
80385
80391
80397
80403
80409
80415
80421
80427
80433
80439
80445
80451
80457
80463
80469
80475
80481
80487
80493
80499
80505
80511
80517
80523
80529
80535
80541
80547
80553
80559
80565
80571
80577
80583
80589
80595
80601
80607
80613
80619
80625
80631
80637
80643
80649
80655
80661
80667
80673
80679
80685
80691
80697
80703
80709
80715
80721
80727
80733
80739
80745
80751
80757
80763
80769
80775
80781
80787
80793
80799
80805
80811
80817
80823
80829
80835
80841
80847
80853
80859
80865
80871
80877
80883
80889
80895
80901
80907
80913
80919
80925
80931
80937
80943
80949
80955
80961
80967
80973
80979
80985
80991
80997
81003
81009
81015
81021
81027
81033
81039
81045
81051
81057
81063
81069
81075
81081
81087
81093
81099
81105
81111
81117
81123
81129
81135
81141
81147
81153
81159
81165
81171
81177
81183
81189
81195
81201
81207
81213
81219
81225
81231
81237
81243
81249
81255
81261
81267
81273
81279
81285
81291
81297
81303
81309
81315
81321
81327
81333
81339
81345
81351
81357
81363
81369
81375
81381
81387
81393
81399
81405
81411
81417
81423
81429
81435
81441
81447
81453
81459
81465
81471
81477
81483
81489
81495
81501
81507
81513
81519
81525
81531
81537
81543
81549
81555
81561
81567
81573
81579
81585
81591
81597
81603
81609
81615
81621
81627
81633
81639
81645
81651
81657
81663
81669
81675
81681
81687
81693
81699
81705
81711
81717
81723
81729
81735
81741
81747
81753
81759
81765
81771
81777
81783
81789
81795
81801
81807
81813
81819
81825
81831
81837
81843
81849
81855
81861
81867
81873
81879
81885
81891
81897
81903
81909
81915
81921
81927
81933
81939
81945
81951
81957
81963
81969
81975
81981
81987
81993
81999
82005
82011
82017
82023
82029
82035
82041
82047
82053
82059
82065
82071
82077
82083
82089
82095
82101
82107
82113
82119
82125
82131
82137
82143
82149
82155
82161
82167
82173
82179
82185
82191
82197
82203
82209
82215
82221
82227
82233
82239
82245
82251
82257
82263
82269
82275
82281
82287
82293
82299
82305
82311
82317
82323
82329
82335
82341
82347
82353
82359
82365
82371
82377
82383
82389
82395
82401
82407
82413
82419
82425
82431
82437
82443
82449
82455
82461
82467
82473
82479
82485
82491
82497
82503
82509
82515
82521
82527
82533
82539
82545
82551
82557
82563
82569
82575
82581
82587
82593
82599
82605
82611
82617
82623
82629
82635
82641
82647
82653
82659
82665
82671
82677
82683
82689
82695
82701
82707
82713
82719
82725
82731
82737
82743
82749
82755
82761
82767
82773
82779
82785
82791
82797
82803
82809
82815
82821
82827
82833
82839
82845
82851
82857
82863
82869
82875
82881
82887
82893
82899
82905
82911
82917
82923
82929
82935
82941
82947
82953
82959
82965
82971
82977
82983
82989
82995
83001
83007
83013
83019
83025
83031
83037
83043
83049
83055
83061
83067
83073
83079
83085
83091
83097
83103
83109
83115
83121
83127
83133
83139
83145
83151
83157
83163
83169
83175
83181
83187
83193
83199
83205
83211
83217
83223
83229
83235
83241
83247
83253
83259
83265
83271
83277
83283
83289
83295
83301
83307
83313
83319
83325
83331
83337
83343
83349
83355
83361
83367
83373
83379
83385
83391
83397
83403
83409
83415
83421
83427
83433
83439
83445
83451
83457
83463
83469
83475
83481
83487
83493
83499
83505
83511
83517
83523
83529
83535
83541
83547
83553
83559
83565
83571
83577
83583
83589
83595
83601
83607
83613
83619
83625
83631
83637
83643
83649
83655
83661
83667
83673
83679
83685
83691
83697
83703
83709
83715
83721
83727
83733
83739
83745
83751
83757
83763
83769
83775
83781
83787
83793
83799
83805
83811
83817
83823
83829
83835
83841
83847
83853
83859
83865
83871
83877
83883
83889
83895
83901
83907
83913
83919
83925
83931
83937
83943
83949
83955
83961
83967
83973
83979
83985
83991
83997
84003
84009
84015
84021
84027
84033
84039
84045
84051
84057
84063
84069
84075
84081
84087
84093
84099
84105
84111
84117
84123
84129
84135
84141
84147
84153
84159
84165
84171
84177
84183
84189
84195
84201
84207
84213
84219
84225
84231
84237
84243
84249
84255
84261
84267
84273
84279
84285
84291
84297
84303
84309
84315
84321
84327
84333
84339
84345
84351
84357
84363
84369
84375
84381
84387
84393
84399
84405
84411
84417
84423
84429
84435
84441
84447
84453
84459
84465
84471
84477
84483
84489
84495
84501
84507
84513
84519
84525
84531
84537
84543
84549
84555
84561
84567
84573
84579
84585
84591
84597
84603
84609
84615
84621
84627
84633
84639
84645
84651
84657
84663
84669
84675
84681
84687
84693
84699
84705
84711
84717
84723
84729
84735
84741
84747
84753
84759
84765
84771
84777
84783
84789
84795
84801
84807
84813
84819
84825
84831
84837
84843
84849
84855
84861
84867
84873
84879
84885
84891
84897
84903
84909
84915
84921
84927
84933
84939
84945
84951
84957
84963
84969
84975
84981
84987
84993
84999
85005
85011
85017
85023
85029
85035
85041
85047
85053
85059
85065
85071
85077
85083
85089
85095
85101
85107
85113
85119
85125
85131
85137
85143
85149
85155
85161
85167
85173
85179
85185
85191
85197
85203
85209
85215
85221
85227
85233
85239
85245
85251
85257
85263
85269
85275
85281
85287
85293
85299
85305
85311
85317
85323
85329
85335
85341
85347
85353
85359
85365
85371
85377
85383
85389
85395
85401
85407
85413
85419
85425
85431
85437
85443
85449
85455
85461
85467
85473
85479
85485
85491
85497
85503
85509
85515
85521
85527
85533
85539
85545
85551
85557
85563
85569
85575
85581
85587
85593
85599
85605
85611
85617
85623
85629
85635
85641
85647
85653
85659
85665
85671
85677
85683
85689
85695
85701
85707
85713
85719
85725
85731
85737
85743
85749
85755
85761
85767
85773
85779
85785
85791
85797
85803
85809
85815
85821
85827
85833
85839
85845
85851
85857
85863
85869
85875
85881
85887
85893
85899
85905
85911
85917
85923
85929
85935
85941
85947
85953
85959
85965
85971
85977
85983
85989
85995
86001
86007
86013
86019
86025
86031
86037
86043
86049
86055
86061
86067
86073
86079
86085
86091
86097
86103
86109
86115
86121
86127
86133
86139
86145
86151
86157
86163
86169
86175
86181
86187
86193
86199
86205
86211
86217
86223
86229
86235
86241
86247
86253
86259
86265
86271
86277
86283
86289
86295
86301
86307
86313
86319
86325
86331
86337
86343
86349
86355
86361
86367
86373
86379
86385
86391
86397
86403
86409
86415
86421
86427
86433
86439
86445
86451
86457
86463
86469
86475
86481
86487
86493
86499
86505
86511
86517
86523
86529
86535
86541
86547
86553
86559
86565
86571
86577
86583
86589
86595
86601
86607
86613
86619
86625
86631
86637
86643
86649
86655
86661
86667
86673
86679
86685
86691
86697
86703
86709
86715
86721
86727
86733
86739
86745
86751
86757
86763
86769
86775
86781
86787
86793
86799
86805
86811
86817
86823
86829
86835
86841
86847
86853
86859
86865
86871
86877
86883
86889
86895
86901
86907
86913
86919
86925
86931
86937
86943
86949
86955
86961
86967
86973
86979
86985
86991
86997
87003
87009
87015
87021
87027
87033
87039
87045
87051
87057
87063
87069
87075
87081
87087
87093
87099
87105
87111
87117
87123
87129
87135
87141
87147
87153
87159
87165
87171
87177
87183
87189
87195
87201
87207
87213
87219
87225
87231
87237
87243
87249
87255
87261
87267
87273
87279
87285
87291
87297
87303
87309
87315
87321
87327
87333
87339
87345
87351
87357
87363
87369
87375
87381
87387
87393
87399
87405
87411
87417
87423
87429
87435
87441
87447
87453
87459
87465
87471
87477
87483
87489
87495
87501
87507
87513
87519
87525
87531
87537
87543
87549
87555
87561
87567
87573
87579
87585
87591
87597
87603
87609
87615
87621
87627
87633
87639
87645
87651
87657
87663
87669
87675
87681
87687
87693
87699
87705
87711
87717
87723
87729
87735
87741
87747
87753
87759
87765
87771
87777
87783
87789
87795
87801
87807
87813
87819
87825
87831
87837
87843
87849
87855
87861
87867
87873
87879
87885
87891
87897
87903
87909
87915
87921
87927
87933
87939
87945
87951
87957
87963
87969
87975
87981
87987
87993
87999
88005
88011
88017
88023
88029
88035
88041
88047
88053
88059
88065
88071
88077
88083
88089
88095
88101
88107
88113
88119
88125
88131
88137
88143
88149
88155
88161
88167
88173
88179
88185
88191
88197
88203
88209
88215
88221
88227
88233
88239
88245
88251
88257
88263
88269
88275
88281
88287
88293
88299
88305
88311
88317
88323
88329
88335
88341
88347
88353
88359
88365
88371
88377
88383
88389
88395
88401
88407
88413
88419
88425
88431
88437
88443
88449
88455
88461
88467
88473
88479
88485
88491
88497
88503
88509
88515
88521
88527
88533
88539
88545
88551
88557
88563
88569
88575
88581
88587
88593
88599
88605
88611
88617
88623
88629
88635
88641
88647
88653
88659
88665
88671
88677
88683
88689
88695
88701
88707
88713
88719
88725
88731
88737
88743
88749
88755
88761
88767
88773
88779
88785
88791
88797
88803
88809
88815
88821
88827
88833
88839
88845
88851
88857
88863
88869
88875
88881
88887
88893
88899
88905
88911
88917
88923
88929
88935
88941
88947
88953
88959
88965
88971
88977
88983
88989
88995
89001
89007
89013
89019
89025
89031
89037
89043
89049
89055
89061
89067
89073
89079
89085
89091
89097
89103
89109
89115
89121
89127
89133
89139
89145
89151
89157
89163
89169
89175
89181
89187
89193
89199
89205
89211
89217
89223
89229
89235
89241
89247
89253
89259
89265
89271
89277
89283
89289
89295
89301
89307
89313
89319
89325
89331
89337
89343
89349
89355
89361
89367
89373
89379
89385
89391
89397
89403
89409
89415
89421
89427
89433
89439
89445
89451
89457
89463
89469
89475
89481
89487
89493
89499
89505
89511
89517
89523
89529
89535
89541
89547
89553
89559
89565
89571
89577
89583
89589
89595
89601
89607
89613
89619
89625
89631
89637
89643
89649
89655
89661
89667
89673
89679
89685
89691
89697
89703
89709
89715
89721
89727
89733
89739
89745
89751
89757
89763
89769
89775
89781
89787
89793
89799
89805
89811
89817
89823
89829
89835
89841
89847
89853
89859
89865
89871
89877
89883
89889
89895
89901
89907
89913
89919
89925
89931
89937
89943
89949
89955
89961
89967
89973
89979
89985
89991
89997
90003
90009
90015
90021
90027
90033
90039
90045
90051
90057
90063
90069
90075
90081
90087
90093
90099
90105
90111
90117
90123
90129
90135
90141
90147
90153
90159
90165
90171
90177
90183
90189
90195
90201
90207
90213
90219
90225
90231
90237
90243
90249
90255
90261
90267
90273
90279
90285
90291
90297
90303
90309
90315
90321
90327
90333
90339
90345
90351
90357
90363
90369
90375
90381
90387
90393
90399
90405
90411
90417
90423
90429
90435
90441
90447
90453
90459
90465
90471
90477
90483
90489
90495
90501
90507
90513
90519
90525
90531
90537
90543
90549
90555
90561
90567
90573
90579
90585
90591
90597
90603
90609
90615
90621
90627
90633
90639
90645
90651
90657
90663
90669
90675
90681
90687
90693
90699
90705
90711
90717
90723
90729
90735
90741
90747
90753
90759
90765
90771
90777
90783
90789
90795
90801
90807
90813
90819
90825
90831
90837
90843
90849
90855
90861
90867
90873
90879
90885
90891
90897
90903
90909
90915
90921
90927
90933
90939
90945
90951
90957
90963
90969
90975
90981
90987
90993
90999
91005
91011
91017
91023
91029
91035
91041
91047
91053
91059
91065
91071
91077
91083
91089
91095
91101
91107
91113
91119
91125
91131
91137
91143
91149
91155
91161
91167
91173
91179
91185
91191
91197
91203
91209
91215
91221
91227
91233
91239
91245
91251
91257
91263
91269
91275
91281
91287
91293
91299
91305
91311
91317
91323
91329
91335
91341
91347
91353
91359
91365
91371
91377
91383
91389
91395
91401
91407
91413
91419
91425
91431
91437
91443
91449
91455
91461
91467
91473
91479
91485
91491
91497
91503
91509
91515
91521
91527
91533
91539
91545
91551
91557
91563
91569
91575
91581
91587
91593
91599
91605
91611
91617
91623
91629
91635
91641
91647
91653
91659
91665
91671
91677
91683
91689
91695
91701
91707
91713
91719
91725
91731
91737
91743
91749
91755
91761
91767
91773
91779
91785
91791
91797
91803
91809
91815
91821
91827
91833
91839
91845
91851
91857
91863
91869
91875
91881
91887
91893
91899
91905
91911
91917
91923
91929
91935
91941
91947
91953
91959
91965
91971
91977
91983
91989
91995
92001
92007
92013
92019
92025
92031
92037
92043
92049
92055
92061
92067
92073
92079
92085
92091
92097
92103
92109
92115
92121
92127
92133
92139
92145
92151
92157
92163
92169
92175
92181
92187
92193
92199
92205
92211
92217
92223
92229
92235
92241
92247
92253
92259
92265
92271
92277
92283
92289
92295
92301
92307
92313
92319
92325
92331
92337
92343
92349
92355
92361
92367
92373
92379
92385
92391
92397
92403
92409
92415
92421
92427
92433
92439
92445
92451
92457
92463
92469
92475
92481
92487
92493
92499
92505
92511
92517
92523
92529
92535
92541
92547
92553
92559
92565
92571
92577
92583
92589
92595
92601
92607
92613
92619
92625
92631
92637
92643
92649
92655
92661
92667
92673
92679
92685
92691
92697
92703
92709
92715
92721
92727
92733
92739
92745
92751
92757
92763
92769
92775
92781
92787
92793
92799
92805
92811
92817
92823
92829
92835
92841
92847
92853
92859
92865
92871
92877
92883
92889
92895
92901
92907
92913
92919
92925
92931
92937
92943
92949
92955
92961
92967
92973
92979
92985
92991
92997
93003
93009
93015
93021
93027
93033
93039
93045
93051
93057
93063
93069
93075
93081
93087
93093
93099
93105
93111
93117
93123
93129
93135
93141
93147
93153
93159
93165
93171
93177
93183
93189
93195
93201
93207
93213
93219
93225
93231
93237
93243
93249
93255
93261
93267
93273
93279
93285
93291
93297
93303
93309
93315
93321
93327
93333
93339
93345
93351
93357
93363
93369
93375
93381
93387
93393
93399
93405
93411
93417
93423
93429
93435
93441
93447
93453
93459
93465
93471
93477
93483
93489
93495
93501
93507
93513
93519
93525
93531
93537
93543
93549
93555
93561
93567
93573
93579
93585
93591
93597
93603
93609
93615
93621
93627
93633
93639
93645
93651
93657
93663
93669
93675
93681
93687
93693
93699
93705
93711
93717
93723
93729
93735
93741
93747
93753
93759
93765
93771
93777
93783
93789
93795
93801
93807
93813
93819
93825
93831
93837
93843
93849
93855
93861
93867
93873
93879
93885
93891
93897
93903
93909
93915
93921
93927
93933
93939
93945
93951
93957
93963
93969
93975
93981
93987
93993
93999
94005
94011
94017
94023
94029
94035
94041
94047
94053
94059
94065
94071
94077
94083
94089
94095
94101
94107
94113
94119
94125
94131
94137
94143
94149
94155
94161
94167
94173
94179
94185
94191
94197
94203
94209
94215
94221
94227
94233
94239
94245
94251
94257
94263
94269
94275
94281
94287
94293
94299
94305
94311
94317
94323
94329
94335
94341
94347
94353
94359
94365
94371
94377
94383
94389
94395
94401
94407
94413
94419
94425
94431
94437
94443
94449
94455
94461
94467
94473
94479
94485
94491
94497
94503
94509
94515
94521
94527
94533
94539
94545
94551
94557
94563
94569
94575
94581
94587
94593
94599
94605
94611
94617
94623
94629
94635
94641
94647
94653
94659
94665
94671
94677
94683
94689
94695
94701
94707
94713
94719
94725
94731
94737
94743
94749
94755
94761
94767
94773
94779
94785
94791
94797
94803
94809
94815
94821
94827
94833
94839
94845
94851
94857
94863
94869
94875
94881
94887
94893
94899
94905
94911
94917
94923
94929
94935
94941
94947
94953
94959
94965
94971
94977
94983
94989
94995
95001
95007
95013
95019
95025
95031
95037
95043
95049
95055
95061
95067
95073
95079
95085
95091
95097
95103
95109
95115
95121
95127
95133
95139
95145
95151
95157
95163
95169
95175
95181
95187
95193
95199
95205
95211
95217
95223
95229
95235
95241
95247
95253
95259
95265
95271
95277
95283
95289
95295
95301
95307
95313
95319
95325
95331
95337
95343
95349
95355
95361
95367
95373
95379
95385
95391
95397
95403
95409
95415
95421
95427
95433
95439
95445
95451
95457
95463
95469
95475
95481
95487
95493
95499
95505
95511
95517
95523
95529
95535
95541
95547
95553
95559
95565
95571
95577
95583
95589
95595
95601
95607
95613
95619
95625
95631
95637
95643
95649
95655
95661
95667
95673
95679
95685
95691
95697
95703
95709
95715
95721
95727
95733
95739
95745
95751
95757
95763
95769
95775
95781
95787
95793
95799
95805
95811
95817
95823
95829
95835
95841
95847
95853
95859
95865
95871
95877
95883
95889
95895
95901
95907
95913
95919
95925
95931
95937
95943
95949
95955
95961
95967
95973
95979
95985
95991
95997
96003
96009
96015
96021
96027
96033
96039
96045
96051
96057
96063
96069
96075
96081
96087
96093
96099
96105
96111
96117
96123
96129
96135
96141
96147
96153
96159
96165
96171
96177
96183
96189
96195
96201
96207
96213
96219
96225
96231
96237
96243
96249
96255
96261
96267
96273
96279
96285
96291
96297
96303
96309
96315
96321
96327
96333
96339
96345
96351
96357
96363
96369
96375
96381
96387
96393
96399
96405
96411
96417
96423
96429
96435
96441
96447
96453
96459
96465
96471
96477
96483
96489
96495
96501
96507
96513
96519
96525
96531
96537
96543
96549
96555
96561
96567
96573
96579
96585
96591
96597
96603
96609
96615
96621
96627
96633
96639
96645
96651
96657
96663
96669
96675
96681
96687
96693
96699
96705
96711
96717
96723
96729
96735
96741
96747
96753
96759
96765
96771
96777
96783
96789
96795
96801
96807
96813
96819
96825
96831
96837
96843
96849
96855
96861
96867
96873
96879
96885
96891
96897
96903
96909
96915
96921
96927
96933
96939
96945
96951
96957
96963
96969
96975
96981
96987
96993
96999
97005
97011
97017
97023
97029
97035
97041
97047
97053
97059
97065
97071
97077
97083
97089
97095
97101
97107
97113
97119
97125
97131
97137
97143
97149
97155
97161
97167
97173
97179
97185
97191
97197
97203
97209
97215
97221
97227
97233
97239
97245
97251
97257
97263
97269
97275
97281
97287
97293
97299
97305
97311
97317
97323
97329
97335
97341
97347
97353
97359
97365
97371
97377
97383
97389
97395
97401
97407
97413
97419
97425
97431
97437
97443
97449
97455
97461
97467
97473
97479
97485
97491
97497
97503
97509
97515
97521
97527
97533
97539
97545
97551
97557
97563
97569
97575
97581
97587
97593
97599
97605
97611
97617
97623
97629
97635
97641
97647
97653
97659
97665
97671
97677
97683
97689
97695
97701
97707
97713
97719
97725
97731
97737
97743
97749
97755
97761
97767
97773
97779
97785
97791
97797
97803
97809
97815
97821
97827
97833
97839
97845
97851
97857
97863
97869
97875
97881
97887
97893
97899
97905
97911
97917
97923
97929
97935
97941
97947
97953
97959
97965
97971
97977
97983
97989
97995
98001
98007
98013
98019
98025
98031
98037
98043
98049
98055
98061
98067
98073
98079
98085
98091
98097
98103
98109
98115
98121
98127
98133
98139
98145
98151
98157
98163
98169
98175
98181
98187
98193
98199
98205
98211
98217
98223
98229
98235
98241
98247
98253
98259
98265
98271
98277
98283
98289
98295
98301
98307
98313
98319
98325
98331
98337
98343
98349
98355
98361
98367
98373
98379
98385
98391
98397
98403
98409
98415
98421
98427
98433
98439
98445
98451
98457
98463
98469
98475
98481
98487
98493
98499
98505
98511
98517
98523
98529
98535
98541
98547
98553
98559
98565
98571
98577
98583
98589
98595
98601
98607
98613
98619
98625
98631
98637
98643
98649
98655
98661
98667
98673
98679
98685
98691
98697
98703
98709
98715
98721
98727
98733
98739
98745
98751
98757
98763
98769
98775
98781
98787
98793
98799
98805
98811
98817
98823
98829
98835
98841
98847
98853
98859
98865
98871
98877
98883
98889
98895
98901
98907
98913
98919
98925
98931
98937
98943
98949
98955
98961
98967
98973
98979
98985
98991
98997
99003
99009
99015
99021
99027
99033
99039
99045
99051
99057
99063
99069
99075
99081
99087
99093
99099
99105
99111
99117
99123
99129
99135
99141
99147
99153
99159
99165
99171
99177
99183
99189
99195
99201
99207
99213
99219
99225
99231
99237
99243
99249
99255
99261
99267
99273
99279
99285
99291
99297
99303
99309
99315
99321
99327
99333
99339
99345
99351
99357
99363
99369
99375
99381
99387
99393
99399
99405
99411
99417
99423
99429
99435
99441
99447
99453
99459
99465
99471
99477
99483
99489
99495
99501
99507
99513
99519
99525
99531
99537
99543
99549
99555
99561
99567
99573
99579
99585
99591
99597
99603
99609
99615
99621
99627
99633
99639
99645
99651
99657
99663
99669
99675
99681
99687
99693
99699
99705
99711
99717
99723
99729
99735
99741
99747
99753
99759
99765
99771
99777
99783
99789
99795
99801
99807
99813
99819
99825
99831
99837
99843
99849
99855
99861
99867
99873
99879
99885
99891
99897
99903
99909
99915
99921
99927
99933
99939
99945
99951
99957
99963
99969
99975
99981
99987
99993
99999
100004
100010
100016
100022
100028
100034
100040
100046
100052
100058
100064
100070
100076
100082
100088
100094
100100
100106
100112
100118
100124
100130
100136
100142
100148
100154
100160
100166
100172
100178
100184
100190
100196
100202
100208
100214
100220
100226
100232
100238
100244
100250
100256
100262
100268
100274
100280
100286
100292
100298
100304
100310
100316
100322
100328
100334
100340
100346
100352
100358
100364
100370
100376
100382
100388
100394
100400
100406
100412
100418
100424
100430
100436
100442
100448
100454
100460
100466
100472
100478
100484
100490
100496
100502
100508
100514
100520
100526
100532
100538
100544
100550
100556
100562
100568
100574
100580
100586
100592
100598
100604
100610
100616
100622
100628
100634
100640
100646
100652
100658
100664
100670
100676
100682
100688
100694
100700
100706
100712
100718
100724
100730
100736
100742
100748
100754
100760
100766
100772
100778
100784
100790
100796
100802
100808
100814
100820
100826
100832
100838
100844
100850
100856
100862
100868
100874
100880
100886
100892
100898
100904
100910
100916
100922
100928
100934
100940
100946
100952
100958
100964
100970
100976
100982
100988
100994
101000
101006
101012
101018
101024
101030
101036
101042
101048
101054
101060
101066
101072
101078
101084
101090
101096
101102
101108
101114
101120
101126
101132
101138
101144
101150
101156
101162
101168
101174
101180
101186
101192
101198
101204
101210
101216
101222
101228
101234
101240
101246
101252
101258
101264
101270
101276
101282
101288
101294
101300
101306
101312
101318
101324
101330
101336
101342
101348
101354
101360
101366
101372
101378
101384
101390
101396
101402
101408
101414
101420
101426
101432
101438
101444
101450
101456
101462
101468
101474
101480
101486
101492
101498
101504
101510
101516
101522
101528
101534
101540
101546
101552
101558
101564
101570
101576
101582
101588
101594
101600
101606
101612
101618
101624
101630
101636
101642
101648
101654
101660
101666
101672
101678
101684
101690
101696
101702
101708
101714
101720
101726
101732
101738
101744
101750
101756
101762
101768
101774
101780
101786
101792
101798
101804
101810
101816
101822
101828
101834
101840
101846
101852
101858
101864
101870
101876
101882
101888
101894
101900
101906
101912
101918
101924
101930
101936
101942
101948
101954
101960
101966
101972
101978
101984
101990
101996
102002
102008
102014
102020
102026
102032
102038
102044
102050
102056
102062
102068
102074
102080
102086
102092
102098
102104
102110
102116
102122
102128
102134
102140
102146
102152
102158
102164
102170
102176
102182
102188
102194
102200
102206
102212
102218
102224
102230
102236
102242
102248
102254
102260
102266
102272
102278
102284
102290
102296
102302
102308
102314
102320
102326
102332
102338
102344
102350
102356
102362
102368
102374
102380
102386
102392
102398
102404
102410
102416
102422
102428
102434
102440
102446
102452
102458
102464
102470
102476
102482
102488
102494
102500
102506
102512
102518
102524
102530
102536
102542
102548
102554
102560
102566
102572
102578
102584
102590
102596
102602
102608
102614
102620
102626
102632
102638
102644
102650
102656
102662
102668
102674
102680
102686
102692
102698
102704
102710
102716
102722
102728
102734
102740
102746
102752
102758
102764
102770
102776
102782
102788
102794
102800
102806
102812
102818
102824
102830
102836
102842
102848
102854
102860
102866
102872
102878
102884
102890
102896
102902
102908
102914
102920
102926
102932
102938
102944
102950
102956
102962
102968
102974
102980
102986
102992
102998
103004
103010
103016
103022
103028
103034
103040
103046
103052
103058
103064
103070
103076
103082
103088
103094
103100
103106
103112
103118
103124
103130
103136
103142
103148
103154
103160
103166
103172
103178
103184
103190
103196
103202
103208
103214
103220
103226
103232
103238
103244
103250
103256
103262
103268
103274
103280
103286
103292
103298
103304
103310
103316
103322
103328
103334
103340
103346
103352
103358
103364
103370
103376
103382
103388
103394
103400
103406
103412
103418
103424
103430
103436
103442
103448
103454
103460
103466
103472
103478
103484
103490
103496
103502
103508
103514
103520
103526
103532
103538
103544
103550
103556
103562
103568
103574
103580
103586
103592
103598
103604
103610
103616
103622
103628
103634
103640
103646
103652
103658
103664
103670
103676
103682
103688
103694
103700
103706
103712
103718
103724
103730
103736
103742
103748
103754
103760
103766
103772
103778
103784
103790
103796
103802
103808
103814
103820
103826
103832
103838
103844
103850
103856
103862
103868
103874
103880
103886
103892
103898
103904
103910
103916
103922
103928
103934
103940
103946
103952
103958
103964
103970
103976
103982
103988
103994
104000
104006
104012
104018
104024
104030
104036
104042
104048
104054
104060
104066
104072
104078
104084
104090
104096
104102
104108
104114
104120
104126
104132
104138
104144
104150
104156
104162
104168
104174
104180
104186
104192
104198
104204
104210
104216
104222
104228
104234
104240
104246
104252
104258
104264
104270
104276
104282
104288
104294
104300
104306
104312
104318
104324
104330
104336
104342
104348
104354
104360
104366
104372
104378
104384
104390
104396
104402
104408
104414
104420
104426
104432
104438
104444
104450
104456
104462
104468
104474
104480
104486
104492
104498
104504
104510
104516
104522
104528
104534
104540
104546
104552
104558
104564
104570
104576
104582
104588
104594
104600
104606
104612
104618
104624
104630
104636
104642
104648
104654
104660
104666
104672
104678
104684
104690
104696
104702
104708
104714
104720
104726
104732
104738
104744
104750
104756
104762
104768
104774
104780
104786
104792
104798
104804
104810
104816
104822
104828
104834
104840
104846
104852
104858
104864
104870
104876
104882
104888
104894
104900
104906
104912
104918
104924
104930
104936
104942
104948
104954
104960
104966
104972
104978
104984
104990
104996
105002
105008
105014
105020
105026
105032
105038
105044
105050
105056
105062
105068
105074
105080
105086
105092
105098
105104
105110
105116
105122
105128
105134
105140
105146
105152
105158
105164
105170
105176
105182
105188
105194
105200
105206
105212
105218
105224
105230
105236
105242
105248
105254
105260
105266
105272
105278
105284
105290
105296
105302
105308
105314
105320
105326
105332
105338
105344
105350
105356
105362
105368
105374
105380
105386
105392
105398
105404
105410
105416
105422
105428
105434
105440
105446
105452
105458
105464
105470
105476
105482
105488
105494
105500
105506
105512
105518
105524
105530
105536
105542
105548
105554
105560
105566
105572
105578
105584
105590
105596
105602
105608
105614
105620
105626
105632
105638
105644
105650
105656
105662
105668
105674
105680
105686
105692
105698
105704
105710
105716
105722
105728
105734
105740
105746
105752
105758
105764
105770
105776
105782
105788
105794
105800
105806
105812
105818
105824
105830
105836
105842
105848
105854
105860
105866
105872
105878
105884
105890
105896
105902
105908
105914
105920
105926
105932
105938
105944
105950
105956
105962
105968
105974
105980
105986
105992
105998
106004
106010
106016
106022
106028
106034
106040
106046
106052
106058
106064
106070
106076
106082
106088
106094
106100
106106
106112
106118
106124
106130
106136
106142
106148
106154
106160
106166
106172
106178
106184
106190
106196
106202
106208
106214
106220
106226
106232
106238
106244
106250
106256
106262
106268
106274
106280
106286
106292
106298
106304
106310
106316
106322
106328
106334
106340
106346
106352
106358
106364
106370
106376
106382
106388
106394
106400
106406
106412
106418
106424
106430
106436
106442
106448
106454
106460
106466
106472
106478
106484
106490
106496
106502
106508
106514
106520
106526
106532
106538
106544
106550
106556
106562
106568
106574
106580
106586
106592
106598
106604
106610
106616
106622
106628
106634
106640
106646
106652
106658
106664
106670
106676
106682
106688
106694
106700
106706
106712
106718
106724
106730
106736
106742
106748
106754
106760
106766
106772
106778
106784
106790
106796
106802
106808
106814
106820
106826
106832
106838
106844
106850
106856
106862
106868
106874
106880
106886
106892
106898
106904
106910
106916
106922
106928
106934
106940
106946
106952
106958
106964
106970
106976
106982
106988
106994
107000
107006
107012
107018
107024
107030
107036
107042
107048
107054
107060
107066
107072
107078
107084
107090
107096
107102
107108
107114
107120
107126
107132
107138
107144
107150
107156
107162
107168
107174
107180
107186
107192
107198
107204
107210
107216
107222
107228
107234
107240
107246
107252
107258
107264
107270
107276
107282
107288
107294
107300
107306
107312
107318
107324
107330
107336
107342
107348
107354
107360
107366
107372
107378
107384
107390
107396
107402
107408
107414
107420
107426
107432
107438
107444
107450
107456
107462
107468
107474
107480
107486
107492
107498
107504
107510
107516
107522
107528
107534
107540
107546
107552
107558
107564
107570
107576
107582
107588
107594
107600
107606
107612
107618
107624
107630
107636
107642
107648
107654
107660
107666
107672
107678
107684
107690
107696
107702
107708
107714
107720
107726
107732
107738
107744
107750
107756
107762
107768
107774
107780
107786
107792
107798
107804
107810
107816
107822
107828
107834
107840
107846
107852
107858
107864
107870
107876
107882
107888
107894
107900
107906
107912
107918
107924
107930
107936
107942
107948
107954
107960
107966
107972
107978
107984
107990
107996
108002
108008
108014
108020
108026
108032
108038
108044
108050
108056
108062
108068
108074
108080
108086
108092
108098
108104
108110
108116
108122
108128
108134
108140
108146
108152
108158
108164
108170
108176
108182
108188
108194
108200
108206
108212
108218
108224
108230
108236
108242
108248
108254
108260
108266
108272
108278
108284
108290
108296
108302
108308
108314
108320
108326
108332
108338
108344
108350
108356
108362
108368
108374
108380
108386
108392
108398
108404
108410
108416
108422
108428
108434
108440
108446
108452
108458
108464
108470
108476
108482
108488
108494
108500
108506
108512
108518
108524
108530
108536
108542
108548
108554
108560
108566
108572
108578
108584
108590
108596
108602
108608
108614
108620
108626
108632
108638
108644
108650
108656
108662
108668
108674
108680
108686
108692
108698
108704
108710
108716
108722
108728
108734
108740
108746
108752
108758
108764
108770
108776
108782
108788
108794
108800
108806
108812
108818
108824
108830
108836
108842
108848
108854
108860
108866
108872
108878
108884
108890
108896
108902
108908
108914
108920
108926
108932
108938
108944
108950
108956
108962
108968
108974
108980
108986
108992
108998
109004
109010
109016
109022
109028
109034
109040
109046
109052
109058
109064
109070
109076
109082
109088
109094
109100
109106
109112
109118
109124
109130
109136
109142
109148
109154
109160
109166
109172
109178
109184
109190
109196
109202
109208
109214
109220
109226
109232
109238
109244
109250
109256
109262
109268
109274
109280
109286
109292
109298
109304
109310
109316
109322
109328
109334
109340
109346
109352
109358
109364
109370
109376
109382
109388
109394
109400
109406
109412
109418
109424
109430
109436
109442
109448
109454
109460
109466
109472
109478
109484
109490
109496
109502
109508
109514
109520
109526
109532
109538
109544
109550
109556
109562
109568
109574
109580
109586
109592
109598
109604
109610
109616
109622
109628
109634
109640
109646
109652
109658
109664
109670
109676
109682
109688
109694
109700
109706
109712
109718
109724
109730
109736
109742
109748
109754
109760
109766
109772
109778
109784
109790
109796
109802
109808
109814
109820
109826
109832
109838
109844
109850
109856
109862
109868
109874
109880
109886
109892
109898
109904
109910
109916
109922
109928
109934
109940
109946
109952
109958
109964
109970
109976
109982
109988
109994
110000
110006
110012
110018
110024
110030
110036
110042
110048
110054
110060
110066
110072
110078
110084
110090
110096
110102
110108
110114
110120
110126
110132
110138
110144
110150
110156
110162
110168
110174
110180
110186
110192
110198
110204
110210
110216
110222
110228
110234
110240
110246
110252
110258
110264
110270
110276
110282
110288
110294
110300
110306
110312
110318
110324
110330
110336
110342
110348
110354
110360
110366
110372
110378
110384
110390
110396
110402
110408
110414
110420
110426
110432
110438
110444
110450
110456
110462
110468
110474
110480
110486
110492
110498
110504
110510
110516
110522
110528
110534
110540
110546
110552
110558
110564
110570
110576
110582
110588
110594
110600
110606
110612
110618
110624
110630
110636
110642
110648
110654
110660
110666
110672
110678
110684
110690
110696
110702
110708
110714
110720
110726
110732
110738
110744
110750
110756
110762
110768
110774
110780
110786
110792
110798
110804
110810
110816
110822
110828
110834
110840
110846
110852
110858
110864
110870
110876
110882
110888
110894
110900
110906
110912
110918
110924
110930
110936
110942
110948
110954
110960
110966
110972
110978
110984
110990
110996
111002
111008
111014
111020
111026
111032
111038
111044
111050
111056
111062
111068
111074
111080
111086
111092
111098
111104
111110
111116
111122
111128
111134
111140
111146
111152
111158
111164
111170
111176
111182
111188
111194
111200
111206
111212
111218
111224
111230
111236
111242
111248
111254
111260
111266
111272
111278
111284
111290
111296
111302
111308
111314
111320
111326
111332
111338
111344
111350
111356
111362
111368
111374
111380
111386
111392
111398
111404
111410
111416
111422
111428
111434
111440
111446
111452
111458
111464
111470
111476
111482
111488
111494
111500
111506
111512
111518
111524
111530
111536
111542
111548
111554
111560
111566
111572
111578
111584
111590
111596
111602
111608
111614
111620
111626
111632
111638
111644
111650
111656
111662
111668
111674
111680
111686
111692
111698
111704
111710
111716
111722
111728
111734
111740
111746
111752
111758
111764
111770
111776
111782
111788
111794
111800
111806
111812
111818
111824
111830
111836
111842
111848
111854
111860
111866
111872
111878
111884
111890
111896
111902
111908
111914
111920
111926
111932
111938
111944
111950
111956
111962
111968
111974
111980
111986
111992
111998
112004
112010
112016
112022
112028
112034
112040
112046
112052
112058
112064
112070
112076
112082
112088
112094
112100
112106
112112
112118
112124
112130
112136
112142
112148
112154
112160
112166
112172
112178
112184
112190
112196
112202
112208
112214
112220
112226
112232
112238
112244
112250
112256
112262
112268
112274
112280
112286
112292
112298
112304
112310
112316
112322
112328
112334
112340
112346
112352
112358
112364
112370
112376
112382
112388
112394
112400
112406
112412
112418
112424
112430
112436
112442
112448
112454
112460
112466
112472
112478
112484
112490
112496
112502
112508
112514
112520
112526
112532
112538
112544
112550
112556
112562
112568
112574
112580
112586
112592
112598
112604
112610
112616
112622
112628
112634
112640
112646
112652
112658
112664
112670
112676
112682
112688
112694
112700
112706
112712
112718
112724
112730
112736
112742
112748
112754
112760
112766
112772
112778
112784
112790
112796
112802
112808
112814
112820
112826
112832
112838
112844
112850
112856
112862
112868
112874
112880
112886
112892
112898
112904
112910
112916
112922
112928
112934
112940
112946
112952
112958
112964
112970
112976
112982
112988
112994
113000
113006
113012
113018
113024
113030
113036
113042
113048
113054
113060
113066
113072
113078
113084
113090
113096
113102
113108
113114
113120
113126
113132
113138
113144
113150
113156
113162
113168
113174
113180
113186
113192
113198
113204
113210
113216
113222
113228
113234
113240
113246
113252
113258
113264
113270
113276
113282
113288
113294
113300
113306
113312
113318
113324
113330
113336
113342
113348
113354
113360
113366
113372
113378
113384
113390
113396
113402
113408
113414
113420
113426
113432
113438
113444
113450
113456
113462
113468
113474
113480
113486
113492
113498
113504
113510
113516
113522
113528
113534
113540
113546
113552
113558
113564
113570
113576
113582
113588
113594
113600
113606
113612
113618
113624
113630
113636
113642
113648
113654
113660
113666
113672
113678
113684
113690
113696
113702
113708
113714
113720
113726
113732
113738
113744
113750
113756
113762
113768
113774
113780
113786
113792
113798
113804
113810
113816
113822
113828
113834
113840
113846
113852
113858
113864
113870
113876
113882
113888
113894
113900
113906
113912
113918
113924
113930
113936
113942
113948
113954
113960
113966
113972
113978
113984
113990
113996
114002
114008
114014
114020
114026
114032
114038
114044
114050
114056
114062
114068
114074
114080
114086
114092
114098
114104
114110
114116
114122
114128
114134
114140
114146
114152
114158
114164
114170
114176
114182
114188
114194
114200
114206
114212
114218
114224
114230
114236
114242
114248
114254
114260
114266
114272
114278
114284
114290
114296
114302
114308
114314
114320
114326
114332
114338
114344
114350
114356
114362
114368
114374
114380
114386
114392
114398
114404
114410
114416
114422
114428
114434
114440
114446
114452
114458
114464
114470
114476
114482
114488
114494
114500
114506
114512
114518
114524
114530
114536
114542
114548
114554
114560
114566
114572
114578
114584
114590
114596
114602
114608
114614
114620
114626
114632
114638
114644
114650
114656
114662
114668
114674
114680
114686
114692
114698
114704
114710
114716
114722
114728
114734
114740
114746
114752
114758
114764
114770
114776
114782
114788
114794
114800
114806
114812
114818
114824
114830
114836
114842
114848
114854
114860
114866
114872
114878
114884
114890
114896
114902
114908
114914
114920
114926
114932
114938
114944
114950
114956
114962
114968
114974
114980
114986
114992
114998
115004
115010
115016
115022
115028
115034
115040
115046
115052
115058
115064
115070
115076
115082
115088
115094
115100
115106
115112
115118
115124
115130
115136
115142
115148
115154
115160
115166
115172
115178
115184
115190
115196
115202
115208
115214
115220
115226
115232
115238
115244
115250
115256
115262
115268
115274
115280
115286
115292
115298
115304
115310
115316
115322
115328
115334
115340
115346
115352
115358
115364
115370
115376
115382
115388
115394
115400
115406
115412
115418
115424
115430
115436
115442
115448
115454
115460
115466
115472
115478
115484
115490
115496
115502
115508
115514
115520
115526
115532
115538
115544
115550
115556
115562
115568
115574
115580
115586
115592
115598
115604
115610
115616
115622
115628
115634
115640
115646
115652
115658
115664
115670
115676
115682
115688
115694
115700
115706
115712
115718
115724
115730
115736
115742
115748
115754
115760
115766
115772
115778
115784
115790
115796
115802
115808
115814
115820
115826
115832
115838
115844
115850
115856
115862
115868
115874
115880
115886
115892
115898
115904
115910
115916
115922
115928
115934
115940
115946
115952
115958
115964
115970
115976
115982
115988
115994
116000
116006
116012
116018
116024
116030
116036
116042
116048
116054
116060
116066
116072
116078
116084
116090
116096
116102
116108
116114
116120
116126
116132
116138
116144
116150
116156
116162
116168
116174
116180
116186
116192
116198
116204
116210
116216
116222
116228
116234
116240
116246
116252
116258
116264
116270
116276
116282
116288
116294
116300
116306
116312
116318
116324
116330
116336
116342
116348
116354
116360
116366
116372
116378
116384
116390
116396
116402
116408
116414
116420
116426
116432
116438
116444
116450
116456
116462
116468
116474
116480
116486
116492
116498
116504
116510
116516
116522
116528
116534
116540
116546
116552
116558
116564
116570
116576
116582
116588
116594
116600
116606
116612
116618
116624
116630
116636
116642
116648
116654
116660
116666
116672
116678
116684
116690
116696
116702
116708
116714
116720
116726
116732
116738
116744
116750
116756
116762
116768
116774
116780
116786
116792
116798
116804
116810
116816
116822
116828
116834
116840
116846
116852
116858
116864
116870
116876
116882
116888
116894
116900
116906
116912
116918
116924
116930
116936
116942
116948
116954
116960
116966
116972
116978
116984
116990
116996
117002
117008
117014
117020
117026
117032
117038
117044
117050
117056
117062
117068
117074
117080
117086
117092
117098
117104
117110
117116
117122
117128
117134
117140
117146
117152
117158
117164
117170
117176
117182
117188
117194
117200
117206
117212
117218
117224
117230
117236
117242
117248
117254
117260
117266
117272
117278
117284
117290
117296
117302
117308
117314
117320
117326
117332
117338
117344
117350
117356
117362
117368
117374
117380
117386
117392
117398
117404
117410
117416
117422
117428
117434
117440
117446
117452
117458
117464
117470
117476
117482
117488
117494
117500
117506
117512
117518
117524
117530
117536
117542
117548
117554
117560
117566
117572
117578
117584
117590
117596
117602
117608
117614
117620
117626
117632
117638
117644
117650
117656
117662
117668
117674
117680
117686
117692
117698
117704
117710
117716
117722
117728
117734
117740
117746
117752
117758
117764
117770
117776
117782
117788
117794
117800
117806
117812
117818
117824
117830
117836
117842
117848
117854
117860
117866
117872
117878
117884
117890
117896
117902
117908
117914
117920
117926
117932
117938
117944
117950
117956
117962
117968
117974
117980
117986
117992
117998
118004
118010
118016
118022
118028
118034
118040
118046
118052
118058
118064
118070
118076
118082
118088
118094
118100
118106
118112
118118
118124
118130
118136
118142
118148
118154
118160
118166
118172
118178
118184
118190
118196
118202
118208
118214
118220
118226
118232
118238
118244
118250
118256
118262
118268
118274
118280
118286
118292
118298
118304
118310
118316
118322
118328
118334
118340
118346
118352
118358
118364
118370
118376
118382
118388
118394
118400
118406
118412
118418
118424
118430
118436
118442
118448
118454
118460
118466
118472
118478
118484
118490
118496
118502
118508
118514
118520
118526
118532
118538
118544
118550
118556
118562
118568
118574
118580
118586
118592
118598
118604
118610
118616
118622
118628
118634
118640
118646
118652
118658
118664
118670
118676
118682
118688
118694
118700
118706
118712
118718
118724
118730
118736
118742
118748
118754
118760
118766
118772
118778
118784
118790
118796
118802
118808
118814
118820
118826
118832
118838
118844
118850
118856
118862
118868
118874
118880
118886
118892
118898
118904
118910
118916
118922
118928
118934
118940
118946
118952
118958
118964
118970
118976
118982
118988
118994
119000
119006
119012
119018
119024
119030
119036
119042
119048
119054
119060
119066
119072
119078
119084
119090
119096
119102
119108
119114
119120
119126
119132
119138
119144
119150
119156
119162
119168
119174
119180
119186
119192
119198
119204
119210
119216
119222
119228
119234
119240
119246
119252
119258
119264
119270
119276
119282
119288
119294
119300
119306
119312
119318
119324
119330
119336
119342
119348
119354
119360
119366
119372
119378
119384
119390
119396
119402
119408
119414
119420
119426
119432
119438
119444
119450
119456
119462
119468
119474
119480
119486
119492
119498
119504
119510
119516
119522
119528
119534
119540
119546
119552
119558
119564
119570
119576
119582
119588
119594
119600
119606
119612
119618
119624
119630
119636
119642
119648
119654
119660
119666
119672
119678
119684
119690
119696
119702
119708
119714
119720
119726
119732
119738
119744
119750
119756
119762
119768
119774
119780
119786
119792
119798
119804
119810
119816
119822
119828
119834
119840
119846
119852
119858
119864
119870
119876
119882
119888
119894
119900
119906
119912
119918
119924
119930
119936
119942
119948
119954
119960
119966
119972
119978
119984
119990
119996
120002
120008
120014
120020
120026
120032
120038
120044
120050
120056
120062
120068
120074
120080
120086
120092
120098
120104
120110
120116
120122
120128
120134
120140
120146
120152
120158
120164
120170
120176
120182
120188
120194
120200
120206
120212
120218
120224
120230
120236
120242
120248
120254
120260
120266
120272
120278
120284
120290
120296
120302
120308
120314
120320
120326
120332
120338
120344
120350
120356
120362
120368
120374
120380
120386
120392
120398
120404
120410
120416
120422
120428
120434
120440
120446
120452
120458
120464
120470
120476
120482
120488
120494
120500
120506
120512
120518
120524
120530
120536
120542
120548
120554
120560
120566
120572
120578
120584
120590
120596
120602
120608
120614
120620
120626
120632
120638
120644
120650
120656
120662
120668
120674
120680
120686
120692
120698
120704
120710
120716
120722
120728
120734
120740
120746
120752
120758
120764
120770
120776
120782
120788
120794
120800
120806
120812
120818
120824
120830
120836
120842
120848
120854
120860
120866
120872
120878
120884
120890
120896
120902
120908
120914
120920
120926
120932
120938
120944
120950
120956
120962
120968
120974
120980
120986
120992
120998
121004
121010
121016
121022
121028
121034
121040
121046
121052
121058
121064
121070
121076
121082
121088
121094
121100
121106
121112
121118
121124
121130
121136
121142
121148
121154
121160
121166
121172
121178
121184
121190
121196
121202
121208
121214
121220
121226
121232
121238
121244
121250
121256
121262
121268
121274
121280
121286
121292
121298
121304
121310
121316
121322
121328
121334
121340
121346
121352
121358
121364
121370
121376
121382
121388
121394
121400
121406
121412
121418
121424
121430
121436
121442
121448
121454
121460
121466
121472
121478
121484
121490
121496
121502
121508
121514
121520
121526
121532
121538
121544
121550
121556
121562
121568
121574
121580
121586
121592
121598
121604
121610
121616
121622
121628
121634
121640
121646
121652
121658
121664
121670
121676
121682
121688
121694
121700
121706
121712
121718
121724
121730
121736
121742
121748
121754
121760
121766
121772
121778
121784
121790
121796
121802
121808
121814
121820
121826
121832
121838
121844
121850
121856
121862
121868
121874
121880
121886
121892
121898
121904
121910
121916
121922
121928
121934
121940
121946
121952
121958
121964
121970
121976
121982
121988
121994
122000
122006
122012
122018
122024
122030
122036
122042
122048
122054
122060
122066
122072
122078
122084
122090
122096
122102
122108
122114
122120
122126
122132
122138
122144
122150
122156
122162
122168
122174
122180
122186
122192
122198
122204
122210
122216
122222
122228
122234
122240
122246
122252
122258
122264
122270
122276
122282
122288
122294
122300
122306
122312
122318
122324
122330
122336
122342
122348
122354
122360
122366
122372
122378
122384
122390
122396
122402
122408
122414
122420
122426
122432
122438
122444
122450
122456
122462
122468
122474
122480
122486
122492
122498
122504
122510
122516
122522
122528
122534
122540
122546
122552
122558
122564
122570
122576
122582
122588
122594
122600
122606
122612
122618
122624
122630
122636
122642
122648
122654
122660
122666
122672
122678
122684
122690
122696
122702
122708
122714
122720
122726
122732
122738
122744
122750
122756
122762
122768
122774
122780
122786
122792
122798
122804
122810
122816
122822
122828
122834
122840
122846
122852
122858
122864
122870
122876
122882
122888
122894
122900
122906
122912
122918
122924
122930
122936
122942
122948
122954
122960
122966
122972
122978
122984
122990
122996
123002
123008
123014
123020
123026
123032
123038
123044
123050
123056
123062
123068
123074
123080
123086
123092
123098
123104
123110
123116
123122
123128
123134
123140
123146
123152
123158
123164
123170
123176
123182
123188
123194
123200
123206
123212
123218
123224
123230
123236
123242
123248
123254
123260
123266
123272
123278
123284
123290
123296
123302
123308
123314
123320
123326
123332
123338
123344
123350
123356
123362
123368
123374
123380
123386
123392
123398
123404
123410
123416
123422
123428
123434
123440
123446
123452
123458
123464
123470
123476
123482
123488
123494
123500
123506
123512
123518
123524
123530
123536
123542
123548
123554
123560
123566
123572
123578
123584
123590
123596
123602
123608
123614
123620
123626
123632
123638
123644
123650
123656
123662
123668
123674
123680
123686
123692
123698
123704
123710
123716
123722
123728
123734
123740
123746
123752
123758
123764
123770
123776
123782
123788
123794
123800
123806
123812
123818
123824
123830
123836
123842
123848
123854
123860
123866
123872
123878
123884
123890
123896
123902
123908
123914
123920
123926
123932
123938
123944
123950
123956
123962
123968
123974
123980
123986
123992
123998
124004
124010
124016
124022
124028
124034
124040
124046
124052
124058
124064
124070
124076
124082
124088
124094
124100
124106
124112
124118
124124
124130
124136
124142
124148
124154
124160
124166
124172
124178
124184
124190
124196
124202
124208
124214
124220
124226
124232
124238
124244
124250
124256
124262
124268
124274
124280
124286
124292
124298
124304
124310
124316
124322
124328
124334
124340
124346
124352
124358
124364
124370
124376
124382
124388
124394
124400
124406
124412
124418
124424
124430
124436
124442
124448
124454
124460
124466
124472
124478
124484
124490
124496
124502
124508
124514
124520
124526
124532
124538
124544
124550
124556
124562
124568
124574
124580
124586
124592
124598
124604
124610
124616
124622
124628
124634
124640
124646
124652
124658
124664
124670
124676
124682
124688
124694
124700
124706
124712
124718
124724
124730
124736
124742
124748
124754
124760
124766
124772
124778
124784
124790
124796
124802
124808
124814
124820
124826
124832
124838
124844
124850
124856
124862
124868
124874
124880
124886
124892
124898
124904
124910
124916
124922
124928
124934
124940
124946
124952
124958
124964
124970
124976
124982
124988
124994
125000
125006
125012
125018
125024
125030
125036
125042
125048
125054
125060
125066
125072
125078
125084
125090
125096
125102
125108
125114
125120
125126
125132
125138
125144
125150
125156
125162
125168
125174
125180
125186
125192
125198
125204
125210
125216
125222
125228
125234
125240
125246
125252
125258
125264
125270
125276
125282
125288
125294
125300
125306
125312
125318
125324
125330
125336
125342
125348
125354
125360
125366
125372
125378
125384
125390
125396
125402
125408
125414
125420
125426
125432
125438
125444
125450
125456
125462
125468
125474
125480
125486
125492
125498
125504
125510
125516
125522
125528
125534
125540
125546
125552
125558
125564
125570
125576
125582
125588
125594
125600
125606
125612
125618
125624
125630
125636
125642
125648
125654
125660
125666
125672
125678
125684
125690
125696
125702
125708
125714
125720
125726
125732
125738
125744
125750
125756
125762
125768
125774
125780
125786
125792
125798
125804
125810
125816
125822
125828
125834
125840
125846
125852
125858
125864
125870
125876
125882
125888
125894
125900
125906
125912
125918
125924
125930
125936
125942
125948
125954
125960
125966
125972
125978
125984
125990
125996
126002
126008
126014
126020
126026
126032
126038
126044
126050
126056
126062
126068
126074
126080
126086
126092
126098
126104
126110
126116
126122
126128
126134
126140
126146
126152
126158
126164
126170
126176
126182
126188
126194
126200
126206
126212
126218
126224
126230
126236
126242
126248
126254
126260
126266
126272
126278
126284
126290
126296
126302
126308
126314
126320
126326
126332
126338
126344
126350
126356
126362
126368
126374
126380
126386
126392
126398
126404
126410
126416
126422
126428
126434
126440
126446
126452
126458
126464
126470
126476
126482
126488
126494
126500
126506
126512
126518
126524
126530
126536
126542
126548
126554
126560
126566
126572
126578
126584
126590
126596
126602
126608
126614
126620
126626
126632
126638
126644
126650
126656
126662
126668
126674
126680
126686
126692
126698
126704
126710
126716
126722
126728
126734
126740
126746
126752
126758
126764
126770
126776
126782
126788
126794
126800
126806
126812
126818
126824
126830
126836
126842
126848
126854
126860
126866
126872
126878
126884
126890
126896
126902
126908
126914
126920
126926
126932
126938
126944
126950
126956
126962
126968
126974
126980
126986
126992
126998
127004
127010
127016
127022
127028
127034
127040
127046
127052
127058
127064
127070
127076
127082
127088
127094
127100
127106
127112
127118
127124
127130
127136
127142
127148
127154
127160
127166
127172
127178
127184
127190
127196
127202
127208
127214
127220
127226
127232
127238
127244
127250
127256
127262
127268
127274
127280
127286
127292
127298
127304
127310
127316
127322
127328
127334
127340
127346
127352
127358
127364
127370
127376
127382
127388
127394
127400
127406
127412
127418
127424
127430
127436
127442
127448
127454
127460
127466
127472
127478
127484
127490
127496
127502
127508
127514
127520
127526
127532
127538
127544
127550
127556
127562
127568
127574
127580
127586
127592
127598
127604
127610
127616
127622
127628
127634
127640
127646
127652
127658
127664
127670
127676
127682
127688
127694
127700
127706
127712
127718
127724
127730
127736
127742
127748
127754
127760
127766
127772
127778
127784
127790
127796
127802
127808
127814
127820
127826
127832
127838
127844
127850
127856
127862
127868
127874
127880
127886
127892
127898
127904
127910
127916
127922
127928
127934
127940
127946
127952
127958
127964
127970
127976
127982
127988
127994
128000
128006
128012
128018
128024
128030
128036
128042
128048
128054
128060
128066
128072
128078
128084
128090
128096
128102
128108
128114
128120
128126
128132
128138
128144
128150
128156
128162
128168
128174
128180
128186
128192
128198
128204
128210
128216
128222
128228
128234
128240
128246
128252
128258
128264
128270
128276
128282
128288
128294
128300
128306
128312
128318
128324
128330
128336
128342
128348
128354
128360
128366
128372
128378
128384
128390
128396
128402
128408
128414
128420
128426
128432
128438
128444
128450
128456
128462
128468
128474
128480
128486
128492
128498
128504
128510
128516
128522
128528
128534
128540
128546
128552
128558
128564
128570
128576
128582
128588
128594
128600
128606
128612
128618
128624
128630
128636
128642
128648
128654
128660
128666
128672
128678
128684
128690
128696
128702
128708
128714
128720
128726
128732
128738
128744
128750
128756
128762
128768
128774
128780
128786
128792
128798
128804
128810
128816
128822
128828
128834
128840
128846
128852
128858
128864
128870
128876
128882
128888
128894
128900
128906
128912
128918
128924
128930
128936
128942
128948
128954
128960
128966
128972
128978
128984
128990
128996
129002
129008
129014
129020
129026
129032
129038
129044
129050
129056
129062
129068
129074
129080
129086
129092
129098
129104
129110
129116
129122
129128
129134
129140
129146
129152
129158
129164
129170
129176
129182
129188
129194
129200
129206
129212
129218
129224
129230
129236
129242
129248
129254
129260
129266
129272
129278
129284
129290
129296
129302
129308
129314
129320
129326
129332
129338
129344
129350
129356
129362
129368
129374
129380
129386
129392
129398
129404
129410
129416
129422
129428
129434
129440
129446
129452
129458
129464
129470
129476
129482
129488
129494
129500
129506
129512
129518
129524
129530
129536
129542
129548
129554
129560
129566
129572
129578
129584
129590
129596
129602
129608
129614
129620
129626
129632
129638
129644
129650
129656
129662
129668
129674
129680
129686
129692
129698
129704
129710
129716
129722
129728
129734
129740
129746
129752
129758
129764
129770
129776
129782
129788
129794
129800
129806
129812
129818
129824
129830
129836
129842
129848
129854
129860
129866
129872
129878
129884
129890
129896
129902
129908
129914
129920
129926
129932
129938
129944
129950
129956
129962
129968
129974
129980
129986
129992
129998
130004
130010
130016
130022
130028
130034
130040
130046
130052
130058
130064
130070
130076
130082
130088
130094
130100
130106
130112
130118
130124
130130
130136
130142
130148
130154
130160
130166
130172
130178
130184
130190
130196
130202
130208
130214
130220
130226
130232
130238
130244
130250
130256
130262
130268
130274
130280
130286
130292
130298
130304
130310
130316
130322
130328
130334
130340
130346
130352
130358
130364
130370
130376
130382
130388
130394
130400
130406
130412
130418
130424
130430
130436
130442
130448
130454
130460
130466
130472
130478
130484
130490
130496
130502
130508
130514
130520
130526
130532
130538
130544
130550
130556
130562
130568
130574
130580
130586
130592
130598
130604
130610
130616
130622
130628
130634
130640
130646
130652
130658
130664
130670
130676
130682
130688
130694
130700
130706
130712
130718
130724
130730
130736
130742
130748
130754
130760
130766
130772
130778
130784
130790
130796
130802
130808
130814
130820
130826
130832
130838
130844
130850
130856
130862
130868
130874
130880
130886
130892
130898
130904
130910
130916
130922
130928
130934
130940
130946
130952
130958
130964
130970
130976
130982
130988
130994
131000
131006
131012
131018
131024
131030
131036
131042
131048
131054
131060
131066
131072
131078
131084
131090
131096
131102
131108
131114
131120
131126
131132
131138
131144
131150
131156
131162
131168
131174
131180
131186
131192
131198
131204
131210
131216
131222
131228
131234
131240
131246
131252
131258
131264
131270
131276
131282
131288
131294
131300
131306
131312
131318
131324
131330
131336
131342
131348
131354
131360
131366
131372
131378
131384
131390
131396
131402
131408
131414
131420
131426
131432
131438
131444
131450
131456
131462
131468
131474
131480
131486
131492
131498
131504
131510
131516
131522
131528
131534
131540
131546
131552
131558
131564
131570
131576
131582
131588
131594
131600
131606
131612
131618
131624
131630
131636
131642
131648
131654
131660
131666
131672
131678
131684
131690
131696
131702
131708
131714
131720
131726
131732
131738
131744
131750
131756
131762
131768
131774
131780
131786
131792
131798
131804
131810
131816
131822
131828
131834
131840
131846
131852
131858
131864
131870
131876
131882
131888
131894
131900
131906
131912
131918
131924
131930
131936
131942
131948
131954
131960
131966
131972
131978
131984
131990
131996
132002
132008
132014
132020
132026
132032
132038
132044
132050
132056
132062
132068
132074
132080
132086
132092
132098
132104
132110
132116
132122
132128
132134
132140
132146
132152
132158
132164
132170
132176
132182
132188
132194
132200
132206
132212
132218
132224
132230
132236
132242
132248
132254
132260
132266
132272
132278
132284
132290
132296
132302
132308
132314
132320
132326
132332
132338
132344
132350
132356
132362
132368
132374
132380
132386
132392
132398
132404
132410
132416
132422
132428
132434
132440
132446
132452
132458
132464
132470
132476
132482
132488
132494
132500
132506
132512
132518
132524
132530
132536
132542
132548
132554
132560
132566
132572
132578
132584
132590
132596
132602
132608
132614
132620
132626
132632
132638
132644
132650
132656
132662
132668
132674
132680
132686
132692
132698
132704
132710
132716
132722
132728
132734
132740
132746
132752
132758
132764
132770
132776
132782
132788
132794
132800
132806
132812
132818
132824
132830
132836
132842
132848
132854
132860
132866
132872
132878
132884
132890
132896
132902
132908
132914
132920
132926
132932
132938
132944
132950
132956
132962
132968
132974
132980
132986
132992
132998
133004
133010
133016
133022
133028
133034
133040
133046
133052
133058
133064
133070
133076
133082
133088
133094
133100
133106
133112
133118
133124
133130
133136
133142
133148
133154
133160
133166
133172
133178
133184
133190
133196
133202
133208
133214
133220
133226
133232
133238
133244
133250
133256
133262
133268
133274
133280
133286
133292
133298
133304
133310
133316
133322
133328
133334
133340
133346
133352
133358
133364
133370
133376
133382
133388
133394
133400
133406
133412
133418
133424
133430
133436
133442
133448
133454
133460
133466
133472
133478
133484
133490
133496
133502
133508
133514
133520
133526
133532
133538
133544
133550
133556
133562
133568
133574
133580
133586
133592
133598
133604
133610
133616
133622
133628
133634
133640
133646
133652
133658
133664
133670
133676
133682
133688
133694
133700
133706
133712
133718
133724
133730
133736
133742
133748
133754
133760
133766
133772
133778
133784
133790
133796
133802
133808
133814
133820
133826
133832
133838
133844
133850
133856
133862
133868
133874
133880
133886
133892
133898
133904
133910
133916
133922
133928
133934
133940
133946
133952
133958
133964
133970
133976
133982
133988
133994
134000
134006
134012
134018
134024
134030
134036
134042
134048
134054
134060
134066
134072
134078
134084
134090
134096
134102
134108
134114
134120
134126
134132
134138
134144
134150
134156
134162
134168
134174
134180
134186
134192
134198
134204
134210
134216
134222
134228
134234
134240
134246
134252
134258
134264
134270
134276
134282
134288
134294
134300
134306
134312
134318
134324
134330
134336
134342
134348
134354
134360
134366
134372
134378
134384
134390
134396
134402
134408
134414
134420
134426
134432
134438
134444
134450
134456
134462
134468
134474
134480
134486
134492
134498
134504
134510
134516
134522
134528
134534
134540
134546
134552
134558
134564
134570
134576
134582
134588
134594
134600
134606
134612
134618
134624
134630
134636
134642
134648
134654
134660
134666
134672
134678
134684
134690
134696
134702
134708
134714
134720
134726
134732
134738
134744
134750
134756
134762
134768
134774
134780
134786
134792
134798
134804
134810
134816
134822
134828
134834
134840
134846
134852
134858
134864
134870
134876
134882
134888
134894
134900
134906
134912
134918
134924
134930
134936
134942
134948
134954
134960
134966
134972
134978
134984
134990
134996
135002
135008
135014
135020
135026
135032
135038
135044
135050
135056
135062
135068
135074
135080
135086
135092
135098
135104
135110
135116
135122
135128
135134
135140
135146
135152
135158
135164
135170
135176
135182
135188
135194
135200
135206
135212
135218
135224
135230
135236
135242
135248
135254
135260
135266
135272
135278
135284
135290
135296
135302
135308
135314
135320
135326
135332
135338
135344
135350
135356
135362
135368
135374
135380
135386
135392
135398
135404
135410
135416
135422
135428
135434
135440
135446
135452
135458
135464
135470
135476
135482
135488
135494
135500
135506
135512
135518
135524
135530
135536
135542
135548
135554
135560
135566
135572
135578
135584
135590
135596
135602
135608
135614
135620
135626
135632
135638
135644
135650
135656
135662
135668
135674
135680
135686
135692
135698
135704
135710
135716
135722
135728
135734
135740
135746
135752
135758
135764
135770
135776
135782
135788
135794
135800
135806
135812
135818
135824
135830
135836
135842
135848
135854
135860
135866
135872
135878
135884
135890
135896
135902
135908
135914
135920
135926
135932
135938
135944
135950
135956
135962
135968
135974
135980
135986
135992
135998
136004
136010
136016
136022
136028
136034
136040
136046
136052
136058
136064
136070
136076
136082
136088
136094
136100
136106
136112
136118
136124
136130
136136
136142
136148
136154
136160
136166
136172
136178
136184
136190
136196
136202
136208
136214
136220
136226
136232
136238
136244
136250
136256
136262
136268
136274
136280
136286
136292
136298
136304
136310
136316
136322
136328
136334
136340
136346
136352
136358
136364
136370
136376
136382
136388
136394
136400
136406
136412
136418
136424
136430
136436
136442
136448
136454
136460
136466
136472
136478
136484
136490
136496
136502
136508
136514
136520
136526
136532
136538
136544
136550
136556
136562
136568
136574
136580
136586
136592
136598
136604
136610
136616
136622
136628
136634
136640
136646
136652
136658
136664
136670
136676
136682
136688
136694
136700
136706
136712
136718
136724
136730
136736
136742
136748
136754
136760
136766
136772
136778
136784
136790
136796
136802
136808
136814
136820
136826
136832
136838
136844
136850
136856
136862
136868
136874
136880
136886
136892
136898
136904
136910
136916
136922
136928
136934
136940
136946
136952
136958
136964
136970
136976
136982
136988
136994
137000
137006
137012
137018
137024
137030
137036
137042
137048
137054
137060
137066
137072
137078
137084
137090
137096
137102
137108
137114
137120
137126
137132
137138
137144
137150
137156
137162
137168
137174
137180
137186
137192
137198
137204
137210
137216
137222
137228
137234
137240
137246
137252
137258
137264
137270
137276
137282
137288
137294
137300
137306
137312
137318
137324
137330
137336
137342
137348
137354
137360
137366
137372
137378
137384
137390
137396
137402
137408
137414
137420
137426
137432
137438
137444
137450
137456
137462
137468
137474
137480
137486
137492
137498
137504
137510
137516
137522
137528
137534
137540
137546
137552
137558
137564
137570
137576
137582
137588
137594
137600
137606
137612
137618
137624
137630
137636
137642
137648
137654
137660
137666
137672
137678
137684
137690
137696
137702
137708
137714
137720
137726
137732
137738
137744
137750
137756
137762
137768
137774
137780
137786
137792
137798
137804
137810
137816
137822
137828
137834
137840
137846
137852
137858
137864
137870
137876
137882
137888
137894
137900
137906
137912
137918
137924
137930
137936
137942
137948
137954
137960
137966
137972
137978
137984
137990
137996
138002
138008
138014
138020
138026
138032
138038
138044
138050
138056
138062
138068
138074
138080
138086
138092
138098
138104
138110
138116
138122
138128
138134
138140
138146
138152
138158
138164
138170
138176
138182
138188
138194
138200
138206
138212
138218
138224
138230
138236
138242
138248
138254
138260
138266
138272
138278
138284
138290
138296
138302
138308
138314
138320
138326
138332
138338
138344
138350
138356
138362
138368
138374
138380
138386
138392
138398
138404
138410
138416
138422
138428
138434
138440
138446
138452
138458
138464
138470
138476
138482
138488
138494
138500
138506
138512
138518
138524
138530
138536
138542
138548
138554
138560
138566
138572
138578
138584
138590
138596
138602
138608
138614
138620
138626
138632
138638
138644
138650
138656
138662
138668
138674
138680
138686
138692
138698
138704
138710
138716
138722
138728
138734
138740
138746
138752
138758
138764
138770
138776
138782
138788
138794
138800
138806
138812
138818
138824
138830
138836
138842
138848
138854
138860
138866
138872
138878
138884
138890
138896
138902
138908
138914
138920
138926
138932
138938
138944
138950
138956
138962
138968
138974
138980
138986
138992
138998
139004
139010
139016
139022
139028
139034
139040
139046
139052
139058
139064
139070
139076
139082
139088
139094
139100
139106
139112
139118
139124
139130
139136
139142
139148
139154
139160
139166
139172
139178
139184
139190
139196
139202
139208
139214
139220
139226
139232
139238
139244
139250
139256
139262
139268
139274
139280
139286
139292
139298
139304
139310
139316
139322
139328
139334
139340
139346
139352
139358
139364
139370
139376
139382
139388
139394
139400
139406
139412
139418
139424
139430
139436
139442
139448
139454
139460
139466
139472
139478
139484
139490
139496
139502
139508
139514
139520
139526
139532
139538
139544
139550
139556
139562
139568
139574
139580
139586
139592
139598
139604
139610
139616
139622
139628
139634
139640
139646
139652
139658
139664
139670
139676
139682
139688
139694
139700
139706
139712
139718
139724
139730
139736
139742
139748
139754
139760
139766
139772
139778
139784
139790
139796
139802
139808
139814
139820
139826
139832
139838
139844
139850
139856
139862
139868
139874
139880
139886
139892
139898
139904
139910
139916
139922
139928
139934
139940
139946
139952
139958
139964
139970
139976
139982
139988
139994
140000
140006
140012
140018
140024
140030
140036
140042
140048
140054
140060
140066
140072
140078
140084
140090
140096
140102
140108
140114
140120
140126
140132
140138
140144
140150
140156
140162
140168
140174
140180
140186
140192
140198
140204
140210
140216
140222
140228
140234
140240
140246
140252
140258
140264
140270
140276
140282
140288
140294
140300
140306
140312
140318
140324
140330
140336
140342
140348
140354
140360
140366
140372
140378
140384
140390
140396
140402
140408
140414
140420
140426
140432
140438
140444
140450
140456
140462
140468
140474
140480
140486
140492
140498
140504
140510
140516
140522
140528
140534
140540
140546
140552
140558
140564
140570
140576
140582
140588
140594
140600
140606
140612
140618
140624
140630
140636
140642
140648
140654
140660
140666
140672
140678
140684
140690
140696
140702
140708
140714
140720
140726
140732
140738
140744
140750
140756
140762
140768
140774
140780
140786
140792
140798
140804
140810
140816
140822
140828
140834
140840
140846
140852
140858
140864
140870
140876
140882
140888
140894
140900
140906
140912
140918
140924
140930
140936
140942
140948
140954
140960
140966
140972
140978
140984
140990
140996
141002
141008
141014
141020
141026
141032
141038
141044
141050
141056
141062
141068
141074
141080
141086
141092
141098
141104
141110
141116
141122
141128
141134
141140
141146
141152
141158
141164
141170
141176
141182
141188
141194
141200
141206
141212
141218
141224
141230
141236
141242
141248
141254
141260
141266
141272
141278
141284
141290
141296
141302
141308
141314
141320
141326
141332
141338
141344
141350
141356
141362
141368
141374
141380
141386
141392
141398
141404
141410
141416
141422
141428
141434
141440
141446
141452
141458
141464
141470
141476
141482
141488
141494
141500
141506
141512
141518
141524
141530
141536
141542
141548
141554
141560
141566
141572
141578
141584
141590
141596
141602
141608
141614
141620
141626
141632
141638
141644
141650
141656
141662
141668
141674
141680
141686
141692
141698
141704
141710
141716
141722
141728
141734
141740
141746
141752
141758
141764
141770
141776
141782
141788
141794
141800
141806
141812
141818
141824
141830
141836
141842
141848
141854
141860
141866
141872
141878
141884
141890
141896
141902
141908
141914
141920
141926
141932
141938
141944
141950
141956
141962
141968
141974
141980
141986
141992
141998
142004
142010
142016
142022
142028
142034
142040
142046
142052
142058
142064
142070
142076
142082
142088
142094
142100
142106
142112
142118
142124
142130
142136
142142
142148
142154
142160
142166
142172
142178
142184
142190
142196
142202
142208
142214
142220
142226
142232
142238
142244
142250
142256
142262
142268
142274
142280
142286
142292
142298
142304
142310
142316
142322
142328
142334
142340
142346
142352
142358
142364
142370
142376
142382
142388
142394
142400
142406
142412
142418
142424
142430
142436
142442
142448
142454
142460
142466
142472
142478
142484
142490
142496
142502
142508
142514
142520
142526
142532
142538
142544
142550
142556
142562
142568
142574
142580
142586
142592
142598
142604
142610
142616
142622
142628
142634
142640
142646
142652
142658
142664
142670
142676
142682
142688
142694
142700
142706
142712
142718
142724
142730
142736
142742
142748
142754
142760
142766
142772
142778
142784
142790
142796
142802
142808
142814
142820
142826
142832
142838
142844
142850
142856
142862
142868
142874
142880
142886
142892
142898
142904
142910
142916
142922
142928
142934
142940
142946
142952
142958
142964
142970
142976
142982
142988
142994
143000
143006
143012
143018
143024
143030
143036
143042
143048
143054
143060
143066
143072
143078
143084
143090
143096
143102
143108
143114
143120
143126
143132
143138
143144
143150
143156
143162
143168
143174
143180
143186
143192
143198
143204
143210
143216
143222
143228
143234
143240
143246
143252
143258
143264
143270
143276
143282
143288
143294
143300
143306
143312
143318
143324
143330
143336
143342
143348
143354
143360
143366
143372
143378
143384
143390
143396
143402
143408
143414
143420
143426
143432
143438
143444
143450
143456
143462
143468
143474
143480
143486
143492
143498
143504
143510
143516
143522
143528
143534
143540
143546
143552
143558
143564
143570
143576
143582
143588
143594
143600
143606
143612
143618
143624
143630
143636
143642
143648
143654
143660
143666
143672
143678
143684
143690
143696
143702
143708
143714
143720
143726
143732
143738
143744
143750
143756
143762
143768
143774
143780
143786
143792
143798
143804
143810
143816
143822
143828
143834
143840
143846
143852
143858
143864
143870
143876
143882
143888
143894
143900
143906
143912
143918
143924
143930
143936
143942
143948
143954
143960
143966
143972
143978
143984
143990
143996
144002
144008
144014
144020
144026
144032
144038
144044
144050
144056
144062
144068
144074
144080
144086
144092
144098
144104
144110
144116
144122
144128
144134
144140
144146
144152
144158
144164
144170
144176
144182
144188
144194
144200
144206
144212
144218
144224
144230
144236
144242
144248
144254
144260
144266
144272
144278
144284
144290
144296
144302
144308
144314
144320
144326
144332
144338
144344
144350
144356
144362
144368
144374
144380
144386
144392
144398
144404
144410
144416
144422
144428
144434
144440
144446
144452
144458
144464
144470
144476
144482
144488
144494
144500
144506
144512
144518
144524
144530
144536
144542
144548
144554
144560
144566
144572
144578
144584
144590
144596
144602
144608
144614
144620
144626
144632
144638
144644
144650
144656
144662
144668
144674
144680
144686
144692
144698
144704
144710
144716
144722
144728
144734
144740
144746
144752
144758
144764
144770
144776
144782
144788
144794
144800
144806
144812
144818
144824
144830
144836
144842
144848
144854
144860
144866
144872
144878
144884
144890
144896
144902
144908
144914
144920
144926
144932
144938
144944
144950
144956
144962
144968
144974
144980
144986
144992
144998
145004
145010
145016
145022
145028
145034
145040
145046
145052
145058
145064
145070
145076
145082
145088
145094
145100
145106
145112
145118
145124
145130
145136
145142
145148
145154
145160
145166
145172
145178
145184
145190
145196
145202
145208
145214
145220
145226
145232
145238
145244
145250
145256
145262
145268
145274
145280
145286
145292
145298
145304
145310
145316
145322
145328
145334
145340
145346
145352
145358
145364
145370
145376
145382
145388
145394
145400
145406
145412
145418
145424
145430
145436
145442
145448
145454
145460
145466
145472
145478
145484
145490
145496
145502
145508
145514
145520
145526
145532
145538
145544
145550
145556
145562
145568
145574
145580
145586
145592
145598
145604
145610
145616
145622
145628
145634
145640
145646
145652
145658
145664
145670
145676
145682
145688
145694
145700
145706
145712
145718
145724
145730
145736
145742
145748
145754
145760
145766
145772
145778
145784
145790
145796
145802
145808
145814
145820
145826
145832
145838
145844
145850
145856
145862
145868
145874
145880
145886
145892
145898
145904
145910
145916
145922
145928
145934
145940
145946
145952
145958
145964
145970
145976
145982
145988
145994
146000
146006
146012
146018
146024
146030
146036
146042
146048
146054
146060
146066
146072
146078
146084
146090
146096
146102
146108
146114
146120
146126
146132
146138
146144
146150
146156
146162
146168
146174
146180
146186
146192
146198
146204
146210
146216
146222
146228
146234
146240
146246
146252
146258
146264
146270
146276
146282
146288
146294
146300
146306
146312
146318
146324
146330
146336
146342
146348
146354
146360
146366
146372
146378
146384
146390
146396
146402
146408
146414
146420
146426
146432
146438
146444
146450
146456
146462
146468
146474
146480
146486
146492
146498
146504
146510
146516
146522
146528
146534
146540
146546
146552
146558
146564
146570
146576
146582
146588
146594
146600
146606
146612
146618
146624
146630
146636
146642
146648
146654
146660
146666
146672
146678
146684
146690
146696
146702
146708
146714
146720
146726
146732
146738
146744
146750
146756
146762
146768
146774
146780
146786
146792
146798
146804
146810
146816
146822
146828
146834
146840
146846
146852
146858
146864
146870
146876
146882
146888
146894
146900
146906
146912
146918
146924
146930
146936
146942
146948
146954
146960
146966
146972
146978
146984
146990
146996
147002
147008
147014
147020
147026
147032
147038
147044
147050
147056
147062
147068
147074
147080
147086
147092
147098
147104
147110
147116
147122
147128
147134
147140
147146
147152
147158
147164
147170
147176
147182
147188
147194
147200
147206
147212
147218
147224
147230
147236
147242
147248
147254
147260
147266
147272
147278
147284
147290
147296
147302
147308
147314
147320
147326
147332
147338
147344
147350
147356
147362
147368
147374
147380
147386
147392
147398
147404
147410
147416
147422
147428
147434
147440
147446
147452
147458
147464
147470
147476
147482
147488
147494
147500
147506
147512
147518
147524
147530
147536
147542
147548
147554
147560
147566
147572
147578
147584
147590
147596
147602
147608
147614
147620
147626
147632
147638
147644
147650
147656
147662
147668
147674
147680
147686
147692
147698
147704
147710
147716
147722
147728
147734
147740
147746
147752
147758
147764
147770
147776
147782
147788
147794
147800
147806
147812
147818
147824
147830
147836
147842
147848
147854
147860
147866
147872
147878
147884
147890
147896
147902
147908
147914
147920
147926
147932
147938
147944
147950
147956
147962
147968
147974
147980
147986
147992
147998
148004
148010
148016
148022
148028
148034
148040
148046
148052
148058
148064
148070
148076
148082
148088
148094
148100
148106
148112
148118
148124
148130
148136
148142
148148
148154
148160
148166
148172
148178
148184
148190
148196
148202
148208
148214
148220
148226
148232
148238
148244
148250
148256
148262
148268
148274
148280
148286
148292
148298
148304
148310
148316
148322
148328
148334
148340
148346
148352
148358
148364
148370
148376
148382
148388
148394
148400
148406
148412
148418
148424
148430
148436
148442
148448
148454
148460
148466
148472
148478
148484
148490
148496
148502
148508
148514
148520
148526
148532
148538
148544
148550
148556
148562
148568
148574
148580
148586
148592
148598
148604
148610
148616
148622
148628
148634
148640
148646
148652
148658
148664
148670
148676
148682
148688
148694
148700
148706
148712
148718
148724
148730
148736
148742
148748
148754
148760
148766
148772
148778
148784
148790
148796
148802
148808
148814
148820
148826
148832
148838
148844
148850
148856
148862
148868
148874
148880
148886
148892
148898
148904
148910
148916
148922
148928
148934
148940
148946
148952
148958
148964
148970
148976
148982
148988
148994
149000
149006
149012
149018
149024
149030
149036
149042
149048
149054
149060
149066
149072
149078
149084
149090
149096
149102
149108
149114
149120
149126
149132
149138
149144
149150
149156
149162
149168
149174
149180
149186
149192
149198
149204
149210
149216
149222
149228
149234
149240
149246
149252
149258
149264
149270
149276
149282
149288
149294
149300
149306
149312
149318
149324
149330
149336
149342
149348
149354
149360
149366
149372
149378
149384
149390
149396
149402
149408
149414
149420
149426
149432
149438
149444
149450
149456
149462
149468
149474
149480
149486
149492
149498
149504
149510
149516
149522
149528
149534
149540
149546
149552
149558
149564
149570
149576
149582
149588
149594
149600
149606
149612
149618
149624
149630
149636
149642
149648
149654
149660
149666
149672
149678
149684
149690
149696
149702
149708
149714
149720
149726
149732
149738
149744
149750
149756
149762
149768
149774
149780
149786
149792
149798
149804
149810
149816
149822
149828
149834
149840
149846
149852
149858
149864
149870
149876
149882
149888
149894
149900
149906
149912
149918
149924
149930
149936
149942
149948
149954
149960
149966
149972
149978
149984
149990
149996
150002
150008
150014
150020
150026
150032
150038
150044
150050
150056
150062
150068
150074
150080
150086
150092
150098
150104
150110
150116
150122
150128
150134
150140
150146
150152
150158
150164
150170
150176
150182
150188
150194
150200
150206
150212
150218
150224
150230
150236
150242
150248
150254
150260
150266
150272
150278
150284
150290
150296
150302
150308
150314
150320
150326
150332
150338
150344
150350
150356
150362
150368
150374
150380
150386
150392
150398
150404
150410
150416
150422
150428
150434
150440
150446
150452
150458
150464
150470
150476
150482
150488
150494
150500
150506
150512
150518
150524
150530
150536
150542
150548
150554
150560
150566
150572
150578
150584
150590
150596
150602
150608
150614
150620
150626
150632
150638
150644
150650
150656
150662
150668
150674
150680
150686
150692
150698
150704
150710
150716
150722
150728
150734
150740
150746
150752
150758
150764
150770
150776
150782
150788
150794
150800
150806
150812
150818
150824
150830
150836
150842
150848
150854
150860
150866
150872
150878
150884
150890
150896
150902
150908
150914
150920
150926
150932
150938
150944
150950
150956
150962
150968
150974
150980
150986
150992
150998
151004
151010
151016
151022
151028
151034
151040
151046
151052
151058
151064
151070
151076
151082
151088
151094
151100
151106
151112
151118
151124
151130
151136
151142
151148
151154
151160
151166
151172
151178
151184
151190
151196
151202
151208
151214
151220
151226
151232
151238
151244
151250
151256
151262
151268
151274
151280
151286
151292
151298
151304
151310
151316
151322
151328
151334
151340
151346
151352
151358
151364
151370
151376
151382
151388
151394
151400
151406
151412
151418
151424
151430
151436
151442
151448
151454
151460
151466
151472
151478
151484
151490
151496
151502
151508
151514
151520
151526
151532
151538
151544
151550
151556
151562
151568
151574
151580
151586
151592
151598
151604
151610
151616
151622
151628
151634
151640
151646
151652
151658
151664
151670
151676
151682
151688
151694
151700
151706
151712
151718
151724
151730
151736
151742
151748
151754
151760
151766
151772
151778
151784
151790
151796
151802
151808
151814
151820
151826
151832
151838
151844
151850
151856
151862
151868
151874
151880
151886
151892
151898
151904
151910
151916
151922
151928
151934
151940
151946
151952
151958
151964
151970
151976
151982
151988
151994
152000
152006
152012
152018
152024
152030
152036
152042
152048
152054
152060
152066
152072
152078
152084
152090
152096
152102
152108
152114
152120
152126
152132
152138
152144
152150
152156
152162
152168
152174
152180
152186
152192
152198
152204
152210
152216
152222
152228
152234
152240
152246
152252
152258
152264
152270
152276
152282
152288
152294
152300
152306
152312
152318
152324
152330
152336
152342
152348
152354
152360
152366
152372
152378
152384
152390
152396
152402
152408
152414
152420
152426
152432
152438
152444
152450
152456
152462
152468
152474
152480
152486
152492
152498
152504
152510
152516
152522
152528
152534
152540
152546
152552
152558
152564
152570
152576
152582
152588
152594
152600
152606
152612
152618
152624
152630
152636
152642
152648
152654
152660
152666
152672
152678
152684
152690
152696
152702
152708
152714
152720
152726
152732
152738
152744
152750
152756
152762
152768
152774
152780
152786
152792
152798
152804
152810
152816
152822
152828
152834
152840
152846
152852
152858
152864
152870
152876
152882
152888
152894
152900
152906
152912
152918
152924
152930
152936
152942
152948
152954
152960
152966
152972
152978
152984
152990
152996
153002
153008
153014
153020
153026
153032
153038
153044
153050
153056
153062
153068
153074
153080
153086
153092
153098
153104
153110
153116
153122
153128
153134
153140
153146
153152
153158
153164
153170
153176
153182
153188
153194
153200
153206
153212
153218
153224
153230
153236
153242
153248
153254
153260
153266
153272
153278
153284
153290
153296
153302
153308
153314
153320
153326
153332
153338
153344
153350
153356
153362
153368
153374
153380
153386
153392
153398
153404
153410
153416
153422
153428
153434
153440
153446
153452
153458
153464
153470
153476
153482
153488
153494
153500
153506
153512
153518
153524
153530
153536
153542
153548
153554
153560
153566
153572
153578
153584
153590
153596
153602
153608
153614
153620
153626
153632
153638
153644
153650
153656
153662
153668
153674
153680
153686
153692
153698
153704
153710
153716
153722
153728
153734
153740
153746
153752
153758
153764
153770
153776
153782
153788
153794
153800
153806
153812
153818
153824
153830
153836
153842
153848
153854
153860
153866
153872
153878
153884
153890
153896
153902
153908
153914
153920
153926
153932
153938
153944
153950
153956
153962
153968
153974
153980
153986
153992
153998
154004
154010
154016
154022
154028
154034
154040
154046
154052
154058
154064
154070
154076
154082
154088
154094
154100
154106
154112
154118
154124
154130
154136
154142
154148
154154
154160
154166
154172
154178
154184
154190
154196
154202
154208
154214
154220
154226
154232
154238
154244
154250
154256
154262
154268
154274
154280
154286
154292
154298
154304
154310
154316
154322
154328
154334
154340
154346
154352
154358
154364
154370
154376
154382
154388
154394
154400
154406
154412
154418
154424
154430
154436
154442
154448
154454
154460
154466
154472
154478
154484
154490
154496
154502
154508
154514
154520
154526
154532
154538
154544
154550
154556
154562
154568
154574
154580
154586
154592
154598
154604
154610
154616
154622
154628
154634
154640
154646
154652
154658
154664
154670
154676
154682
154688
154694
154700
154706
154712
154718
154724
154730
154736
154742
154748
154754
154760
154766
154772
154778
154784
154790
154796
154802
154808
154814
154820
154826
154832
154838
154844
154850
154856
154862
154868
154874
154880
154886
154892
154898
154904
154910
154916
154922
154928
154934
154940
154946
154952
154958
154964
154970
154976
154982
154988
154994
155000
155006
155012
155018
155024
155030
155036
155042
155048
155054
155060
155066
155072
155078
155084
155090
155096
155102
155108
155114
155120
155126
155132
155138
155144
155150
155156
155162
155168
155174
155180
155186
155192
155198
155204
155210
155216
155222
155228
155234
155240
155246
155252
155258
155264
155270
155276
155282
155288
155294
155300
155306
155312
155318
155324
155330
155336
155342
155348
155354
155360
155366
155372
155378
155384
155390
155396
155402
155408
155414
155420
155426
155432
155438
155444
155450
155456
155462
155468
155474
155480
155486
155492
155498
155504
155510
155516
155522
155528
155534
155540
155546
155552
155558
155564
155570
155576
155582
155588
155594
155600
155606
155612
155618
155624
155630
155636
155642
155648
155654
155660
155666
155672
155678
155684
155690
155696
155702
155708
155714
155720
155726
155732
155738
155744
155750
155756
155762
155768
155774
155780
155786
155792
155798
155804
155810
155816
155822
155828
155834
155840
155846
155852
155858
155864
155870
155876
155882
155888
155894
155900
155906
155912
155918
155924
155930
155936
155942
155948
155954
155960
155966
155972
155978
155984
155990
155996
156002
156008
156014
156020
156026
156032
156038
156044
156050
156056
156062
156068
156074
156080
156086
156092
156098
156104
156110
156116
156122
156128
156134
156140
156146
156152
156158
156164
156170
156176
156182
156188
156194
156200
156206
156212
156218
156224
156230
156236
156242
156248
156254
156260
156266
156272
156278
156284
156290
156296
156302
156308
156314
156320
156326
156332
156338
156344
156350
156356
156362
156368
156374
156380
156386
156392
156398
156404
156410
156416
156422
156428
156434
156440
156446
156452
156458
156464
156470
156476
156482
156488
156494
156500
156506
156512
156518
156524
156530
156536
156542
156548
156554
156560
156566
156572
156578
156584
156590
156596
156602
156608
156614
156620
156626
156632
156638
156644
156650
156656
156662
156668
156674
156680
156686
156692
156698
156704
156710
156716
156722
156728
156734
156740
156746
156752
156758
156764
156770
156776
156782
156788
156794
156800
156806
156812
156818
156824
156830
156836
156842
156848
156854
156860
156866
156872
156878
156884
156890
156896
156902
156908
156914
156920
156926
156932
156938
156944
156950
156956
156962
156968
156974
156980
156986
156992
156998
157004
157010
157016
157022
157028
157034
157040
157046
157052
157058
157064
157070
157076
157082
157088
157094
157100
157106
157112
157118
157124
157130
157136
157142
157148
157154
157160
157166
157172
157178
157184
157190
157196
157202
157208
157214
157220
157226
157232
157238
157244
157250
157256
157262
157268
157274
157280
157286
157292
157298
157304
157310
157316
157322
157328
157334
157340
157346
157352
157358
157364
157370
157376
157382
157388
157394
157400
157406
157412
157418
157424
157430
157436
157442
157448
157454
157460
157466
157472
157478
157484
157490
157496
157502
157508
157514
157520
157526
157532
157538
157544
157550
157556
157562
157568
157574
157580
157586
157592
157598
157604
157610
157616
157622
157628
157634
157640
157646
157652
157658
157664
157670
157676
157682
157688
157694
157700
157706
157712
157718
157724
157730
157736
157742
157748
157754
157760
157766
157772
157778
157784
157790
157796
157802
157808
157814
157820
157826
157832
157838
157844
157850
157856
157862
157868
157874
157880
157886
157892
157898
157904
157910
157916
157922
157928
157934
157940
157946
157952
157958
157964
157970
157976
157982
157988
157994
158000
158006
158012
158018
158024
158030
158036
158042
158048
158054
158060
158066
158072
158078
158084
158090
158096
158102
158108
158114
158120
158126
158132
158138
158144
158150
158156
158162
158168
158174
158180
158186
158192
158198
158204
158210
158216
158222
158228
158234
158240
158246
158252
158258
158264
158270
158276
158282
158288
158294
158300
158306
158312
158318
158324
158330
158336
158342
158348
158354
158360
158366
158372
158378
158384
158390
158396
158402
158408
158414
158420
158426
158432
158438
158444
158450
158456
158462
158468
158474
158480
158486
158492
158498
158504
158510
158516
158522
158528
158534
158540
158546
158552
158558
158564
158570
158576
158582
158588
158594
158600
158606
158612
158618
158624
158630
158636
158642
158648
158654
158660
158666
158672
158678
158684
158690
158696
158702
158708
158714
158720
158726
158732
158738
158744
158750
158756
158762
158768
158774
158780
158786
158792
158798
158804
158810
158816
158822
158828
158834
158840
158846
158852
158858
158864
158870
158876
158882
158888
158894
158900
158906
158912
158918
158924
158930
158936
158942
158948
158954
158960
158966
158972
158978
158984
158990
158996
159002
159008
159014
159020
159026
159032
159038
159044
159050
159056
159062
159068
159074
159080
159086
159092
159098
159104
159110
159116
159122
159128
159134
159140
159146
159152
159158
159164
159170
159176
159182
159188
159194
159200
159206
159212
159218
159224
159230
159236
159242
159248
159254
159260
159266
159272
159278
159284
159290
159296
159302
159308
159314
159320
159326
159332
159338
159344
159350
159356
159362
159368
159374
159380
159386
159392
159398
159404
159410
159416
159422
159428
159434
159440
159446
159452
159458
159464
159470
159476
159482
159488
159494
159500
159506
159512
159518
159524
159530
159536
159542
159548
159554
159560
159566
159572
159578
159584
159590
159596
159602
159608
159614
159620
159626
159632
159638
159644
159650
159656
159662
159668
159674
159680
159686
159692
159698
159704
159710
159716
159722
159728
159734
159740
159746
159752
159758
159764
159770
159776
159782
159788
159794
159800
159806
159812
159818
159824
159830
159836
159842
159848
159854
159860
159866
159872
159878
159884
159890
159896
159902
159908
159914
159920
159926
159932
159938
159944
159950
159956
159962
159968
159974
159980
159986
159992
159998
160004
160010
160016
160022
160028
160034
160040
160046
160052
160058
160064
160070
160076
160082
160088
160094
160100
160106
160112
160118
160124
160130
160136
160142
160148
160154
160160
160166
160172
160178
160184
160190
160196
160202
160208
160214
160220
160226
160232
160238
160244
160250
160256
160262
160268
160274
160280
160286
160292
160298
160304
160310
160316
160322
160328
160334
160340
160346
160352
160358
160364
160370
160376
160382
160388
160394
160400
160406
160412
160418
160424
160430
160436
160442
160448
160454
160460
160466
160472
160478
160484
160490
160496
160502
160508
160514
160520
160526
160532
160538
160544
160550
160556
160562
160568
160574
160580
160586
160592
160598
160604
160610
160616
160622
160628
160634
160640
160646
160652
160658
160664
160670
160676
160682
160688
160694
160700
160706
160712
160718
160724
160730
160736
160742
160748
160754
160760
160766
160772
160778
160784
160790
160796
160802
160808
160814
160820
160826
160832
160838
160844
160850
160856
160862
160868
160874
160880
160886
160892
160898
160904
160910
160916
160922
160928
160934
160940
160946
160952
160958
160964
160970
160976
160982
160988
160994
161000
161006
161012
161018
161024
161030
161036
161042
161048
161054
161060
161066
161072
161078
161084
161090
161096
161102
161108
161114
161120
161126
161132
161138
161144
161150
161156
161162
161168
161174
161180
161186
161192
161198
161204
161210
161216
161222
161228
161234
161240
161246
161252
161258
161264
161270
161276
161282
161288
161294
161300
161306
161312
161318
161324
161330
161336
161342
161348
161354
161360
161366
161372
161378
161384
161390
161396
161402
161408
161414
161420
161426
161432
161438
161444
161450
161456
161462
161468
161474
161480
161486
161492
161498
161504
161510
161516
161522
161528
161534
161540
161546
161552
161558
161564
161570
161576
161582
161588
161594
161600
161606
161612
161618
161624
161630
161636
161642
161648
161654
161660
161666
161672
161678
161684
161690
161696
161702
161708
161714
161720
161726
161732
161738
161744
161750
161756
161762
161768
161774
161780
161786
161792
161798
161804
161810
161816
161822
161828
161834
161840
161846
161852
161858
161864
161870
161876
161882
161888
161894
161900
161906
161912
161918
161924
161930
161936
161942
161948
161954
161960
161966
161972
161978
161984
161990
161996
162002
162008
162014
162020
162026
162032
162038
162044
162050
162056
162062
162068
162074
162080
162086
162092
162098
162104
162110
162116
162122
162128
162134
162140
162146
162152
162158
162164
162170
162176
162182
162188
162194
162200
162206
162212
162218
162224
162230
162236
162242
162248
162254
162260
162266
162272
162278
162284
162290
162296
162302
162308
162314
162320
162326
162332
162338
162344
162350
162356
162362
162368
162374
162380
162386
162392
162398
162404
162410
162416
162422
162428
162434
162440
162446
162452
162458
162464
162470
162476
162482
162488
162494
162500
162506
162512
162518
162524
162530
162536
162542
162548
162554
162560
162566
162572
162578
162584
162590
162596
162602
162608
162614
162620
162626
162632
162638
162644
162650
162656
162662
162668
162674
162680
162686
162692
162698
162704
162710
162716
162722
162728
162734
162740
162746
162752
162758
162764
162770
162776
162782
162788
162794
162800
162806
162812
162818
162824
162830
162836
162842
162848
162854
162860
162866
162872
162878
162884
162890
162896
162902
162908
162914
162920
162926
162932
162938
162944
162950
162956
162962
162968
162974
162980
162986
162992
162998
163004
163010
163016
163022
163028
163034
163040
163046
163052
163058
163064
163070
163076
163082
163088
163094
163100
163106
163112
163118
163124
163130
163136
163142
163148
163154
163160
163166
163172
163178
163184
163190
163196
163202
163208
163214
163220
163226
163232
163238
163244
163250
163256
163262
163268
163274
163280
163286
163292
163298
163304
163310
163316
163322
163328
163334
163340
163346
163352
163358
163364
163370
163376
163382
163388
163394
163400
163406
163412
163418
163424
163430
163436
163442
163448
163454
163460
163466
163472
163478
163484
163490
163496
163502
163508
163514
163520
163526
163532
163538
163544
163550
163556
163562
163568
163574
163580
163586
163592
163598
163604
163610
163616
163622
163628
163634
163640
163646
163652
163658
163664
163670
163676
163682
163688
163694
163700
163706
163712
163718
163724
163730
163736
163742
163748
163754
163760
163766
163772
163778
163784
163790
163796
163802
163808
163814
163820
163826
163832
163838
163844
163850
163856
163862
163868
163874
163880
163886
163892
163898
163904
163910
163916
163922
163928
163934
163940
163946
163952
163958
163964
163970
163976
163982
163988
163994
164000
164006
164012
164018
164024
164030
164036
164042
164048
164054
164060
164066
164072
164078
164084
164090
164096
164102
164108
164114
164120
164126
164132
164138
164144
164150
164156
164162
164168
164174
164180
164186
164192
164198
164204
164210
164216
164222
164228
164234
164240
164246
164252
164258
164264
164270
164276
164282
164288
164294
164300
164306
164312
164318
164324
164330
164336
164342
164348
164354
164360
164366
164372
164378
164384
164390
164396
164402
164408
164414
164420
164426
164432
164438
164444
164450
164456
164462
164468
164474
164480
164486
164492
164498
164504
164510
164516
164522
164528
164534
164540
164546
164552
164558
164564
164570
164576
164582
164588
164594
164600
164606
164612
164618
164624
164630
164636
164642
164648
164654
164660
164666
164672
164678
164684
164690
164696
164702
164708
164714
164720
164726
164732
164738
164744
164750
164756
164762
164768
164774
164780
164786
164792
164798
164804
164810
164816
164822
164828
164834
164840
164846
164852
164858
164864
164870
164876
164882
164888
164894
164900
164906
164912
164918
164924
164930
164936
164942
164948
164954
164960
164966
164972
164978
164984
164990
164996
165002
165008
165014
165020
165026
165032
165038
165044
165050
165056
165062
165068
165074
165080
165086
165092
165098
165104
165110
165116
165122
165128
165134
165140
165146
165152
165158
165164
165170
165176
165182
165188
165194
165200
165206
165212
165218
165224
165230
165236
165242
165248
165254
165260
165266
165272
165278
165284
165290
165296
165302
165308
165314
165320
165326
165332
165338
165344
165350
165356
165362
165368
165374
165380
165386
165392
165398
165404
165410
165416
165422
165428
165434
165440
165446
165452
165458
165464
165470
165476
165482
165488
165494
165500
165506
165512
165518
165524
165530
165536
165542
165548
165554
165560
165566
165572
165578
165584
165590
165596
165602
165608
165614
165620
165626
165632
165638
165644
165650
165656
165662
165668
165674
165680
165686
165692
165698
165704
165710
165716
165722
165728
165734
165740
165746
165752
165758
165764
165770
165776
165782
165788
165794
165800
165806
165812
165818
165824
165830
165836
165842
165848
165854
165860
165866
165872
165878
165884
165890
165896
165902
165908
165914
165920
165926
165932
165938
165944
165950
165956
165962
165968
165974
165980
165986
165992
165998
166004
166010
166016
166022
166028
166034
166040
166046
166052
166058
166064
166070
166076
166082
166088
166094
166100
166106
166112
166118
166124
166130
166136
166142
166148
166154
166160
166166
166172
166178
166184
166190
166196
166202
166208
166214
166220
166226
166232
166238
166244
166250
166256
166262
166268
166274
166280
166286
166292
166298
166304
166310
166316
166322
166328
166334
166340
166346
166352
166358
166364
166370
166376
166382
166388
166394
166400
166406
166412
166418
166424
166430
166436
166442
166448
166454
166460
166466
166472
166478
166484
166490
166496
166502
166508
166514
166520
166526
166532
166538
166544
166550
166556
166562
166568
166574
166580
166586
166592
166598
166604
166610
166616
166622
166628
166634
166640
166646
166652
166658
166664
166670
166676
166682
166688
166694
166700
166706
166712
166718
166724
166730
166736
166742
166748
166754
166760
166766
166772
166778
166784
166790
166796
166802
166808
166814
166820
166826
166832
166838
166844
166850
166856
166862
166868
166874
166880
166886
166892
166898
166904
166910
166916
166922
166928
166934
166940
166946
166952
166958
166964
166970
166976
166982
166988
166994
167000
167006
167012
167018
167024
167030
167036
167042
167048
167054
167060
167066
167072
167078
167084
167090
167096
167102
167108
167114
167120
167126
167132
167138
167144
167150
167156
167162
167168
167174
167180
167186
167192
167198
167204
167210
167216
167222
167228
167234
167240
167246
167252
167258
167264
167270
167276
167282
167288
167294
167300
167306
167312
167318
167324
167330
167336
167342
167348
167354
167360
167366
167372
167378
167384
167390
167396
167402
167408
167414
167420
167426
167432
167438
167444
167450
167456
167462
167468
167474
167480
167486
167492
167498
167504
167510
167516
167522
167528
167534
167540
167546
167552
167558
167564
167570
167576
167582
167588
167594
167600
167606
167612
167618
167624
167630
167636
167642
167648
167654
167660
167666
167672
167678
167684
167690
167696
167702
167708
167714
167720
167726
167732
167738
167744
167750
167756
167762
167768
167774
167780
167786
167792
167798
167804
167810
167816
167822
167828
167834
167840
167846
167852
167858
167864
167870
167876
167882
167888
167894
167900
167906
167912
167918
167924
167930
167936
167942
167948
167954
167960
167966
167972
167978
167984
167990
167996
168002
168008
168014
168020
168026
168032
168038
168044
168050
168056
168062
168068
168074
168080
168086
168092
168098
168104
168110
168116
168122
168128
168134
168140
168146
168152
168158
168164
168170
168176
168182
168188
168194
168200
168206
168212
168218
168224
168230
168236
168242
168248
168254
168260
168266
168272
168278
168284
168290
168296
168302
168308
168314
168320
168326
168332
168338
168344
168350
168356
168362
168368
168374
168380
168386
168392
168398
168404
168410
168416
168422
168428
168434
168440
168446
168452
168458
168464
168470
168476
168482
168488
168494
168500
168506
168512
168518
168524
168530
168536
168542
168548
168554
168560
168566
168572
168578
168584
168590
168596
168602
168608
168614
168620
168626
168632
168638
168644
168650
168656
168662
168668
168674
168680
168686
168692
168698
168704
168710
168716
168722
168728
168734
168740
168746
168752
168758
168764
168770
168776
168782
168788
168794
168800
168806
168812
168818
168824
168830
168836
168842
168848
168854
168860
168866
168872
168878
168884
168890
168896
168902
168908
168914
168920
168926
168932
168938
168944
168950
168956
168962
168968
168974
168980
168986
168992
168998
169004
169010
169016
169022
169028
169034
169040
169046
169052
169058
169064
169070
169076
169082
169088
169094
169100
169106
169112
169118
169124
169130
169136
169142
169148
169154
169160
169166
169172
169178
169184
169190
169196
169202
169208
169214
169220
169226
169232
169238
169244
169250
169256
169262
169268
169274
169280
169286
169292
169298
169304
169310
169316
169322
169328
169334
169340
169346
169352
169358
169364
169370
169376
169382
169388
169394
169400
169406
169412
169418
169424
169430
169436
169442
169448
169454
169460
169466
169472
169478
169484
169490
169496
169502
169508
169514
169520
169526
169532
169538
169544
169550
169556
169562
169568
169574
169580
169586
169592
169598
169604
169610
169616
169622
169628
169634
169640
169646
169652
169658
169664
169670
169676
169682
169688
169694
169700
169706
169712
169718
169724
169730
169736
169742
169748
169754
169760
169766
169772
169778
169784
169790
169796
169802
169808
169814
169820
169826
169832
169838
169844
169850
169856
169862
169868
169874
169880
169886
169892
169898
169904
169910
169916
169922
169928
169934
169940
169946
169952
169958
169964
169970
169976
169982
169988
169994
170000
170006
170012
170018
170024
170030
170036
170042
170048
170054
170060
170066
170072
170078
170084
170090
170096
170102
170108
170114
170120
170126
170132
170138
170144
170150
170156
170162
170168
170174
170180
170186
170192
170198
170204
170210
170216
170222
170228
170234
170240
170246
170252
170258
170264
170270
170276
170282
170288
170294
170300
170306
170312
170318
170324
170330
170336
170342
170348
170354
170360
170366
170372
170378
170384
170390
170396
170402
170408
170414
170420
170426
170432
170438
170444
170450
170456
170462
170468
170474
170480
170486
170492
170498
170504
170510
170516
170522
170528
170534
170540
170546
170552
170558
170564
170570
170576
170582
170588
170594
170600
170606
170612
170618
170624
170630
170636
170642
170648
170654
170660
170666
170672
170678
170684
170690
170696
170702
170708
170714
170720
170726
170732
170738
170744
170750
170756
170762
170768
170774
170780
170786
170792
170798
170804
170810
170816
170822
170828
170834
170840
170846
170852
170858
170864
170870
170876
170882
170888
170894
170900
170906
170912
170918
170924
170930
170936
170942
170948
170954
170960
170966
170972
170978
170984
170990
170996
171002
171008
171014
171020
171026
171032
171038
171044
171050
171056
171062
171068
171074
171080
171086
171092
171098
171104
171110
171116
171122
171128
171134
171140
171146
171152
171158
171164
171170
171176
171182
171188
171194
171200
171206
171212
171218
171224
171230
171236
171242
171248
171254
171260
171266
171272
171278
171284
171290
171296
171302
171308
171314
171320
171326
171332
171338
171344
171350
171356
171362
171368
171374
171380
171386
171392
171398
171404
171410
171416
171422
171428
171434
171440
171446
171452
171458
171464
171470
171476
171482
171488
171494
171500
171506
171512
171518
171524
171530
171536
171542
171548
171554
171560
171566
171572
171578
171584
171590
171596
171602
171608
171614
171620
171626
171632
171638
171644
171650
171656
171662
171668
171674
171680
171686
171692
171698
171704
171710
171716
171722
171728
171734
171740
171746
171752
171758
171764
171770
171776
171782
171788
171794
171800
171806
171812
171818
171824
171830
171836
171842
171848
171854
171860
171866
171872
171878
171884
171890
171896
171902
171908
171914
171920
171926
171932
171938
171944
171950
171956
171962
171968
171974
171980
171986
171992
171998
172004
172010
172016
172022
172028
172034
172040
172046
172052
172058
172064
172070
172076
172082
172088
172094
172100
172106
172112
172118
172124
172130
172136
172142
172148
172154
172160
172166
172172
172178
172184
172190
172196
172202
172208
172214
172220
172226
172232
172238
172244
172250
172256
172262
172268
172274
172280
172286
172292
172298
172304
172310
172316
172322
172328
172334
172340
172346
172352
172358
172364
172370
172376
172382
172388
172394
172400
172406
172412
172418
172424
172430
172436
172442
172448
172454
172460
172466
172472
172478
172484
172490
172496
172502
172508
172514
172520
172526
172532
172538
172544
172550
172556
172562
172568
172574
172580
172586
172592
172598
172604
172610
172616
172622
172628
172634
172640
172646
172652
172658
172664
172670
172676
172682
172688
172694
172700
172706
172712
172718
172724
172730
172736
172742
172748
172754
172760
172766
172772
172778
172784
172790
172796
172802
172808
172814
172820
172826
172832
172838
172844
172850
172856
172862
172868
172874
172880
172886
172892
172898
172904
172910
172916
172922
172928
172934
172940
172946
172952
172958
172964
172970
172976
172982
172988
172994
173000
173006
173012
173018
173024
173030
173036
173042
173048
173054
173060
173066
173072
173078
173084
173090
173096
173102
173108
173114
173120
173126
173132
173138
173144
173150
173156
173162
173168
173174
173180
173186
173192
173198
173204
173210
173216
173222
173228
173234
173240
173246
173252
173258
173264
173270
173276
173282
173288
173294
173300
173306
173312
173318
173324
173330
173336
173342
173348
173354
173360
173366
173372
173378
173384
173390
173396
173402
173408
173414
173420
173426
173432
173438
173444
173450
173456
173462
173468
173474
173480
173486
173492
173498
173504
173510
173516
173522
173528
173534
173540
173546
173552
173558
173564
173570
173576
173582
173588
173594
173600
173606
173612
173618
173624
173630
173636
173642
173648
173654
173660
173666
173672
173678
173684
173690
173696
173702
173708
173714
173720
173726
173732
173738
173744
173750
173756
173762
173768
173774
173780
173786
173792
173798
173804
173810
173816
173822
173828
173834
173840
173846
173852
173858
173864
173870
173876
173882
173888
173894
173900
173906
173912
173918
173924
173930
173936
173942
173948
173954
173960
173966
173972
173978
173984
173990
173996
174002
174008
174014
174020
174026
174032
174038
174044
174050
174056
174062
174068
174074
174080
174086
174092
174098
174104
174110
174116
174122
174128
174134
174140
174146
174152
174158
174164
174170
174176
174182
174188
174194
174200
174206
174212
174218
174224
174230
174236
174242
174248
174254
174260
174266
174272
174278
174284
174290
174296
174302
174308
174314
174320
174326
174332
174338
174344
174350
174356
174362
174368
174374
174380
174386
174392
174398
174404
174410
174416
174422
174428
174434
174440
174446
174452
174458
174464
174470
174476
174482
174488
174494
174500
174506
174512
174518
174524
174530
174536
174542
174548
174554
174560
174566
174572
174578
174584
174590
174596
174602
174608
174614
174620
174626
174632
174638
174644
174650
174656
174662
174668
174674
174680
174686
174692
174698
174704
174710
174716
174722
174728
174734
174740
174746
174752
174758
174764
174770
174776
174782
174788
174794
174800
174806
174812
174818
174824
174830
174836
174842
174848
174854
174860
174866
174872
174878
174884
174890
174896
174902
174908
174914
174920
174926
174932
174938
174944
174950
174956
174962
174968
174974
174980
174986
174992
174998
175004
175010
175016
175022
175028
175034
175040
175046
175052
175058
175064
175070
175076
175082
175088
175094
175100
175106
175112
175118
175124
175130
175136
175142
175148
175154
175160
175166
175172
175178
175184
175190
175196
175202
175208
175214
175220
175226
175232
175238
175244
175250
175256
175262
175268
175274
175280
175286
175292
175298
175304
175310
175316
175322
175328
175334
175340
175346
175352
175358
175364
175370
175376
175382
175388
175394
175400
175406
175412
175418
175424
175430
175436
175442
175448
175454
175460
175466
175472
175478
175484
175490
175496
175502
175508
175514
175520
175526
175532
175538
175544
175550
175556
175562
175568
175574
175580
175586
175592
175598
175604
175610
175616
175622
175628
175634
175640
175646
175652
175658
175664
175670
175676
175682
175688
175694
175700
175706
175712
175718
175724
175730
175736
175742
175748
175754
175760
175766
175772
175778
175784
175790
175796
175802
175808
175814
175820
175826
175832
175838
175844
175850
175856
175862
175868
175874
175880
175886
175892
175898
175904
175910
175916
175922
175928
175934
175940
175946
175952
175958
175964
175970
175976
175982
175988
175994
176000
176006
176012
176018
176024
176030
176036
176042
176048
176054
176060
176066
176072
176078
176084
176090
176096
176102
176108
176114
176120
176126
176132
176138
176144
176150
176156
176162
176168
176174
176180
176186
176192
176198
176204
176210
176216
176222
176228
176234
176240
176246
176252
176258
176264
176270
176276
176282
176288
176294
176300
176306
176312
176318
176324
176330
176336
176342
176348
176354
176360
176366
176372
176378
176384
176390
176396
176402
176408
176414
176420
176426
176432
176438
176444
176450
176456
176462
176468
176474
176480
176486
176492
176498
176504
176510
176516
176522
176528
176534
176540
176546
176552
176558
176564
176570
176576
176582
176588
176594
176600
176606
176612
176618
176624
176630
176636
176642
176648
176654
176660
176666
176672
176678
176684
176690
176696
176702
176708
176714
176720
176726
176732
176738
176744
176750
176756
176762
176768
176774
176780
176786
176792
176798
176804
176810
176816
176822
176828
176834
176840
176846
176852
176858
176864
176870
176876
176882
176888
176894
176900
176906
176912
176918
176924
176930
176936
176942
176948
176954
176960
176966
176972
176978
176984
176990
176996
177002
177008
177014
177020
177026
177032
177038
177044
177050
177056
177062
177068
177074
177080
177086
177092
177098
177104
177110
177116
177122
177128
177134
177140
177146
177152
177158
177164
177170
177176
177182
177188
177194
177200
177206
177212
177218
177224
177230
177236
177242
177248
177254
177260
177266
177272
177278
177284
177290
177296
177302
177308
177314
177320
177326
177332
177338
177344
177350
177356
177362
177368
177374
177380
177386
177392
177398
177404
177410
177416
177422
177428
177434
177440
177446
177452
177458
177464
177470
177476
177482
177488
177494
177500
177506
177512
177518
177524
177530
177536
177542
177548
177554
177560
177566
177572
177578
177584
177590
177596
177602
177608
177614
177620
177626
177632
177638
177644
177650
177656
177662
177668
177674
177680
177686
177692
177698
177704
177710
177716
177722
177728
177734
177740
177746
177752
177758
177764
177770
177776
177782
177788
177794
177800
177806
177812
177818
177824
177830
177836
177842
177848
177854
177860
177866
177872
177878
177884
177890
177896
177902
177908
177914
177920
177926
177932
177938
177944
177950
177956
177962
177968
177974
177980
177986
177992
177998
178004
178010
178016
178022
178028
178034
178040
178046
178052
178058
178064
178070
178076
178082
178088
178094
178100
178106
178112
178118
178124
178130
178136
178142
178148
178154
178160
178166
178172
178178
178184
178190
178196
178202
178208
178214
178220
178226
178232
178238
178244
178250
178256
178262
178268
178274
178280
178286
178292
178298
178304
178310
178316
178322
178328
178334
178340
178346
178352
178358
178364
178370
178376
178382
178388
178394
178400
178406
178412
178418
178424
178430
178436
178442
178448
178454
178460
178466
178472
178478
178484
178490
178496
178502
178508
178514
178520
178526
178532
178538
178544
178550
178556
178562
178568
178574
178580
178586
178592
178598
178604
178610
178616
178622
178628
178634
178640
178646
178652
178658
178664
178670
178676
178682
178688
178694
178700
178706
178712
178718
178724
178730
178736
178742
178748
178754
178760
178766
178772
178778
178784
178790
178796
178802
178808
178814
178820
178826
178832
178838
178844
178850
178856
178862
178868
178874
178880
178886
178892
178898
178904
178910
178916
178922
178928
178934
178940
178946
178952
178958
178964
178970
178976
178982
178988
178994
179000
179006
179012
179018
179024
179030
179036
179042
179048
179054
179060
179066
179072
179078
179084
179090
179096
179102
179108
179114
179120
179126
179132
179138
179144
179150
179156
179162
179168
179174
179180
179186
179192
179198
179204
179210
179216
179222
179228
179234
179240
179246
179252
179258
179264
179270
179276
179282
179288
179294
179300
179306
179312
179318
179324
179330
179336
179342
179348
179354
179360
179366
179372
179378
179384
179390
179396
179402
179408
179414
179420
179426
179432
179438
179444
179450
179456
179462
179468
179474
179480
179486
179492
179498
179504
179510
179516
179522
179528
179534
179540
179546
179552
179558
179564
179570
179576
179582
179588
179594
179600
179606
179612
179618
179624
179630
179636
179642
179648
179654
179660
179666
179672
179678
179684
179690
179696
179702
179708
179714
179720
179726
179732
179738
179744
179750
179756
179762
179768
179774
179780
179786
179792
179798
179804
179810
179816
179822
179828
179834
179840
179846
179852
179858
179864
179870
179876
179882
179888
179894
179900
179906
179912
179918
179924
179930
179936
179942
179948
179954
179960
179966
179972
179978
179984
179990
179996
180002
180008
180014
180020
180026
180032
180038
180044
180050
180056
180062
180068
180074
180080
180086
180092
180098
180104
180110
180116
180122
180128
180134
180140
180146
180152
180158
180164
180170
180176
180182
180188
180194
180200
180206
180212
180218
180224
180230
180236
180242
180248
180254
180260
180266
180272
180278
180284
180290
180296
180302
180308
180314
180320
180326
180332
180338
180344
180350
180356
180362
180368
180374
180380
180386
180392
180398
180404
180410
180416
180422
180428
180434
180440
180446
180452
180458
180464
180470
180476
180482
180488
180494
180500
180506
180512
180518
180524
180530
180536
180542
180548
180554
180560
180566
180572
180578
180584
180590
180596
180602
180608
180614
180620
180626
180632
180638
180644
180650
180656
180662
180668
180674
180680
180686
180692
180698
180704
180710
180716
180722
180728
180734
180740
180746
180752
180758
180764
180770
180776
180782
180788
180794
180800
180806
180812
180818
180824
180830
180836
180842
180848
180854
180860
180866
180872
180878
180884
180890
180896
180902
180908
180914
180920
180926
180932
180938
180944
180950
180956
180962
180968
180974
180980
180986
180992
180998
181004
181010
181016
181022
181028
181034
181040
181046
181052
181058
181064
181070
181076
181082
181088
181094
181100
181106
181112
181118
181124
181130
181136
181142
181148
181154
181160
181166
181172
181178
181184
181190
181196
181202
181208
181214
181220
181226
181232
181238
181244
181250
181256
181262
181268
181274
181280
181286
181292
181298
181304
181310
181316
181322
181328
181334
181340
181346
181352
181358
181364
181370
181376
181382
181388
181394
181400
181406
181412
181418
181424
181430
181436
181442
181448
181454
181460
181466
181472
181478
181484
181490
181496
181502
181508
181514
181520
181526
181532
181538
181544
181550
181556
181562
181568
181574
181580
181586
181592
181598
181604
181610
181616
181622
181628
181634
181640
181646
181652
181658
181664
181670
181676
181682
181688
181694
181700
181706
181712
181718
181724
181730
181736
181742
181748
181754
181760
181766
181772
181778
181784
181790
181796
181802
181808
181814
181820
181826
181832
181838
181844
181850
181856
181862
181868
181874
181880
181886
181892
181898
181904
181910
181916
181922
181928
181934
181940
181946
181952
181958
181964
181970
181976
181982
181988
181994
182000
182006
182012
182018
182024
182030
182036
182042
182048
182054
182060
182066
182072
182078
182084
182090
182096
182102
182108
182114
182120
182126
182132
182138
182144
182150
182156
182162
182168
182174
182180
182186
182192
182198
182204
182210
182216
182222
182228
182234
182240
182246
182252
182258
182264
182270
182276
182282
182288
182294
182300
182306
182312
182318
182324
182330
182336
182342
182348
182354
182360
182366
182372
182378
182384
182390
182396
182402
182408
182414
182420
182426
182432
182438
182444
182450
182456
182462
182468
182474
182480
182486
182492
182498
182504
182510
182516
182522
182528
182534
182540
182546
182552
182558
182564
182570
182576
182582
182588
182594
182600
182606
182612
182618
182624
182630
182636
182642
182648
182654
182660
182666
182672
182678
182684
182690
182696
182702
182708
182714
182720
182726
182732
182738
182744
182750
182756
182762
182768
182774
182780
182786
182792
182798
182804
182810
182816
182822
182828
182834
182840
182846
182852
182858
182864
182870
182876
182882
182888
182894
182900
182906
182912
182918
182924
182930
182936
182942
182948
182954
182960
182966
182972
182978
182984
182990
182996
183002
183008
183014
183020
183026
183032
183038
183044
183050
183056
183062
183068
183074
183080
183086
183092
183098
183104
183110
183116
183122
183128
183134
183140
183146
183152
183158
183164
183170
183176
183182
183188
183194
183200
183206
183212
183218
183224
183230
183236
183242
183248
183254
183260
183266
183272
183278
183284
183290
183296
183302
183308
183314
183320
183326
183332
183338
183344
183350
183356
183362
183368
183374
183380
183386
183392
183398
183404
183410
183416
183422
183428
183434
183440
183446
183452
183458
183464
183470
183476
183482
183488
183494
183500
183506
183512
183518
183524
183530
183536
183542
183548
183554
183560
183566
183572
183578
183584
183590
183596
183602
183608
183614
183620
183626
183632
183638
183644
183650
183656
183662
183668
183674
183680
183686
183692
183698
183704
183710
183716
183722
183728
183734
183740
183746
183752
183758
183764
183770
183776
183782
183788
183794
183800
183806
183812
183818
183824
183830
183836
183842
183848
183854
183860
183866
183872
183878
183884
183890
183896
183902
183908
183914
183920
183926
183932
183938
183944
183950
183956
183962
183968
183974
183980
183986
183992
183998
184004
184010
184016
184022
184028
184034
184040
184046
184052
184058
184064
184070
184076
184082
184088
184094
184100
184106
184112
184118
184124
184130
184136
184142
184148
184154
184160
184166
184172
184178
184184
184190
184196
184202
184208
184214
184220
184226
184232
184238
184244
184250
184256
184262
184268
184274
184280
184286
184292
184298
184304
184310
184316
184322
184328
184334
184340
184346
184352
184358
184364
184370
184376
184382
184388
184394
184400
184406
184412
184418
184424
184430
184436
184442
184448
184454
184460
184466
184472
184478
184484
184490
184496
184502
184508
184514
184520
184526
184532
184538
184544
184550
184556
184562
184568
184574
184580
184586
184592
184598
184604
184610
184616
184622
184628
184634
184640
184646
184652
184658
184664
184670
184676
184682
184688
184694
184700
184706
184712
184718
184724
184730
184736
184742
184748
184754
184760
184766
184772
184778
184784
184790
184796
184802
184808
184814
184820
184826
184832
184838
184844
184850
184856
184862
184868
184874
184880
184886
184892
184898
184904
184910
184916
184922
184928
184934
184940
184946
184952
184958
184964
184970
184976
184982
184988
184994
185000
185006
185012
185018
185024
185030
185036
185042
185048
185054
185060
185066
185072
185078
185084
185090
185096
185102
185108
185114
185120
185126
185132
185138
185144
185150
185156
185162
185168
185174
185180
185186
185192
185198
185204
185210
185216
185222
185228
185234
185240
185246
185252
185258
185264
185270
185276
185282
185288
185294
185300
185306
185312
185318
185324
185330
185336
185342
185348
185354
185360
185366
185372
185378
185384
185390
185396
185402
185408
185414
185420
185426
185432
185438
185444
185450
185456
185462
185468
185474
185480
185486
185492
185498
185504
185510
185516
185522
185528
185534
185540
185546
185552
185558
185564
185570
185576
185582
185588
185594
185600
185606
185612
185618
185624
185630
185636
185642
185648
185654
185660
185666
185672
185678
185684
185690
185696
185702
185708
185714
185720
185726
185732
185738
185744
185750
185756
185762
185768
185774
185780
185786
185792
185798
185804
185810
185816
185822
185828
185834
185840
185846
185852
185858
185864
185870
185876
185882
185888
185894
185900
185906
185912
185918
185924
185930
185936
185942
185948
185954
185960
185966
185972
185978
185984
185990
185996
186002
186008
186014
186020
186026
186032
186038
186044
186050
186056
186062
186068
186074
186080
186086
186092
186098
186104
186110
186116
186122
186128
186134
186140
186146
186152
186158
186164
186170
186176
186182
186188
186194
186200
186206
186212
186218
186224
186230
186236
186242
186248
186254
186260
186266
186272
186278
186284
186290
186296
186302
186308
186314
186320
186326
186332
186338
186344
186350
186356
186362
186368
186374
186380
186386
186392
186398
186404
186410
186416
186422
186428
186434
186440
186446
186452
186458
186464
186470
186476
186482
186488
186494
186500
186506
186512
186518
186524
186530
186536
186542
186548
186554
186560
186566
186572
186578
186584
186590
186596
186602
186608
186614
186620
186626
186632
186638
186644
186650
186656
186662
186668
186674
186680
186686
186692
186698
186704
186710
186716
186722
186728
186734
186740
186746
186752
186758
186764
186770
186776
186782
186788
186794
186800
186806
186812
186818
186824
186830
186836
186842
186848
186854
186860
186866
186872
186878
186884
186890
186896
186902
186908
186914
186920
186926
186932
186938
186944
186950
186956
186962
186968
186974
186980
186986
186992
186998
187004
187010
187016
187022
187028
187034
187040
187046
187052
187058
187064
187070
187076
187082
187088
187094
187100
187106
187112
187118
187124
187130
187136
187142
187148
187154
187160
187166
187172
187178
187184
187190
187196
187202
187208
187214
187220
187226
187232
187238
187244
187250
187256
187262
187268
187274
187280
187286
187292
187298
187304
187310
187316
187322
187328
187334
187340
187346
187352
187358
187364
187370
187376
187382
187388
187394
187400
187406
187412
187418
187424
187430
187436
187442
187448
187454
187460
187466
187472
187478
187484
187490
187496
187502
187508
187514
187520
187526
187532
187538
187544
187550
187556
187562
187568
187574
187580
187586
187592
187598
187604
187610
187616
187622
187628
187634
187640
187646
187652
187658
187664
187670
187676
187682
187688
187694
187700
187706
187712
187718
187724
187730
187736
187742
187748
187754
187760
187766
187772
187778
187784
187790
187796
187802
187808
187814
187820
187826
187832
187838
187844
187850
187856
187862
187868
187874
187880
187886
187892
187898
187904
187910
187916
187922
187928
187934
187940
187946
187952
187958
187964
187970
187976
187982
187988
187994
188000
188006
188012
188018
188024
188030
188036
188042
188048
188054
188060
188066
188072
188078
188084
188090
188096
188102
188108
188114
188120
188126
188132
188138
188144
188150
188156
188162
188168
188174
188180
188186
188192
188198
188204
188210
188216
188222
188228
188234
188240
188246
188252
188258
188264
188270
188276
188282
188288
188294
188300
188306
188312
188318
188324
188330
188336
188342
188348
188354
188360
188366
188372
188378
188384
188390
188396
188402
188408
188414
188420
188426
188432
188438
188444
188450
188456
188462
188468
188474
188480
188486
188492
188498
188504
188510
188516
188522
188528
188534
188540
188546
188552
188558
188564
188570
188576
188582
188588
188594
188600
188606
188612
188618
188624
188630
188636
188642
188648
188654
188660
188666
188672
188678
188684
188690
188696
188702
188708
188714
188720
188726
188732
188738
188744
188750
188756
188762
188768
188774
188780
188786
188792
188798
188804
188810
188816
188822
188828
188834
188840
188846
188852
188858
188864
188870
188876
188882
188888
188894
188900
188906
188912
188918
188924
188930
188936
188942
188948
188954
188960
188966
188972
188978
188984
188990
188996
189002
189008
189014
189020
189026
189032
189038
189044
189050
189056
189062
189068
189074
189080
189086
189092
189098
189104
189110
189116
189122
189128
189134
189140
189146
189152
189158
189164
189170
189176
189182
189188
189194
189200
189206
189212
189218
189224
189230
189236
189242
189248
189254
189260
189266
189272
189278
189284
189290
189296
189302
189308
189314
189320
189326
189332
189338
189344
189350
189356
189362
189368
189374
189380
189386
189392
189398
189404
189410
189416
189422
189428
189434
189440
189446
189452
189458
189464
189470
189476
189482
189488
189494
189500
189506
189512
189518
189524
189530
189536
189542
189548
189554
189560
189566
189572
189578
189584
189590
189596
189602
189608
189614
189620
189626
189632
189638
189644
189650
189656
189662
189668
189674
189680
189686
189692
189698
189704
189710
189716
189722
189728
189734
189740
189746
189752
189758
189764
189770
189776
189782
189788
189794
189800
189806
189812
189818
189824
189830
189836
189842
189848
189854
189860
189866
189872
189878
189884
189890
189896
189902
189908
189914
189920
189926
189932
189938
189944
189950
189956
189962
189968
189974
189980
189986
189992
189998
190004
190010
190016
190022
190028
190034
190040
190046
190052
190058
190064
190070
190076
190082
190088
190094
190100
190106
190112
190118
190124
190130
190136
190142
190148
190154
190160
190166
190172
190178
190184
190190
190196
190202
190208
190214
190220
190226
190232
190238
190244
190250
190256
190262
190268
190274
190280
190286
190292
190298
190304
190310
190316
190322
190328
190334
190340
190346
190352
190358
190364
190370
190376
190382
190388
190394
190400
190406
190412
190418
190424
190430
190436
190442
190448
190454
190460
190466
190472
190478
190484
190490
190496
190502
190508
190514
190520
190526
190532
190538
190544
190550
190556
190562
190568
190574
190580
190586
190592
190598
190604
190610
190616
190622
190628
190634
190640
190646
190652
190658
190664
190670
190676
190682
190688
190694
190700
190706
190712
190718
190724
190730
190736
190742
190748
190754
190760
190766
190772
190778
190784
190790
190796
190802
190808
190814
190820
190826
190832
190838
190844
190850
190856
190862
190868
190874
190880
190886
190892
190898
190904
190910
190916
190922
190928
190934
190940
190946
190952
190958
190964
190970
190976
190982
190988
190994
191000
191006
191012
191018
191024
191030
191036
191042
191048
191054
191060
191066
191072
191078
191084
191090
191096
191102
191108
191114
191120
191126
191132
191138
191144
191150
191156
191162
191168
191174
191180
191186
191192
191198
191204
191210
191216
191222
191228
191234
191240
191246
191252
191258
191264
191270
191276
191282
191288
191294
191300
191306
191312
191318
191324
191330
191336
191342
191348
191354
191360
191366
191372
191378
191384
191390
191396
191402
191408
191414
191420
191426
191432
191438
191444
191450
191456
191462
191468
191474
191480
191486
191492
191498
191504
191510
191516
191522
191528
191534
191540
191546
191552
191558
191564
191570
191576
191582
191588
191594
191600
191606
191612
191618
191624
191630
191636
191642
191648
191654
191660
191666
191672
191678
191684
191690
191696
191702
191708
191714
191720
191726
191732
191738
191744
191750
191756
191762
191768
191774
191780
191786
191792
191798
191804
191810
191816
191822
191828
191834
191840
191846
191852
191858
191864
191870
191876
191882
191888
191894
191900
191906
191912
191918
191924
191930
191936
191942
191948
191954
191960
191966
191972
191978
191984
191990
191996
192002
192008
192014
192020
192026
192032
192038
192044
192050
192056
192062
192068
192074
192080
192086
192092
192098
192104
192110
192116
192122
192128
192134
192140
192146
192152
192158
192164
192170
192176
192182
192188
192194
192200
192206
192212
192218
192224
192230
192236
192242
192248
192254
192260
192266
192272
192278
192284
192290
192296
192302
192308
192314
192320
192326
192332
192338
192344
192350
192356
192362
192368
192374
192380
192386
192392
192398
192404
192410
192416
192422
192428
192434
192440
192446
192452
192458
192464
192470
192476
192482
192488
192494
192500
192506
192512
192518
192524
192530
192536
192542
192548
192554
192560
192566
192572
192578
192584
192590
192596
192602
192608
192614
192620
192626
192632
192638
192644
192650
192656
192662
192668
192674
192680
192686
192692
192698
192704
192710
192716
192722
192728
192734
192740
192746
192752
192758
192764
192770
192776
192782
192788
192794
192800
192806
192812
192818
192824
192830
192836
192842
192848
192854
192860
192866
192872
192878
192884
192890
192896
192902
192908
192914
192920
192926
192932
192938
192944
192950
192956
192962
192968
192974
192980
192986
192992
192998
193004
193010
193016
193022
193028
193034
193040
193046
193052
193058
193064
193070
193076
193082
193088
193094
193100
193106
193112
193118
193124
193130
193136
193142
193148
193154
193160
193166
193172
193178
193184
193190
193196
193202
193208
193214
193220
193226
193232
193238
193244
193250
193256
193262
193268
193274
193280
193286
193292
193298
193304
193310
193316
193322
193328
193334
193340
193346
193352
193358
193364
193370
193376
193382
193388
193394
193400
193406
193412
193418
193424
193430
193436
193442
193448
193454
193460
193466
193472
193478
193484
193490
193496
193502
193508
193514
193520
193526
193532
193538
193544
193550
193556
193562
193568
193574
193580
193586
193592
193598
193604
193610
193616
193622
193628
193634
193640
193646
193652
193658
193664
193670
193676
193682
193688
193694
193700
193706
193712
193718
193724
193730
193736
193742
193748
193754
193760
193766
193772
193778
193784
193790
193796
193802
193808
193814
193820
193826
193832
193838
193844
193850
193856
193862
193868
193874
193880
193886
193892
193898
193904
193910
193916
193922
193928
193934
193940
193946
193952
193958
193964
193970
193976
193982
193988
193994
194000
194006
194012
194018
194024
194030
194036
194042
194048
194054
194060
194066
194072
194078
194084
194090
194096
194102
194108
194114
194120
194126
194132
194138
194144
194150
194156
194162
194168
194174
194180
194186
194192
194198
194204
194210
194216
194222
194228
194234
194240
194246
194252
194258
194264
194270
194276
194282
194288
194294
194300
194306
194312
194318
194324
194330
194336
194342
194348
194354
194360
194366
194372
194378
194384
194390
194396
194402
194408
194414
194420
194426
194432
194438
194444
194450
194456
194462
194468
194474
194480
194486
194492
194498
194504
194510
194516
194522
194528
194534
194540
194546
194552
194558
194564
194570
194576
194582
194588
194594
194600
194606
194612
194618
194624
194630
194636
194642
194648
194654
194660
194666
194672
194678
194684
194690
194696
194702
194708
194714
194720
194726
194732
194738
194744
194750
194756
194762
194768
194774
194780
194786
194792
194798
194804
194810
194816
194822
194828
194834
194840
194846
194852
194858
194864
194870
194876
194882
194888
194894
194900
194906
194912
194918
194924
194930
194936
194942
194948
194954
194960
194966
194972
194978
194984
194990
194996
195002
195008
195014
195020
195026
195032
195038
195044
195050
195056
195062
195068
195074
195080
195086
195092
195098
195104
195110
195116
195122
195128
195134
195140
195146
195152
195158
195164
195170
195176
195182
195188
195194
195200
195206
195212
195218
195224
195230
195236
195242
195248
195254
195260
195266
195272
195278
195284
195290
195296
195302
195308
195314
195320
195326
195332
195338
195344
195350
195356
195362
195368
195374
195380
195386
195392
195398
195404
195410
195416
195422
195428
195434
195440
195446
195452
195458
195464
195470
195476
195482
195488
195494
195500
195506
195512
195518
195524
195530
195536
195542
195548
195554
195560
195566
195572
195578
195584
195590
195596
195602
195608
195614
195620
195626
195632
195638
195644
195650
195656
195662
195668
195674
195680
195686
195692
195698
195704
195710
195716
195722
195728
195734
195740
195746
195752
195758
195764
195770
195776
195782
195788
195794
195800
195806
195812
195818
195824
195830
195836
195842
195848
195854
195860
195866
195872
195878
195884
195890
195896
195902
195908
195914
195920
195926
195932
195938
195944
195950
195956
195962
195968
195974
195980
195986
195992
195998
196004
196010
196016
196022
196028
196034
196040
196046
196052
196058
196064
196070
196076
196082
196088
196094
196100
196106
196112
196118
196124
196130
196136
196142
196148
196154
196160
196166
196172
196178
196184
196190
196196
196202
196208
196214
196220
196226
196232
196238
196244
196250
196256
196262
196268
196274
196280
196286
196292
196298
196304
196310
196316
196322
196328
196334
196340
196346
196352
196358
196364
196370
196376
196382
196388
196394
196400
196406
196412
196418
196424
196430
196436
196442
196448
196454
196460
196466
196472
196478
196484
196490
196496
196502
196508
196514
196520
196526
196532
196538
196544
196550
196556
196562
196568
196574
196580
196586
196592
196598
196604
196610
196616
196622
196628
196634
196640
196646
196652
196658
196664
196670
196676
196682
196688
196694
196700
196706
196712
196718
196724
196730
196736
196742
196748
196754
196760
196766
196772
196778
196784
196790
196796
196802
196808
196814
196820
196826
196832
196838
196844
196850
196856
196862
196868
196874
196880
196886
196892
196898
196904
196910
196916
196922
196928
196934
196940
196946
196952
196958
196964
196970
196976
196982
196988
196994
197000
197006
197012
197018
197024
197030
197036
197042
197048
197054
197060
197066
197072
197078
197084
197090
197096
197102
197108
197114
197120
197126
197132
197138
197144
197150
197156
197162
197168
197174
197180
197186
197192
197198
197204
197210
197216
197222
197228
197234
197240
197246
197252
197258
197264
197270
197276
197282
197288
197294
197300
197306
197312
197318
197324
197330
197336
197342
197348
197354
197360
197366
197372
197378
197384
197390
197396
197402
197408
197414
197420
197426
197432
197438
197444
197450
197456
197462
197468
197474
197480
197486
197492
197498
197504
197510
197516
197522
197528
197534
197540
197546
197552
197558
197564
197570
197576
197582
197588
197594
197600
197606
197612
197618
197624
197630
197636
197642
197648
197654
197660
197666
197672
197678
197684
197690
197696
197702
197708
197714
197720
197726
197732
197738
197744
197750
197756
197762
197768
197774
197780
197786
197792
197798
197804
197810
197816
197822
197828
197834
197840
197846
197852
197858
197864
197870
197876
197882
197888
197894
197900
197906
197912
197918
197924
197930
197936
197942
197948
197954
197960
197966
197972
197978
197984
197990
197996
198002
198008
198014
198020
198026
198032
198038
198044
198050
198056
198062
198068
198074
198080
198086
198092
198098
198104
198110
198116
198122
198128
198134
198140
198146
198152
198158
198164
198170
198176
198182
198188
198194
198200
198206
198212
198218
198224
198230
198236
198242
198248
198254
198260
198266
198272
198278
198284
198290
198296
198302
198308
198314
198320
198326
198332
198338
198344
198350
198356
198362
198368
198374
198380
198386
198392
198398
198404
198410
198416
198422
198428
198434
198440
198446
198452
198458
198464
198470
198476
198482
198488
198494
198500
198506
198512
198518
198524
198530
198536
198542
198548
198554
198560
198566
198572
198578
198584
198590
198596
198602
198608
198614
198620
198626
198632
198638
198644
198650
198656
198662
198668
198674
198680
198686
198692
198698
198704
198710
198716
198722
198728
198734
198740
198746
198752
198758
198764
198770
198776
198782
198788
198794
198800
198806
198812
198818
198824
198830
198836
198842
198848
198854
198860
198866
198872
198878
198884
198890
198896
198902
198908
198914
198920
198926
198932
198938
198944
198950
198956
198962
198968
198974
198980
198986
198992
198998
199004
199010
199016
199022
199028
199034
199040
199046
199052
199058
199064
199070
199076
199082
199088
199094
199100
199106
199112
199118
199124
199130
199136
199142
199148
199154
199160
199166
199172
199178
199184
199190
199196
199202
199208
199214
199220
199226
199232
199238
199244
199250
199256
199262
199268
199274
199280
199286
199292
199298
199304
199310
199316
199322
199328
199334
199340
199346
199352
199358
199364
199370
199376
199382
199388
199394
199400
199406
199412
199418
199424
199430
199436
199442
199448
199454
199460
199466
199472
199478
199484
199490
199496
199502
199508
199514
199520
199526
199532
199538
199544
199550
199556
199562
199568
199574
199580
199586
199592
199598
199604
199610
199616
199622
199628
199634
199640
199646
199652
199658
199664
199670
199676
199682
199688
199694
199700
199706
199712
199718
199724
199730
199736
199742
199748
199754
199760
199766
199772
199778
199784
199790
199796
199802
199808
199814
199820
199826
199832
199838
199844
199850
199856
199862
199868
199874
199880
199886
199892
199898
199904
199910
199916
199922
199928
199934
199940
199946
199952
199958
199964
199970
199976
199982
199988
199994
200000
200005
200011
200017
200023
200029
200035
200041
200047
200053
200059
200065
200071
200077
200083
200089
200095
200101
200107
200113
200119
200125
200131
200137
200143
200149
200155
200161
200167
200173
200179
200185
200191
200197
200203
200209
200215
200221
200227
200233
200239
200245
200251
200257
200263
200269
200275
200281
200287
200293
200299
200305
200311
200317
200323
200329
200335
200341
200347
200353
200359
200365
200371
200377
200383
200389
200395
200401
200407
200413
200419
200425
200431
200437
200443
200449
200455
200461
200467
200473
200479
200485
200491
200497
200503
200509
200515
200521
200527
200533
200539
200545
200551
200557
200563
200569
200575
200581
200587
200593
200599
200605
200611
200617
200623
200629
200635
200641
200647
200653
200659
200665
200671
200677
200683
200689
200695
200701
200707
200713
200719
200725
200731
200737
200743
200749
200755
200761
200767
200773
200779
200785
200791
200797
200803
200809
200815
200821
200827
200833
200839
200845
200851
200857
200863
200869
200875
200881
200887
200893
200899
200905
200911
200917
200923
200929
200935
200941
200947
200953
200959
200965
200971
200977
200983
200989
200995
201001
201007
201013
201019
201025
201031
201037
201043
201049
201055
201061
201067
201073
201079
201085
201091
201097
201103
201109
201115
201121
201127
201133
201139
201145
201151
201157
201163
201169
201175
201181
201187
201193
201199
201205
201211
201217
201223
201229
201235
201241
201247
201253
201259
201265
201271
201277
201283
201289
201295
201301
201307
201313
201319
201325
201331
201337
201343
201349
201355
201361
201367
201373
201379
201385
201391
201397
201403
201409
201415
201421
201427
201433
201439
201445
201451
201457
201463
201469
201475
201481
201487
201493
201499
201505
201511
201517
201523
201529
201535
201541
201547
201553
201559
201565
201571
201577
201583
201589
201595
201601
201607
201613
201619
201625
201631
201637
201643
201649
201655
201661
201667
201673
201679
201685
201691
201697
201703
201709
201715
201721
201727
201733
201739
201745
201751
201757
201763
201769
201775
201781
201787
201793
201799
201805
201811
201817
201823
201829
201835
201841
201847
201853
201859
201865
201871
201877
201883
201889
201895
201901
201907
201913
201919
201925
201931
201937
201943
201949
201955
201961
201967
201973
201979
201985
201991
201997
202003
202009
202015
202021
202027
202033
202039
202045
202051
202057
202063
202069
202075
202081
202087
202093
202099
202105
202111
202117
202123
202129
202135
202141
202147
202153
202159
202165
202171
202177
202183
202189
202195
202201
202207
202213
202219
202225
202231
202237
202243
202249
202255
202261
202267
202273
202279
202285
202291
202297
202303
202309
202315
202321
202327
202333
202339
202345
202351
202357
202363
202369
202375
202381
202387
202393
202399
202405
202411
202417
202423
202429
202435
202441
202447
202453
202459
202465
202471
202477
202483
202489
202495
202501
202507
202513
202519
202525
202531
202537
202543
202549
202555
202561
202567
202573
202579
202585
202591
202597
202603
202609
202615
202621
202627
202633
202639
202645
202651
202657
202663
202669
202675
202681
202687
202693
202699
202705
202711
202717
202723
202729
202735
202741
202747
202753
202759
202765
202771
202777
202783
202789
202795
202801
202807
202813
202819
202825
202831
202837
202843
202849
202855
202861
202867
202873
202879
202885
202891
202897
202903
202909
202915
202921
202927
202933
202939
202945
202951
202957
202963
202969
202975
202981
202987
202993
202999
203005
203011
203017
203023
203029
203035
203041
203047
203053
203059
203065
203071
203077
203083
203089
203095
203101
203107
203113
203119
203125
203131
203137
203143
203149
203155
203161
203167
203173
203179
203185
203191
203197
203203
203209
203215
203221
203227
203233
203239
203245
203251
203257
203263
203269
203275
203281
203287
203293
203299
203305
203311
203317
203323
203329
203335
203341
203347
203353
203359
203365
203371
203377
203383
203389
203395
203401
203407
203413
203419
203425
203431
203437
203443
203449
203455
203461
203467
203473
203479
203485
203491
203497
203503
203509
203515
203521
203527
203533
203539
203545
203551
203557
203563
203569
203575
203581
203587
203593
203599
203605
203611
203617
203623
203629
203635
203641
203647
203653
203659
203665
203671
203677
203683
203689
203695
203701
203707
203713
203719
203725
203731
203737
203743
203749
203755
203761
203767
203773
203779
203785
203791
203797
203803
203809
203815
203821
203827
203833
203839
203845
203851
203857
203863
203869
203875
203881
203887
203893
203899
203905
203911
203917
203923
203929
203935
203941
203947
203953
203959
203965
203971
203977
203983
203989
203995
204001
204007
204013
204019
204025
204031
204037
204043
204049
204055
204061
204067
204073
204079
204085
204091
204097
204103
204109
204115
204121
204127
204133
204139
204145
204151
204157
204163
204169
204175
204181
204187
204193
204199
204205
204211
204217
204223
204229
204235
204241
204247
204253
204259
204265
204271
204277
204283
204289
204295
204301
204307
204313
204319
204325
204331
204337
204343
204349
204355
204361
204367
204373
204379
204385
204391
204397
204403
204409
204415
204421
204427
204433
204439
204445
204451
204457
204463
204469
204475
204481
204487
204493
204499
204505
204511
204517
204523
204529
204535
204541
204547
204553
204559
204565
204571
204577
204583
204589
204595
204601
204607
204613
204619
204625
204631
204637
204643
204649
204655
204661
204667
204673
204679
204685
204691
204697
204703
204709
204715
204721
204727
204733
204739
204745
204751
204757
204763
204769
204775
204781
204787
204793
204799
204805
204811
204817
204823
204829
204835
204841
204847
204853
204859
204865
204871
204877
204883
204889
204895
204901
204907
204913
204919
204925
204931
204937
204943
204949
204955
204961
204967
204973
204979
204985
204991
204997
205003
205009
205015
205021
205027
205033
205039
205045
205051
205057
205063
205069
205075
205081
205087
205093
205099
205105
205111
205117
205123
205129
205135
205141
205147
205153
205159
205165
205171
205177
205183
205189
205195
205201
205207
205213
205219
205225
205231
205237
205243
205249
205255
205261
205267
205273
205279
205285
205291
205297
205303
205309
205315
205321
205327
205333
205339
205345
205351
205357
205363
205369
205375
205381
205387
205393
205399
205405
205411
205417
205423
205429
205435
205441
205447
205453
205459
205465
205471
205477
205483
205489
205495
205501
205507
205513
205519
205525
205531
205537
205543
205549
205555
205561
205567
205573
205579
205585
205591
205597
205603
205609
205615
205621
205627
205633
205639
205645
205651
205657
205663
205669
205675
205681
205687
205693
205699
205705
205711
205717
205723
205729
205735
205741
205747
205753
205759
205765
205771
205777
205783
205789
205795
205801
205807
205813
205819
205825
205831
205837
205843
205849
205855
205861
205867
205873
205879
205885
205891
205897
205903
205909
205915
205921
205927
205933
205939
205945
205951
205957
205963
205969
205975
205981
205987
205993
205999
206005
206011
206017
206023
206029
206035
206041
206047
206053
206059
206065
206071
206077
206083
206089
206095
206101
206107
206113
206119
206125
206131
206137
206143
206149
206155
206161
206167
206173
206179
206185
206191
206197
206203
206209
206215
206221
206227
206233
206239
206245
206251
206257
206263
206269
206275
206281
206287
206293
206299
206305
206311
206317
206323
206329
206335
206341
206347
206353
206359
206365
206371
206377
206383
206389
206395
206401
206407
206413
206419
206425
206431
206437
206443
206449
206455
206461
206467
206473
206479
206485
206491
206497
206503
206509
206515
206521
206527
206533
206539
206545
206551
206557
206563
206569
206575
206581
206587
206593
206599
206605
206611
206617
206623
206629
206635
206641
206647
206653
206659
206665
206671
206677
206683
206689
206695
206701
206707
206713
206719
206725
206731
206737
206743
206749
206755
206761
206767
206773
206779
206785
206791
206797
206803
206809
206815
206821
206827
206833
206839
206845
206851
206857
206863
206869
206875
206881
206887
206893
206899
206905
206911
206917
206923
206929
206935
206941
206947
206953
206959
206965
206971
206977
206983
206989
206995
207001
207007
207013
207019
207025
207031
207037
207043
207049
207055
207061
207067
207073
207079
207085
207091
207097
207103
207109
207115
207121
207127
207133
207139
207145
207151
207157
207163
207169
207175
207181
207187
207193
207199
207205
207211
207217
207223
207229
207235
207241
207247
207253
207259
207265
207271
207277
207283
207289
207295
207301
207307
207313
207319
207325
207331
207337
207343
207349
207355
207361
207367
207373
207379
207385
207391
207397
207403
207409
207415
207421
207427
207433
207439
207445
207451
207457
207463
207469
207475
207481
207487
207493
207499
207505
207511
207517
207523
207529
207535
207541
207547
207553
207559
207565
207571
207577
207583
207589
207595
207601
207607
207613
207619
207625
207631
207637
207643
207649
207655
207661
207667
207673
207679
207685
207691
207697
207703
207709
207715
207721
207727
207733
207739
207745
207751
207757
207763
207769
207775
207781
207787
207793
207799
207805
207811
207817
207823
207829
207835
207841
207847
207853
207859
207865
207871
207877
207883
207889
207895
207901
207907
207913
207919
207925
207931
207937
207943
207949
207955
207961
207967
207973
207979
207985
207991
207997
208003
208009
208015
208021
208027
208033
208039
208045
208051
208057
208063
208069
208075
208081
208087
208093
208099
208105
208111
208117
208123
208129
208135
208141
208147
208153
208159
208165
208171
208177
208183
208189
208195
208201
208207
208213
208219
208225
208231
208237
208243
208249
208255
208261
208267
208273
208279
208285
208291
208297
208303
208309
208315
208321
208327
208333
208339
208345
208351
208357
208363
208369
208375
208381
208387
208393
208399
208405
208411
208417
208423
208429
208435
208441
208447
208453
208459
208465
208471
208477
208483
208489
208495
208501
208507
208513
208519
208525
208531
208537
208543
208549
208555
208561
208567
208573
208579
208585
208591
208597
208603
208609
208615
208621
208627
208633
208639
208645
208651
208657
208663
208669
208675
208681
208687
208693
208699
208705
208711
208717
208723
208729
208735
208741
208747
208753
208759
208765
208771
208777
208783
208789
208795
208801
208807
208813
208819
208825
208831
208837
208843
208849
208855
208861
208867
208873
208879
208885
208891
208897
208903
208909
208915
208921
208927
208933
208939
208945
208951
208957
208963
208969
208975
208981
208987
208993
208999
209005
209011
209017
209023
209029
209035
209041
209047
209053
209059
209065
209071
209077
209083
209089
209095
209101
209107
209113
209119
209125
209131
209137
209143
209149
209155
209161
209167
209173
209179
209185
209191
209197
209203
209209
209215
209221
209227
209233
209239
209245
209251
209257
209263
209269
209275
209281
209287
209293
209299
209305
209311
209317
209323
209329
209335
209341
209347
209353
209359
209365
209371
209377
209383
209389
209395
209401
209407
209413
209419
209425
209431
209437
209443
209449
209455
209461
209467
209473
209479
209485
209491
209497
209503
209509
209515
209521
209527
209533
209539
209545
209551
209557
209563
209569
209575
209581
209587
209593
209599
209605
209611
209617
209623
209629
209635
209641
209647
209653
209659
209665
209671
209677
209683
209689
209695
209701
209707
209713
209719
209725
209731
209737
209743
209749
209755
209761
209767
209773
209779
209785
209791
209797
209803
209809
209815
209821
209827
209833
209839
209845
209851
209857
209863
209869
209875
209881
209887
209893
209899
209905
209911
209917
209923
209929
209935
209941
209947
209953
209959
209965
209971
209977
209983
209989
209995
210001
210007
210013
210019
210025
210031
210037
210043
210049
210055
210061
210067
210073
210079
210085
210091
210097
210103
210109
210115
210121
210127
210133
210139
210145
210151
210157
210163
210169
210175
210181
210187
210193
210199
210205
210211
210217
210223
210229
210235
210241
210247
210253
210259
210265
210271
210277
210283
210289
210295
210301
210307
210313
210319
210325
210331
210337
210343
210349
210355
210361
210367
210373
210379
210385
210391
210397
210403
210409
210415
210421
210427
210433
210439
210445
210451
210457
210463
210469
210475
210481
210487
210493
210499
210505
210511
210517
210523
210529
210535
210541
210547
210553
210559
210565
210571
210577
210583
210589
210595
210601
210607
210613
210619
210625
210631
210637
210643
210649
210655
210661
210667
210673
210679
210685
210691
210697
210703
210709
210715
210721
210727
210733
210739
210745
210751
210757
210763
210769
210775
210781
210787
210793
210799
210805
210811
210817
210823
210829
210835
210841
210847
210853
210859
210865
210871
210877
210883
210889
210895
210901
210907
210913
210919
210925
210931
210937
210943
210949
210955
210961
210967
210973
210979
210985
210991
210997
211003
211009
211015
211021
211027
211033
211039
211045
211051
211057
211063
211069
211075
211081
211087
211093
211099
211105
211111
211117
211123
211129
211135
211141
211147
211153
211159
211165
211171
211177
211183
211189
211195
211201
211207
211213
211219
211225
211231
211237
211243
211249
211255
211261
211267
211273
211279
211285
211291
211297
211303
211309
211315
211321
211327
211333
211339
211345
211351
211357
211363
211369
211375
211381
211387
211393
211399
211405
211411
211417
211423
211429
211435
211441
211447
211453
211459
211465
211471
211477
211483
211489
211495
211501
211507
211513
211519
211525
211531
211537
211543
211549
211555
211561
211567
211573
211579
211585
211591
211597
211603
211609
211615
211621
211627
211633
211639
211645
211651
211657
211663
211669
211675
211681
211687
211693
211699
211705
211711
211717
211723
211729
211735
211741
211747
211753
211759
211765
211771
211777
211783
211789
211795
211801
211807
211813
211819
211825
211831
211837
211843
211849
211855
211861
211867
211873
211879
211885
211891
211897
211903
211909
211915
211921
211927
211933
211939
211945
211951
211957
211963
211969
211975
211981
211987
211993
211999
212005
212011
212017
212023
212029
212035
212041
212047
212053
212059
212065
212071
212077
212083
212089
212095
212101
212107
212113
212119
212125
212131
212137
212143
212149
212155
212161
212167
212173
212179
212185
212191
212197
212203
212209
212215
212221
212227
212233
212239
212245
212251
212257
212263
212269
212275
212281
212287
212293
212299
212305
212311
212317
212323
212329
212335
212341
212347
212353
212359
212365
212371
212377
212383
212389
212395
212401
212407
212413
212419
212425
212431
212437
212443
212449
212455
212461
212467
212473
212479
212485
212491
212497
212503
212509
212515
212521
212527
212533
212539
212545
212551
212557
212563
212569
212575
212581
212587
212593
212599
212605
212611
212617
212623
212629
212635
212641
212647
212653
212659
212665
212671
212677
212683
212689
212695
212701
212707
212713
212719
212725
212731
212737
212743
212749
212755
212761
212767
212773
212779
212785
212791
212797
212803
212809
212815
212821
212827
212833
212839
212845
212851
212857
212863
212869
212875
212881
212887
212893
212899
212905
212911
212917
212923
212929
212935
212941
212947
212953
212959
212965
212971
212977
212983
212989
212995
213001
213007
213013
213019
213025
213031
213037
213043
213049
213055
213061
213067
213073
213079
213085
213091
213097
213103
213109
213115
213121
213127
213133
213139
213145
213151
213157
213163
213169
213175
213181
213187
213193
213199
213205
213211
213217
213223
213229
213235
213241
213247
213253
213259
213265
213271
213277
213283
213289
213295
213301
213307
213313
213319
213325
213331
213337
213343
213349
213355
213361
213367
213373
213379
213385
213391
213397
213403
213409
213415
213421
213427
213433
213439
213445
213451
213457
213463
213469
213475
213481
213487
213493
213499
213505
213511
213517
213523
213529
213535
213541
213547
213553
213559
213565
213571
213577
213583
213589
213595
213601
213607
213613
213619
213625
213631
213637
213643
213649
213655
213661
213667
213673
213679
213685
213691
213697
213703
213709
213715
213721
213727
213733
213739
213745
213751
213757
213763
213769
213775
213781
213787
213793
213799
213805
213811
213817
213823
213829
213835
213841
213847
213853
213859
213865
213871
213877
213883
213889
213895
213901
213907
213913
213919
213925
213931
213937
213943
213949
213955
213961
213967
213973
213979
213985
213991
213997
214003
214009
214015
214021
214027
214033
214039
214045
214051
214057
214063
214069
214075
214081
214087
214093
214099
214105
214111
214117
214123
214129
214135
214141
214147
214153
214159
214165
214171
214177
214183
214189
214195
214201
214207
214213
214219
214225
214231
214237
214243
214249
214255
214261
214267
214273
214279
214285
214291
214297
214303
214309
214315
214321
214327
214333
214339
214345
214351
214357
214363
214369
214375
214381
214387
214393
214399
214405
214411
214417
214423
214429
214435
214441
214447
214453
214459
214465
214471
214477
214483
214489
214495
214501
214507
214513
214519
214525
214531
214537
214543
214549
214555
214561
214567
214573
214579
214585
214591
214597
214603
214609
214615
214621
214627
214633
214639
214645
214651
214657
214663
214669
214675
214681
214687
214693
214699
214705
214711
214717
214723
214729
214735
214741
214747
214753
214759
214765
214771
214777
214783
214789
214795
214801
214807
214813
214819
214825
214831
214837
214843
214849
214855
214861
214867
214873
214879
214885
214891
214897
214903
214909
214915
214921
214927
214933
214939
214945
214951
214957
214963
214969
214975
214981
214987
214993
214999
215005
215011
215017
215023
215029
215035
215041
215047
215053
215059
215065
215071
215077
215083
215089
215095
215101
215107
215113
215119
215125
215131
215137
215143
215149
215155
215161
215167
215173
215179
215185
215191
215197
215203
215209
215215
215221
215227
215233
215239
215245
215251
215257
215263
215269
215275
215281
215287
215293
215299
215305
215311
215317
215323
215329
215335
215341
215347
215353
215359
215365
215371
215377
215383
215389
215395
215401
215407
215413
215419
215425
215431
215437
215443
215449
215455
215461
215467
215473
215479
215485
215491
215497
215503
215509
215515
215521
215527
215533
215539
215545
215551
215557
215563
215569
215575
215581
215587
215593
215599
215605
215611
215617
215623
215629
215635
215641
215647
215653
215659
215665
215671
215677
215683
215689
215695
215701
215707
215713
215719
215725
215731
215737
215743
215749
215755
215761
215767
215773
215779
215785
215791
215797
215803
215809
215815
215821
215827
215833
215839
215845
215851
215857
215863
215869
215875
215881
215887
215893
215899
215905
215911
215917
215923
215929
215935
215941
215947
215953
215959
215965
215971
215977
215983
215989
215995
216001
216007
216013
216019
216025
216031
216037
216043
216049
216055
216061
216067
216073
216079
216085
216091
216097
216103
216109
216115
216121
216127
216133
216139
216145
216151
216157
216163
216169
216175
216181
216187
216193
216199
216205
216211
216217
216223
216229
216235
216241
216247
216253
216259
216265
216271
216277
216283
216289
216295
216301
216307
216313
216319
216325
216331
216337
216343
216349
216355
216361
216367
216373
216379
216385
216391
216397
216403
216409
216415
216421
216427
216433
216439
216445
216451
216457
216463
216469
216475
216481
216487
216493
216499
216505
216511
216517
216523
216529
216535
216541
216547
216553
216559
216565
216571
216577
216583
216589
216595
216601
216607
216613
216619
216625
216631
216637
216643
216649
216655
216661
216667
216673
216679
216685
216691
216697
216703
216709
216715
216721
216727
216733
216739
216745
216751
216757
216763
216769
216775
216781
216787
216793
216799
216805
216811
216817
216823
216829
216835
216841
216847
216853
216859
216865
216871
216877
216883
216889
216895
216901
216907
216913
216919
216925
216931
216937
216943
216949
216955
216961
216967
216973
216979
216985
216991
216997
217003
217009
217015
217021
217027
217033
217039
217045
217051
217057
217063
217069
217075
217081
217087
217093
217099
217105
217111
217117
217123
217129
217135
217141
217147
217153
217159
217165
217171
217177
217183
217189
217195
217201
217207
217213
217219
217225
217231
217237
217243
217249
217255
217261
217267
217273
217279
217285
217291
217297
217303
217309
217315
217321
217327
217333
217339
217345
217351
217357
217363
217369
217375
217381
217387
217393
217399
217405
217411
217417
217423
217429
217435
217441
217447
217453
217459
217465
217471
217477
217483
217489
217495
217501
217507
217513
217519
217525
217531
217537
217543
217549
217555
217561
217567
217573
217579
217585
217591
217597
217603
217609
217615
217621
217627
217633
217639
217645
217651
217657
217663
217669
217675
217681
217687
217693
217699
217705
217711
217717
217723
217729
217735
217741
217747
217753
217759
217765
217771
217777
217783
217789
217795
217801
217807
217813
217819
217825
217831
217837
217843
217849
217855
217861
217867
217873
217879
217885
217891
217897
217903
217909
217915
217921
217927
217933
217939
217945
217951
217957
217963
217969
217975
217981
217987
217993
217999
218005
218011
218017
218023
218029
218035
218041
218047
218053
218059
218065
218071
218077
218083
218089
218095
218101
218107
218113
218119
218125
218131
218137
218143
218149
218155
218161
218167
218173
218179
218185
218191
218197
218203
218209
218215
218221
218227
218233
218239
218245
218251
218257
218263
218269
218275
218281
218287
218293
218299
218305
218311
218317
218323
218329
218335
218341
218347
218353
218359
218365
218371
218377
218383
218389
218395
218401
218407
218413
218419
218425
218431
218437
218443
218449
218455
218461
218467
218473
218479
218485
218491
218497
218503
218509
218515
218521
218527
218533
218539
218545
218551
218557
218563
218569
218575
218581
218587
218593
218599
218605
218611
218617
218623
218629
218635
218641
218647
218653
218659
218665
218671
218677
218683
218689
218695
218701
218707
218713
218719
218725
218731
218737
218743
218749
218755
218761
218767
218773
218779
218785
218791
218797
218803
218809
218815
218821
218827
218833
218839
218845
218851
218857
218863
218869
218875
218881
218887
218893
218899
218905
218911
218917
218923
218929
218935
218941
218947
218953
218959
218965
218971
218977
218983
218989
218995
219001
219007
219013
219019
219025
219031
219037
219043
219049
219055
219061
219067
219073
219079
219085
219091
219097
219103
219109
219115
219121
219127
219133
219139
219145
219151
219157
219163
219169
219175
219181
219187
219193
219199
219205
219211
219217
219223
219229
219235
219241
219247
219253
219259
219265
219271
219277
219283
219289
219295
219301
219307
219313
219319
219325
219331
219337
219343
219349
219355
219361
219367
219373
219379
219385
219391
219397
219403
219409
219415
219421
219427
219433
219439
219445
219451
219457
219463
219469
219475
219481
219487
219493
219499
219505
219511
219517
219523
219529
219535
219541
219547
219553
219559
219565
219571
219577
219583
219589
219595
219601
219607
219613
219619
219625
219631
219637
219643
219649
219655
219661
219667
219673
219679
219685
219691
219697
219703
219709
219715
219721
219727
219733
219739
219745
219751
219757
219763
219769
219775
219781
219787
219793
219799
219805
219811
219817
219823
219829
219835
219841
219847
219853
219859
219865
219871
219877
219883
219889
219895
219901
219907
219913
219919
219925
219931
219937
219943
219949
219955
219961
219967
219973
219979
219985
219991
219997
220003
220009
220015
220021
220027
220033
220039
220045
220051
220057
220063
220069
220075
220081
220087
220093
220099
220105
220111
220117
220123
220129
220135
220141
220147
220153
220159
220165
220171
220177
220183
220189
220195
220201
220207
220213
220219
220225
220231
220237
220243
220249
220255
220261
220267
220273
220279
220285
220291
220297
220303
220309
220315
220321
220327
220333
220339
220345
220351
220357
220363
220369
220375
220381
220387
220393
220399
220405
220411
220417
220423
220429
220435
220441
220447
220453
220459
220465
220471
220477
220483
220489
220495
220501
220507
220513
220519
220525
220531
220537
220543
220549
220555
220561
220567
220573
220579
220585
220591
220597
220603
220609
220615
220621
220627
220633
220639
220645
220651
220657
220663
220669
220675
220681
220687
220693
220699
220705
220711
220717
220723
220729
220735
220741
220747
220753
220759
220765
220771
220777
220783
220789
220795
220801
220807
220813
220819
220825
220831
220837
220843
220849
220855
220861
220867
220873
220879
220885
220891
220897
220903
220909
220915
220921
220927
220933
220939
220945
220951
220957
220963
220969
220975
220981
220987
220993
220999
221005
221011
221017
221023
221029
221035
221041
221047
221053
221059
221065
221071
221077
221083
221089
221095
221101
221107
221113
221119
221125
221131
221137
221143
221149
221155
221161
221167
221173
221179
221185
221191
221197
221203
221209
221215
221221
221227
221233
221239
221245
221251
221257
221263
221269
221275
221281
221287
221293
221299
221305
221311
221317
221323
221329
221335
221341
221347
221353
221359
221365
221371
221377
221383
221389
221395
221401
221407
221413
221419
221425
221431
221437
221443
221449
221455
221461
221467
221473
221479
221485
221491
221497
221503
221509
221515
221521
221527
221533
221539
221545
221551
221557
221563
221569
221575
221581
221587
221593
221599
221605
221611
221617
221623
221629
221635
221641
221647
221653
221659
221665
221671
221677
221683
221689
221695
221701
221707
221713
221719
221725
221731
221737
221743
221749
221755
221761
221767
221773
221779
221785
221791
221797
221803
221809
221815
221821
221827
221833
221839
221845
221851
221857
221863
221869
221875
221881
221887
221893
221899
221905
221911
221917
221923
221929
221935
221941
221947
221953
221959
221965
221971
221977
221983
221989
221995
222001
222007
222013
222019
222025
222031
222037
222043
222049
222055
222061
222067
222073
222079
222085
222091
222097
222103
222109
222115
222121
222127
222133
222139
222145
222151
222157
222163
222169
222175
222181
222187
222193
222199
222205
222211
222217
222223
222229
222235
222241
222247
222253
222259
222265
222271
222277
222283
222289
222295
222301
222307
222313
222319
222325
222331
222337
222343
222349
222355
222361
222367
222373
222379
222385
222391
222397
222403
222409
222415
222421
222427
222433
222439
222445
222451
222457
222463
222469
222475
222481
222487
222493
222499
222505
222511
222517
222523
222529
222535
222541
222547
222553
222559
222565
222571
222577
222583
222589
222595
222601
222607
222613
222619
222625
222631
222637
222643
222649
222655
222661
222667
222673
222679
222685
222691
222697
222703
222709
222715
222721
222727
222733
222739
222745
222751
222757
222763
222769
222775
222781
222787
222793
222799
222805
222811
222817
222823
222829
222835
222841
222847
222853
222859
222865
222871
222877
222883
222889
222895
222901
222907
222913
222919
222925
222931
222937
222943
222949
222955
222961
222967
222973
222979
222985
222991
222997
223003
223009
223015
223021
223027
223033
223039
223045
223051
223057
223063
223069
223075
223081
223087
223093
223099
223105
223111
223117
223123
223129
223135
223141
223147
223153
223159
223165
223171
223177
223183
223189
223195
223201
223207
223213
223219
223225
223231
223237
223243
223249
223255
223261
223267
223273
223279
223285
223291
223297
223303
223309
223315
223321
223327
223333
223339
223345
223351
223357
223363
223369
223375
223381
223387
223393
223399
223405
223411
223417
223423
223429
223435
223441
223447
223453
223459
223465
223471
223477
223483
223489
223495
223501
223507
223513
223519
223525
223531
223537
223543
223549
223555
223561
223567
223573
223579
223585
223591
223597
223603
223609
223615
223621
223627
223633
223639
223645
223651
223657
223663
223669
223675
223681
223687
223693
223699
223705
223711
223717
223723
223729
223735
223741
223747
223753
223759
223765
223771
223777
223783
223789
223795
223801
223807
223813
223819
223825
223831
223837
223843
223849
223855
223861
223867
223873
223879
223885
223891
223897
223903
223909
223915
223921
223927
223933
223939
223945
223951
223957
223963
223969
223975
223981
223987
223993
223999
224005
224011
224017
224023
224029
224035
224041
224047
224053
224059
224065
224071
224077
224083
224089
224095
224101
224107
224113
224119
224125
224131
224137
224143
224149
224155
224161
224167
224173
224179
224185
224191
224197
224203
224209
224215
224221
224227
224233
224239
224245
224251
224257
224263
224269
224275
224281
224287
224293
224299
224305
224311
224317
224323
224329
224335
224341
224347
224353
224359
224365
224371
224377
224383
224389
224395
224401
224407
224413
224419
224425
224431
224437
224443
224449
224455
224461
224467
224473
224479
224485
224491
224497
224503
224509
224515
224521
224527
224533
224539
224545
224551
224557
224563
224569
224575
224581
224587
224593
224599
224605
224611
224617
224623
224629
224635
224641
224647
224653
224659
224665
224671
224677
224683
224689
224695
224701
224707
224713
224719
224725
224731
224737
224743
224749
224755
224761
224767
224773
224779
224785
224791
224797
224803
224809
224815
224821
224827
224833
224839
224845
224851
224857
224863
224869
224875
224881
224887
224893
224899
224905
224911
224917
224923
224929
224935
224941
224947
224953
224959
224965
224971
224977
224983
224989
224995
225001
225007
225013
225019
225025
225031
225037
225043
225049
225055
225061
225067
225073
225079
225085
225091
225097
225103
225109
225115
225121
225127
225133
225139
225145
225151
225157
225163
225169
225175
225181
225187
225193
225199
225205
225211
225217
225223
225229
225235
225241
225247
225253
225259
225265
225271
225277
225283
225289
225295
225301
225307
225313
225319
225325
225331
225337
225343
225349
225355
225361
225367
225373
225379
225385
225391
225397
225403
225409
225415
225421
225427
225433
225439
225445
225451
225457
225463
225469
225475
225481
225487
225493
225499
225505
225511
225517
225523
225529
225535
225541
225547
225553
225559
225565
225571
225577
225583
225589
225595
225601
225607
225613
225619
225625
225631
225637
225643
225649
225655
225661
225667
225673
225679
225685
225691
225697
225703
225709
225715
225721
225727
225733
225739
225745
225751
225757
225763
225769
225775
225781
225787
225793
225799
225805
225811
225817
225823
225829
225835
225841
225847
225853
225859
225865
225871
225877
225883
225889
225895
225901
225907
225913
225919
225925
225931
225937
225943
225949
225955
225961
225967
225973
225979
225985
225991
225997
226003
226009
226015
226021
226027
226033
226039
226045
226051
226057
226063
226069
226075
226081
226087
226093
226099
226105
226111
226117
226123
226129
226135
226141
226147
226153
226159
226165
226171
226177
226183
226189
226195
226201
226207
226213
226219
226225
226231
226237
226243
226249
226255
226261
226267
226273
226279
226285
226291
226297
226303
226309
226315
226321
226327
226333
226339
226345
226351
226357
226363
226369
226375
226381
226387
226393
226399
226405
226411
226417
226423
226429
226435
226441
226447
226453
226459
226465
226471
226477
226483
226489
226495
226501
226507
226513
226519
226525
226531
226537
226543
226549
226555
226561
226567
226573
226579
226585
226591
226597
226603
226609
226615
226621
226627
226633
226639
226645
226651
226657
226663
226669
226675
226681
226687
226693
226699
226705
226711
226717
226723
226729
226735
226741
226747
226753
226759
226765
226771
226777
226783
226789
226795
226801
226807
226813
226819
226825
226831
226837
226843
226849
226855
226861
226867
226873
226879
226885
226891
226897
226903
226909
226915
226921
226927
226933
226939
226945
226951
226957
226963
226969
226975
226981
226987
226993
226999
227005
227011
227017
227023
227029
227035
227041
227047
227053
227059
227065
227071
227077
227083
227089
227095
227101
227107
227113
227119
227125
227131
227137
227143
227149
227155
227161
227167
227173
227179
227185
227191
227197
227203
227209
227215
227221
227227
227233
227239
227245
227251
227257
227263
227269
227275
227281
227287
227293
227299
227305
227311
227317
227323
227329
227335
227341
227347
227353
227359
227365
227371
227377
227383
227389
227395
227401
227407
227413
227419
227425
227431
227437
227443
227449
227455
227461
227467
227473
227479
227485
227491
227497
227503
227509
227515
227521
227527
227533
227539
227545
227551
227557
227563
227569
227575
227581
227587
227593
227599
227605
227611
227617
227623
227629
227635
227641
227647
227653
227659
227665
227671
227677
227683
227689
227695
227701
227707
227713
227719
227725
227731
227737
227743
227749
227755
227761
227767
227773
227779
227785
227791
227797
227803
227809
227815
227821
227827
227833
227839
227845
227851
227857
227863
227869
227875
227881
227887
227893
227899
227905
227911
227917
227923
227929
227935
227941
227947
227953
227959
227965
227971
227977
227983
227989
227995
228001
228007
228013
228019
228025
228031
228037
228043
228049
228055
228061
228067
228073
228079
228085
228091
228097
228103
228109
228115
228121
228127
228133
228139
228145
228151
228157
228163
228169
228175
228181
228187
228193
228199
228205
228211
228217
228223
228229
228235
228241
228247
228253
228259
228265
228271
228277
228283
228289
228295
228301
228307
228313
228319
228325
228331
228337
228343
228349
228355
228361
228367
228373
228379
228385
228391
228397
228403
228409
228415
228421
228427
228433
228439
228445
228451
228457
228463
228469
228475
228481
228487
228493
228499
228505
228511
228517
228523
228529
228535
228541
228547
228553
228559
228565
228571
228577
228583
228589
228595
228601
228607
228613
228619
228625
228631
228637
228643
228649
228655
228661
228667
228673
228679
228685
228691
228697
228703
228709
228715
228721
228727
228733
228739
228745
228751
228757
228763
228769
228775
228781
228787
228793
228799
228805
228811
228817
228823
228829
228835
228841
228847
228853
228859
228865
228871
228877
228883
228889
228895
228901
228907
228913
228919
228925
228931
228937
228943
228949
228955
228961
228967
228973
228979
228985
228991
228997
229003
229009
229015
229021
229027
229033
229039
229045
229051
229057
229063
229069
229075
229081
229087
229093
229099
229105
229111
229117
229123
229129
229135
229141
229147
229153
229159
229165
229171
229177
229183
229189
229195
229201
229207
229213
229219
229225
229231
229237
229243
229249
229255
229261
229267
229273
229279
229285
229291
229297
229303
229309
229315
229321
229327
229333
229339
229345
229351
229357
229363
229369
229375
229381
229387
229393
229399
229405
229411
229417
229423
229429
229435
229441
229447
229453
229459
229465
229471
229477
229483
229489
229495
229501
229507
229513
229519
229525
229531
229537
229543
229549
229555
229561
229567
229573
229579
229585
229591
229597
229603
229609
229615
229621
229627
229633
229639
229645
229651
229657
229663
229669
229675
229681
229687
229693
229699
229705
229711
229717
229723
229729
229735
229741
229747
229753
229759
229765
229771
229777
229783
229789
229795
229801
229807
229813
229819
229825
229831
229837
229843
229849
229855
229861
229867
229873
229879
229885
229891
229897
229903
229909
229915
229921
229927
229933
229939
229945
229951
229957
229963
229969
229975
229981
229987
229993
229999
230005
230011
230017
230023
230029
230035
230041
230047
230053
230059
230065
230071
230077
230083
230089
230095
230101
230107
230113
230119
230125
230131
230137
230143
230149
230155
230161
230167
230173
230179
230185
230191
230197
230203
230209
230215
230221
230227
230233
230239
230245
230251
230257
230263
230269
230275
230281
230287
230293
230299
230305
230311
230317
230323
230329
230335
230341
230347
230353
230359
230365
230371
230377
230383
230389
230395
230401
230407
230413
230419
230425
230431
230437
230443
230449
230455
230461
230467
230473
230479
230485
230491
230497
230503
230509
230515
230521
230527
230533
230539
230545
230551
230557
230563
230569
230575
230581
230587
230593
230599
230605
230611
230617
230623
230629
230635
230641
230647
230653
230659
230665
230671
230677
230683
230689
230695
230701
230707
230713
230719
230725
230731
230737
230743
230749
230755
230761
230767
230773
230779
230785
230791
230797
230803
230809
230815
230821
230827
230833
230839
230845
230851
230857
230863
230869
230875
230881
230887
230893
230899
230905
230911
230917
230923
230929
230935
230941
230947
230953
230959
230965
230971
230977
230983
230989
230995
231001
231007
231013
231019
231025
231031
231037
231043
231049
231055
231061
231067
231073
231079
231085
231091
231097
231103
231109
231115
231121
231127
231133
231139
231145
231151
231157
231163
231169
231175
231181
231187
231193
231199
231205
231211
231217
231223
231229
231235
231241
231247
231253
231259
231265
231271
231277
231283
231289
231295
231301
231307
231313
231319
231325
231331
231337
231343
231349
231355
231361
231367
231373
231379
231385
231391
231397
231403
231409
231415
231421
231427
231433
231439
231445
231451
231457
231463
231469
231475
231481
231487
231493
231499
231505
231511
231517
231523
231529
231535
231541
231547
231553
231559
231565
231571
231577
231583
231589
231595
231601
231607
231613
231619
231625
231631
231637
231643
231649
231655
231661
231667
231673
231679
231685
231691
231697
231703
231709
231715
231721
231727
231733
231739
231745
231751
231757
231763
231769
231775
231781
231787
231793
231799
231805
231811
231817
231823
231829
231835
231841
231847
231853
231859
231865
231871
231877
231883
231889
231895
231901
231907
231913
231919
231925
231931
231937
231943
231949
231955
231961
231967
231973
231979
231985
231991
231997
232003
232009
232015
232021
232027
232033
232039
232045
232051
232057
232063
232069
232075
232081
232087
232093
232099
232105
232111
232117
232123
232129
232135
232141
232147
232153
232159
232165
232171
232177
232183
232189
232195
232201
232207
232213
232219
232225
232231
232237
232243
232249
232255
232261
232267
232273
232279
232285
232291
232297
232303
232309
232315
232321
232327
232333
232339
232345
232351
232357
232363
232369
232375
232381
232387
232393
232399
232405
232411
232417
232423
232429
232435
232441
232447
232453
232459
232465
232471
232477
232483
232489
232495
232501
232507
232513
232519
232525
232531
232537
232543
232549
232555
232561
232567
232573
232579
232585
232591
232597
232603
232609
232615
232621
232627
232633
232639
232645
232651
232657
232663
232669
232675
232681
232687
232693
232699
232705
232711
232717
232723
232729
232735
232741
232747
232753
232759
232765
232771
232777
232783
232789
232795
232801
232807
232813
232819
232825
232831
232837
232843
232849
232855
232861
232867
232873
232879
232885
232891
232897
232903
232909
232915
232921
232927
232933
232939
232945
232951
232957
232963
232969
232975
232981
232987
232993
232999
233005
233011
233017
233023
233029
233035
233041
233047
233053
233059
233065
233071
233077
233083
233089
233095
233101
233107
233113
233119
233125
233131
233137
233143
233149
233155
233161
233167
233173
233179
233185
233191
233197
233203
233209
233215
233221
233227
233233
233239
233245
233251
233257
233263
233269
233275
233281
233287
233293
233299
233305
233311
233317
233323
233329
233335
233341
233347
233353
233359
233365
233371
233377
233383
233389
233395
233401
233407
233413
233419
233425
233431
233437
233443
233449
233455
233461
233467
233473
233479
233485
233491
233497
233503
233509
233515
233521
233527
233533
233539
233545
233551
233557
233563
233569
233575
233581
233587
233593
233599
233605
233611
233617
233623
233629
233635
233641
233647
233653
233659
233665
233671
233677
233683
233689
233695
233701
233707
233713
233719
233725
233731
233737
233743
233749
233755
233761
233767
233773
233779
233785
233791
233797
233803
233809
233815
233821
233827
233833
233839
233845
233851
233857
233863
233869
233875
233881
233887
233893
233899
233905
233911
233917
233923
233929
233935
233941
233947
233953
233959
233965
233971
233977
233983
233989
233995
234001
234007
234013
234019
234025
234031
234037
234043
234049
234055
234061
234067
234073
234079
234085
234091
234097
234103
234109
234115
234121
234127
234133
234139
234145
234151
234157
234163
234169
234175
234181
234187
234193
234199
234205
234211
234217
234223
234229
234235
234241
234247
234253
234259
234265
234271
234277
234283
234289
234295
234301
234307
234313
234319
234325
234331
234337
234343
234349
234355
234361
234367
234373
234379
234385
234391
234397
234403
234409
234415
234421
234427
234433
234439
234445
234451
234457
234463
234469
234475
234481
234487
234493
234499
234505
234511
234517
234523
234529
234535
234541
234547
234553
234559
234565
234571
234577
234583
234589
234595
234601
234607
234613
234619
234625
234631
234637
234643
234649
234655
234661
234667
234673
234679
234685
234691
234697
234703
234709
234715
234721
234727
234733
234739
234745
234751
234757
234763
234769
234775
234781
234787
234793
234799
234805
234811
234817
234823
234829
234835
234841
234847
234853
234859
234865
234871
234877
234883
234889
234895
234901
234907
234913
234919
234925
234931
234937
234943
234949
234955
234961
234967
234973
234979
234985
234991
234997
235003
235009
235015
235021
235027
235033
235039
235045
235051
235057
235063
235069
235075
235081
235087
235093
235099
235105
235111
235117
235123
235129
235135
235141
235147
235153
235159
235165
235171
235177
235183
235189
235195
235201
235207
235213
235219
235225
235231
235237
235243
235249
235255
235261
235267
235273
235279
235285
235291
235297
235303
235309
235315
235321
235327
235333
235339
235345
235351
235357
235363
235369
235375
235381
235387
235393
235399
235405
235411
235417
235423
235429
235435
235441
235447
235453
235459
235465
235471
235477
235483
235489
235495
235501
235507
235513
235519
235525
235531
235537
235543
235549
235555
235561
235567
235573
235579
235585
235591
235597
235603
235609
235615
235621
235627
235633
235639
235645
235651
235657
235663
235669
235675
235681
235687
235693
235699
235705
235711
235717
235723
235729
235735
235741
235747
235753
235759
235765
235771
235777
235783
235789
235795
235801
235807
235813
235819
235825
235831
235837
235843
235849
235855
235861
235867
235873
235879
235885
235891
235897
235903
235909
235915
235921
235927
235933
235939
235945
235951
235957
235963
235969
235975
235981
235987
235993
235999
236005
236011
236017
236023
236029
236035
236041
236047
236053
236059
236065
236071
236077
236083
236089
236095
236101
236107
236113
236119
236125
236131
236137
236143
236149
236155
236161
236167
236173
236179
236185
236191
236197
236203
236209
236215
236221
236227
236233
236239
236245
236251
236257
236263
236269
236275
236281
236287
236293
236299
236305
236311
236317
236323
236329
236335
236341
236347
236353
236359
236365
236371
236377
236383
236389
236395
236401
236407
236413
236419
236425
236431
236437
236443
236449
236455
236461
236467
236473
236479
236485
236491
236497
236503
236509
236515
236521
236527
236533
236539
236545
236551
236557
236563
236569
236575
236581
236587
236593
236599
236605
236611
236617
236623
236629
236635
236641
236647
236653
236659
236665
236671
236677
236683
236689
236695
236701
236707
236713
236719
236725
236731
236737
236743
236749
236755
236761
236767
236773
236779
236785
236791
236797
236803
236809
236815
236821
236827
236833
236839
236845
236851
236857
236863
236869
236875
236881
236887
236893
236899
236905
236911
236917
236923
236929
236935
236941
236947
236953
236959
236965
236971
236977
236983
236989
236995
237001
237007
237013
237019
237025
237031
237037
237043
237049
237055
237061
237067
237073
237079
237085
237091
237097
237103
237109
237115
237121
237127
237133
237139
237145
237151
237157
237163
237169
237175
237181
237187
237193
237199
237205
237211
237217
237223
237229
237235
237241
237247
237253
237259
237265
237271
237277
237283
237289
237295
237301
237307
237313
237319
237325
237331
237337
237343
237349
237355
237361
237367
237373
237379
237385
237391
237397
237403
237409
237415
237421
237427
237433
237439
237445
237451
237457
237463
237469
237475
237481
237487
237493
237499
237505
237511
237517
237523
237529
237535
237541
237547
237553
237559
237565
237571
237577
237583
237589
237595
237601
237607
237613
237619
237625
237631
237637
237643
237649
237655
237661
237667
237673
237679
237685
237691
237697
237703
237709
237715
237721
237727
237733
237739
237745
237751
237757
237763
237769
237775
237781
237787
237793
237799
237805
237811
237817
237823
237829
237835
237841
237847
237853
237859
237865
237871
237877
237883
237889
237895
237901
237907
237913
237919
237925
237931
237937
237943
237949
237955
237961
237967
237973
237979
237985
237991
237997
238003
238009
238015
238021
238027
238033
238039
238045
238051
238057
238063
238069
238075
238081
238087
238093
238099
238105
238111
238117
238123
238129
238135
238141
238147
238153
238159
238165
238171
238177
238183
238189
238195
238201
238207
238213
238219
238225
238231
238237
238243
238249
238255
238261
238267
238273
238279
238285
238291
238297
238303
238309
238315
238321
238327
238333
238339
238345
238351
238357
238363
238369
238375
238381
238387
238393
238399
238405
238411
238417
238423
238429
238435
238441
238447
238453
238459
238465
238471
238477
238483
238489
238495
238501
238507
238513
238519
238525
238531
238537
238543
238549
238555
238561
238567
238573
238579
238585
238591
238597
238603
238609
238615
238621
238627
238633
238639
238645
238651
238657
238663
238669
238675
238681
238687
238693
238699
238705
238711
238717
238723
238729
238735
238741
238747
238753
238759
238765
238771
238777
238783
238789
238795
238801
238807
238813
238819
238825
238831
238837
238843
238849
238855
238861
238867
238873
238879
238885
238891
238897
238903
238909
238915
238921
238927
238933
238939
238945
238951
238957
238963
238969
238975
238981
238987
238993
238999
239005
239011
239017
239023
239029
239035
239041
239047
239053
239059
239065
239071
239077
239083
239089
239095
239101
239107
239113
239119
239125
239131
239137
239143
239149
239155
239161
239167
239173
239179
239185
239191
239197
239203
239209
239215
239221
239227
239233
239239
239245
239251
239257
239263
239269
239275
239281
239287
239293
239299
239305
239311
239317
239323
239329
239335
239341
239347
239353
239359
239365
239371
239377
239383
239389
239395
239401
239407
239413
239419
239425
239431
239437
239443
239449
239455
239461
239467
239473
239479
239485
239491
239497
239503
239509
239515
239521
239527
239533
239539
239545
239551
239557
239563
239569
239575
239581
239587
239593
239599
239605
239611
239617
239623
239629
239635
239641
239647
239653
239659
239665
239671
239677
239683
239689
239695
239701
239707
239713
239719
239725
239731
239737
239743
239749
239755
239761
239767
239773
239779
239785
239791
239797
239803
239809
239815
239821
239827
239833
239839
239845
239851
239857
239863
239869
239875
239881
239887
239893
239899
239905
239911
239917
239923
239929
239935
239941
239947
239953
239959
239965
239971
239977
239983
239989
239995
240001
240007
240013
240019
240025
240031
240037
240043
240049
240055
240061
240067
240073
240079
240085
240091
240097
240103
240109
240115
240121
240127
240133
240139
240145
240151
240157
240163
240169
240175
240181
240187
240193
240199
240205
240211
240217
240223
240229
240235
240241
240247
240253
240259
240265
240271
240277
240283
240289
240295
240301
240307
240313
240319
240325
240331
240337
240343
240349
240355
240361
240367
240373
240379
240385
240391
240397
240403
240409
240415
240421
240427
240433
240439
240445
240451
240457
240463
240469
240475
240481
240487
240493
240499
240505
240511
240517
240523
240529
240535
240541
240547
240553
240559
240565
240571
240577
240583
240589
240595
240601
240607
240613
240619
240625
240631
240637
240643
240649
240655
240661
240667
240673
240679
240685
240691
240697
240703
240709
240715
240721
240727
240733
240739
240745
240751
240757
240763
240769
240775
240781
240787
240793
240799
240805
240811
240817
240823
240829
240835
240841
240847
240853
240859
240865
240871
240877
240883
240889
240895
240901
240907
240913
240919
240925
240931
240937
240943
240949
240955
240961
240967
240973
240979
240985
240991
240997
241003
241009
241015
241021
241027
241033
241039
241045
241051
241057
241063
241069
241075
241081
241087
241093
241099
241105
241111
241117
241123
241129
241135
241141
241147
241153
241159
241165
241171
241177
241183
241189
241195
241201
241207
241213
241219
241225
241231
241237
241243
241249
241255
241261
241267
241273
241279
241285
241291
241297
241303
241309
241315
241321
241327
241333
241339
241345
241351
241357
241363
241369
241375
241381
241387
241393
241399
241405
241411
241417
241423
241429
241435
241441
241447
241453
241459
241465
241471
241477
241483
241489
241495
241501
241507
241513
241519
241525
241531
241537
241543
241549
241555
241561
241567
241573
241579
241585
241591
241597
241603
241609
241615
241621
241627
241633
241639
241645
241651
241657
241663
241669
241675
241681
241687
241693
241699
241705
241711
241717
241723
241729
241735
241741
241747
241753
241759
241765
241771
241777
241783
241789
241795
241801
241807
241813
241819
241825
241831
241837
241843
241849
241855
241861
241867
241873
241879
241885
241891
241897
241903
241909
241915
241921
241927
241933
241939
241945
241951
241957
241963
241969
241975
241981
241987
241993
241999
242005
242011
242017
242023
242029
242035
242041
242047
242053
242059
242065
242071
242077
242083
242089
242095
242101
242107
242113
242119
242125
242131
242137
242143
242149
242155
242161
242167
242173
242179
242185
242191
242197
242203
242209
242215
242221
242227
242233
242239
242245
242251
242257
242263
242269
242275
242281
242287
242293
242299
242305
242311
242317
242323
242329
242335
242341
242347
242353
242359
242365
242371
242377
242383
242389
242395
242401
242407
242413
242419
242425
242431
242437
242443
242449
242455
242461
242467
242473
242479
242485
242491
242497
242503
242509
242515
242521
242527
242533
242539
242545
242551
242557
242563
242569
242575
242581
242587
242593
242599
242605
242611
242617
242623
242629
242635
242641
242647
242653
242659
242665
242671
242677
242683
242689
242695
242701
242707
242713
242719
242725
242731
242737
242743
242749
242755
242761
242767
242773
242779
242785
242791
242797
242803
242809
242815
242821
242827
242833
242839
242845
242851
242857
242863
242869
242875
242881
242887
242893
242899
242905
242911
242917
242923
242929
242935
242941
242947
242953
242959
242965
242971
242977
242983
242989
242995
243001
243007
243013
243019
243025
243031
243037
243043
243049
243055
243061
243067
243073
243079
243085
243091
243097
243103
243109
243115
243121
243127
243133
243139
243145
243151
243157
243163
243169
243175
243181
243187
243193
243199
243205
243211
243217
243223
243229
243235
243241
243247
243253
243259
243265
243271
243277
243283
243289
243295
243301
243307
243313
243319
243325
243331
243337
243343
243349
243355
243361
243367
243373
243379
243385
243391
243397
243403
243409
243415
243421
243427
243433
243439
243445
243451
243457
243463
243469
243475
243481
243487
243493
243499
243505
243511
243517
243523
243529
243535
243541
243547
243553
243559
243565
243571
243577
243583
243589
243595
243601
243607
243613
243619
243625
243631
243637
243643
243649
243655
243661
243667
243673
243679
243685
243691
243697
243703
243709
243715
243721
243727
243733
243739
243745
243751
243757
243763
243769
243775
243781
243787
243793
243799
243805
243811
243817
243823
243829
243835
243841
243847
243853
243859
243865
243871
243877
243883
243889
243895
243901
243907
243913
243919
243925
243931
243937
243943
243949
243955
243961
243967
243973
243979
243985
243991
243997
244003
244009
244015
244021
244027
244033
244039
244045
244051
244057
244063
244069
244075
244081
244087
244093
244099
244105
244111
244117
244123
244129
244135
244141
244147
244153
244159
244165
244171
244177
244183
244189
244195
244201
244207
244213
244219
244225
244231
244237
244243
244249
244255
244261
244267
244273
244279
244285
244291
244297
244303
244309
244315
244321
244327
244333
244339
244345
244351
244357
244363
244369
244375
244381
244387
244393
244399
244405
244411
244417
244423
244429
244435
244441
244447
244453
244459
244465
244471
244477
244483
244489
244495
244501
244507
244513
244519
244525
244531
244537
244543
244549
244555
244561
244567
244573
244579
244585
244591
244597
244603
244609
244615
244621
244627
244633
244639
244645
244651
244657
244663
244669
244675
244681
244687
244693
244699
244705
244711
244717
244723
244729
244735
244741
244747
244753
244759
244765
244771
244777
244783
244789
244795
244801
244807
244813
244819
244825
244831
244837
244843
244849
244855
244861
244867
244873
244879
244885
244891
244897
244903
244909
244915
244921
244927
244933
244939
244945
244951
244957
244963
244969
244975
244981
244987
244993
244999
245005
245011
245017
245023
245029
245035
245041
245047
245053
245059
245065
245071
245077
245083
245089
245095
245101
245107
245113
245119
245125
245131
245137
245143
245149
245155
245161
245167
245173
245179
245185
245191
245197
245203
245209
245215
245221
245227
245233
245239
245245
245251
245257
245263
245269
245275
245281
245287
245293
245299
245305
245311
245317
245323
245329
245335
245341
245347
245353
245359
245365
245371
245377
245383
245389
245395
245401
245407
245413
245419
245425
245431
245437
245443
245449
245455
245461
245467
245473
245479
245485
245491
245497
245503
245509
245515
245521
245527
245533
245539
245545
245551
245557
245563
245569
245575
245581
245587
245593
245599
245605
245611
245617
245623
245629
245635
245641
245647
245653
245659
245665
245671
245677
245683
245689
245695
245701
245707
245713
245719
245725
245731
245737
245743
245749
245755
245761
245767
245773
245779
245785
245791
245797
245803
245809
245815
245821
245827
245833
245839
245845
245851
245857
245863
245869
245875
245881
245887
245893
245899
245905
245911
245917
245923
245929
245935
245941
245947
245953
245959
245965
245971
245977
245983
245989
245995
246001
246007
246013
246019
246025
246031
246037
246043
246049
246055
246061
246067
246073
246079
246085
246091
246097
246103
246109
246115
246121
246127
246133
246139
246145
246151
246157
246163
246169
246175
246181
246187
246193
246199
246205
246211
246217
246223
246229
246235
246241
246247
246253
246259
246265
246271
246277
246283
246289
246295
246301
246307
246313
246319
246325
246331
246337
246343
246349
246355
246361
246367
246373
246379
246385
246391
246397
246403
246409
246415
246421
246427
246433
246439
246445
246451
246457
246463
246469
246475
246481
246487
246493
246499
246505
246511
246517
246523
246529
246535
246541
246547
246553
246559
246565
246571
246577
246583
246589
246595
246601
246607
246613
246619
246625
246631
246637
246643
246649
246655
246661
246667
246673
246679
246685
246691
246697
246703
246709
246715
246721
246727
246733
246739
246745
246751
246757
246763
246769
246775
246781
246787
246793
246799
246805
246811
246817
246823
246829
246835
246841
246847
246853
246859
246865
246871
246877
246883
246889
246895
246901
246907
246913
246919
246925
246931
246937
246943
246949
246955
246961
246967
246973
246979
246985
246991
246997
247003
247009
247015
247021
247027
247033
247039
247045
247051
247057
247063
247069
247075
247081
247087
247093
247099
247105
247111
247117
247123
247129
247135
247141
247147
247153
247159
247165
247171
247177
247183
247189
247195
247201
247207
247213
247219
247225
247231
247237
247243
247249
247255
247261
247267
247273
247279
247285
247291
247297
247303
247309
247315
247321
247327
247333
247339
247345
247351
247357
247363
247369
247375
247381
247387
247393
247399
247405
247411
247417
247423
247429
247435
247441
247447
247453
247459
247465
247471
247477
247483
247489
247495
247501
247507
247513
247519
247525
247531
247537
247543
247549
247555
247561
247567
247573
247579
247585
247591
247597
247603
247609
247615
247621
247627
247633
247639
247645
247651
247657
247663
247669
247675
247681
247687
247693
247699
247705
247711
247717
247723
247729
247735
247741
247747
247753
247759
247765
247771
247777
247783
247789
247795
247801
247807
247813
247819
247825
247831
247837
247843
247849
247855
247861
247867
247873
247879
247885
247891
247897
247903
247909
247915
247921
247927
247933
247939
247945
247951
247957
247963
247969
247975
247981
247987
247993
247999
248005
248011
248017
248023
248029
248035
248041
248047
248053
248059
248065
248071
248077
248083
248089
248095
248101
248107
248113
248119
248125
248131
248137
248143
248149
248155
248161
248167
248173
248179
248185
248191
248197
248203
248209
248215
248221
248227
248233
248239
248245
248251
248257
248263
248269
248275
248281
248287
248293
248299
248305
248311
248317
248323
248329
248335
248341
248347
248353
248359
248365
248371
248377
248383
248389
248395
248401
248407
248413
248419
248425
248431
248437
248443
248449
248455
248461
248467
248473
248479
248485
248491
248497
248503
248509
248515
248521
248527
248533
248539
248545
248551
248557
248563
248569
248575
248581
248587
248593
248599
248605
248611
248617
248623
248629
248635
248641
248647
248653
248659
248665
248671
248677
248683
248689
248695
248701
248707
248713
248719
248725
248731
248737
248743
248749
248755
248761
248767
248773
248779
248785
248791
248797
248803
248809
248815
248821
248827
248833
248839
248845
248851
248857
248863
248869
248875
248881
248887
248893
248899
248905
248911
248917
248923
248929
248935
248941
248947
248953
248959
248965
248971
248977
248983
248989
248995
249001
249007
249013
249019
249025
249031
249037
249043
249049
249055
249061
249067
249073
249079
249085
249091
249097
249103
249109
249115
249121
249127
249133
249139
249145
249151
249157
249163
249169
249175
249181
249187
249193
249199
249205
249211
249217
249223
249229
249235
249241
249247
249253
249259
249265
249271
249277
249283
249289
249295
249301
249307
249313
249319
249325
249331
249337
249343
249349
249355
249361
249367
249373
249379
249385
249391
249397
249403
249409
249415
249421
249427
249433
249439
249445
249451
249457
249463
249469
249475
249481
249487
249493
249499
249505
249511
249517
249523
249529
249535
249541
249547
249553
249559
249565
249571
249577
249583
249589
249595
249601
249607
249613
249619
249625
249631
249637
249643
249649
249655
249661
249667
249673
249679
249685
249691
249697
249703
249709
249715
249721
249727
249733
249739
249745
249751
249757
249763
249769
249775
249781
249787
249793
249799
249805
249811
249817
249823
249829
249835
249841
249847
249853
249859
249865
249871
249877
249883
249889
249895
249901
249907
249913
249919
249925
249931
249937
249943
249949
249955
249961
249967
249973
249979
249985
249991
249997
250003
250009
250015
250021
250027
250033
250039
250045
250051
250057
250063
250069
250075
250081
250087
250093
250099
250105
250111
250117
250123
250129
250135
250141
250147
250153
250159
250165
250171
250177
250183
250189
250195
250201
250207
250213
250219
250225
250231
250237
250243
250249
250255
250261
250267
250273
250279
250285
250291
250297
250303
250309
250315
250321
250327
250333
250339
250345
250351
250357
250363
250369
250375
250381
250387
250393
250399
250405
250411
250417
250423
250429
250435
250441
250447
250453
250459
250465
250471
250477
250483
250489
250495
250501
250507
250513
250519
250525
250531
250537
250543
250549
250555
250561
250567
250573
250579
250585
250591
250597
250603
250609
250615
250621
250627
250633
250639
250645
250651
250657
250663
250669
250675
250681
250687
250693
250699
250705
250711
250717
250723
250729
250735
250741
250747
250753
250759
250765
250771
250777
250783
250789
250795
250801
250807
250813
250819
250825
250831
250837
250843
250849
250855
250861
250867
250873
250879
250885
250891
250897
250903
250909
250915
250921
250927
250933
250939
250945
250951
250957
250963
250969
250975
250981
250987
250993
250999
251005
251011
251017
251023
251029
251035
251041
251047
251053
251059
251065
251071
251077
251083
251089
251095
251101
251107
251113
251119
251125
251131
251137
251143
251149
251155
251161
251167
251173
251179
251185
251191
251197
251203
251209
251215
251221
251227
251233
251239
251245
251251
251257
251263
251269
251275
251281
251287
251293
251299
251305
251311
251317
251323
251329
251335
251341
251347
251353
251359
251365
251371
251377
251383
251389
251395
251401
251407
251413
251419
251425
251431
251437
251443
251449
251455
251461
251467
251473
251479
251485
251491
251497
251503
251509
251515
251521
251527
251533
251539
251545
251551
251557
251563
251569
251575
251581
251587
251593
251599
251605
251611
251617
251623
251629
251635
251641
251647
251653
251659
251665
251671
251677
251683
251689
251695
251701
251707
251713
251719
251725
251731
251737
251743
251749
251755
251761
251767
251773
251779
251785
251791
251797
251803
251809
251815
251821
251827
251833
251839
251845
251851
251857
251863
251869
251875
251881
251887
251893
251899
251905
251911
251917
251923
251929
251935
251941
251947
251953
251959
251965
251971
251977
251983
251989
251995
252001
252007
252013
252019
252025
252031
252037
252043
252049
252055
252061
252067
252073
252079
252085
252091
252097
252103
252109
252115
252121
252127
252133
252139
252145
252151
252157
252163
252169
252175
252181
252187
252193
252199
252205
252211
252217
252223
252229
252235
252241
252247
252253
252259
252265
252271
252277
252283
252289
252295
252301
252307
252313
252319
252325
252331
252337
252343
252349
252355
252361
252367
252373
252379
252385
252391
252397
252403
252409
252415
252421
252427
252433
252439
252445
252451
252457
252463
252469
252475
252481
252487
252493
252499
252505
252511
252517
252523
252529
252535
252541
252547
252553
252559
252565
252571
252577
252583
252589
252595
252601
252607
252613
252619
252625
252631
252637
252643
252649
252655
252661
252667
252673
252679
252685
252691
252697
252703
252709
252715
252721
252727
252733
252739
252745
252751
252757
252763
252769
252775
252781
252787
252793
252799
252805
252811
252817
252823
252829
252835
252841
252847
252853
252859
252865
252871
252877
252883
252889
252895
252901
252907
252913
252919
252925
252931
252937
252943
252949
252955
252961
252967
252973
252979
252985
252991
252997
253003
253009
253015
253021
253027
253033
253039
253045
253051
253057
253063
253069
253075
253081
253087
253093
253099
253105
253111
253117
253123
253129
253135
253141
253147
253153
253159
253165
253171
253177
253183
253189
253195
253201
253207
253213
253219
253225
253231
253237
253243
253249
253255
253261
253267
253273
253279
253285
253291
253297
253303
253309
253315
253321
253327
253333
253339
253345
253351
253357
253363
253369
253375
253381
253387
253393
253399
253405
253411
253417
253423
253429
253435
253441
253447
253453
253459
253465
253471
253477
253483
253489
253495
253501
253507
253513
253519
253525
253531
253537
253543
253549
253555
253561
253567
253573
253579
253585
253591
253597
253603
253609
253615
253621
253627
253633
253639
253645
253651
253657
253663
253669
253675
253681
253687
253693
253699
253705
253711
253717
253723
253729
253735
253741
253747
253753
253759
253765
253771
253777
253783
253789
253795
253801
253807
253813
253819
253825
253831
253837
253843
253849
253855
253861
253867
253873
253879
253885
253891
253897
253903
253909
253915
253921
253927
253933
253939
253945
253951
253957
253963
253969
253975
253981
253987
253993
253999
254005
254011
254017
254023
254029
254035
254041
254047
254053
254059
254065
254071
254077
254083
254089
254095
254101
254107
254113
254119
254125
254131
254137
254143
254149
254155
254161
254167
254173
254179
254185
254191
254197
254203
254209
254215
254221
254227
254233
254239
254245
254251
254257
254263
254269
254275
254281
254287
254293
254299
254305
254311
254317
254323
254329
254335
254341
254347
254353
254359
254365
254371
254377
254383
254389
254395
254401
254407
254413
254419
254425
254431
254437
254443
254449
254455
254461
254467
254473
254479
254485
254491
254497
254503
254509
254515
254521
254527
254533
254539
254545
254551
254557
254563
254569
254575
254581
254587
254593
254599
254605
254611
254617
254623
254629
254635
254641
254647
254653
254659
254665
254671
254677
254683
254689
254695
254701
254707
254713
254719
254725
254731
254737
254743
254749
254755
254761
254767
254773
254779
254785
254791
254797
254803
254809
254815
254821
254827
254833
254839
254845
254851
254857
254863
254869
254875
254881
254887
254893
254899
254905
254911
254917
254923
254929
254935
254941
254947
254953
254959
254965
254971
254977
254983
254989
254995
255001
255007
255013
255019
255025
255031
255037
255043
255049
255055
255061
255067
255073
255079
255085
255091
255097
255103
255109
255115
255121
255127
255133
255139
255145
255151
255157
255163
255169
255175
255181
255187
255193
255199
255205
255211
255217
255223
255229
255235
255241
255247
255253
255259
255265
255271
255277
255283
255289
255295
255301
255307
255313
255319
255325
255331
255337
255343
255349
255355
255361
255367
255373
255379
255385
255391
255397
255403
255409
255415
255421
255427
255433
255439
255445
255451
255457
255463
255469
255475
255481
255487
255493
255499
255505
255511
255517
255523
255529
255535
255541
255547
255553
255559
255565
255571
255577
255583
255589
255595
255601
255607
255613
255619
255625
255631
255637
255643
255649
255655
255661
255667
255673
255679
255685
255691
255697
255703
255709
255715
255721
255727
255733
255739
255745
255751
255757
255763
255769
255775
255781
255787
255793
255799
255805
255811
255817
255823
255829
255835
255841
255847
255853
255859
255865
255871
255877
255883
255889
255895
255901
255907
255913
255919
255925
255931
255937
255943
255949
255955
255961
255967
255973
255979
255985
255991
255997
256003
256009
256015
256021
256027
256033
256039
256045
256051
256057
256063
256069
256075
256081
256087
256093
256099
256105
256111
256117
256123
256129
256135
256141
256147
256153
256159
256165
256171
256177
256183
256189
256195
256201
256207
256213
256219
256225
256231
256237
256243
256249
256255
256261
256267
256273
256279
256285
256291
256297
256303
256309
256315
256321
256327
256333
256339
256345
256351
256357
256363
256369
256375
256381
256387
256393
256399
256405
256411
256417
256423
256429
256435
256441
256447
256453
256459
256465
256471
256477
256483
256489
256495
256501
256507
256513
256519
256525
256531
256537
256543
256549
256555
256561
256567
256573
256579
256585
256591
256597
256603
256609
256615
256621
256627
256633
256639
256645
256651
256657
256663
256669
256675
256681
256687
256693
256699
256705
256711
256717
256723
256729
256735
256741
256747
256753
256759
256765
256771
256777
256783
256789
256795
256801
256807
256813
256819
256825
256831
256837
256843
256849
256855
256861
256867
256873
256879
256885
256891
256897
256903
256909
256915
256921
256927
256933
256939
256945
256951
256957
256963
256969
256975
256981
256987
256993
256999
257005
257011
257017
257023
257029
257035
257041
257047
257053
257059
257065
257071
257077
257083
257089
257095
257101
257107
257113
257119
257125
257131
257137
257143
257149
257155
257161
257167
257173
257179
257185
257191
257197
257203
257209
257215
257221
257227
257233
257239
257245
257251
257257
257263
257269
257275
257281
257287
257293
257299
257305
257311
257317
257323
257329
257335
257341
257347
257353
257359
257365
257371
257377
257383
257389
257395
257401
257407
257413
257419
257425
257431
257437
257443
257449
257455
257461
257467
257473
257479
257485
257491
257497
257503
257509
257515
257521
257527
257533
257539
257545
257551
257557
257563
257569
257575
257581
257587
257593
257599
257605
257611
257617
257623
257629
257635
257641
257647
257653
257659
257665
257671
257677
257683
257689
257695
257701
257707
257713
257719
257725
257731
257737
257743
257749
257755
257761
257767
257773
257779
257785
257791
257797
257803
257809
257815
257821
257827
257833
257839
257845
257851
257857
257863
257869
257875
257881
257887
257893
257899
257905
257911
257917
257923
257929
257935
257941
257947
257953
257959
257965
257971
257977
257983
257989
257995
258001
258007
258013
258019
258025
258031
258037
258043
258049
258055
258061
258067
258073
258079
258085
258091
258097
258103
258109
258115
258121
258127
258133
258139
258145
258151
258157
258163
258169
258175
258181
258187
258193
258199
258205
258211
258217
258223
258229
258235
258241
258247
258253
258259
258265
258271
258277
258283
258289
258295
258301
258307
258313
258319
258325
258331
258337
258343
258349
258355
258361
258367
258373
258379
258385
258391
258397
258403
258409
258415
258421
258427
258433
258439
258445
258451
258457
258463
258469
258475
258481
258487
258493
258499
258505
258511
258517
258523
258529
258535
258541
258547
258553
258559
258565
258571
258577
258583
258589
258595
258601
258607
258613
258619
258625
258631
258637
258643
258649
258655
258661
258667
258673
258679
258685
258691
258697
258703
258709
258715
258721
258727
258733
258739
258745
258751
258757
258763
258769
258775
258781
258787
258793
258799
258805
258811
258817
258823
258829
258835
258841
258847
258853
258859
258865
258871
258877
258883
258889
258895
258901
258907
258913
258919
258925
258931
258937
258943
258949
258955
258961
258967
258973
258979
258985
258991
258997
259003
259009
259015
259021
259027
259033
259039
259045
259051
259057
259063
259069
259075
259081
259087
259093
259099
259105
259111
259117
259123
259129
259135
259141
259147
259153
259159
259165
259171
259177
259183
259189
259195
259201
259207
259213
259219
259225
259231
259237
259243
259249
259255
259261
259267
259273
259279
259285
259291
259297
259303
259309
259315
259321
259327
259333
259339
259345
259351
259357
259363
259369
259375
259381
259387
259393
259399
259405
259411
259417
259423
259429
259435
259441
259447
259453
259459
259465
259471
259477
259483
259489
259495
259501
259507
259513
259519
259525
259531
259537
259543
259549
259555
259561
259567
259573
259579
259585
259591
259597
259603
259609
259615
259621
259627
259633
259639
259645
259651
259657
259663
259669
259675
259681
259687
259693
259699
259705
259711
259717
259723
259729
259735
259741
259747
259753
259759
259765
259771
259777
259783
259789
259795
259801
259807
259813
259819
259825
259831
259837
259843
259849
259855
259861
259867
259873
259879
259885
259891
259897
259903
259909
259915
259921
259927
259933
259939
259945
259951
259957
259963
259969
259975
259981
259987
259993
259999
260005
260011
260017
260023
260029
260035
260041
260047
260053
260059
260065
260071
260077
260083
260089
260095
260101
260107
260113
260119
260125
260131
260137
260143
260149
260155
260161
260167
260173
260179
260185
260191
260197
260203
260209
260215
260221
260227
260233
260239
260245
260251
260257
260263
260269
260275
260281
260287
260293
260299
260305
260311
260317
260323
260329
260335
260341
260347
260353
260359
260365
260371
260377
260383
260389
260395
260401
260407
260413
260419
260425
260431
260437
260443
260449
260455
260461
260467
260473
260479
260485
260491
260497
260503
260509
260515
260521
260527
260533
260539
260545
260551
260557
260563
260569
260575
260581
260587
260593
260599
260605
260611
260617
260623
260629
260635
260641
260647
260653
260659
260665
260671
260677
260683
260689
260695
260701
260707
260713
260719
260725
260731
260737
260743
260749
260755
260761
260767
260773
260779
260785
260791
260797
260803
260809
260815
260821
260827
260833
260839
260845
260851
260857
260863
260869
260875
260881
260887
260893
260899
260905
260911
260917
260923
260929
260935
260941
260947
260953
260959
260965
260971
260977
260983
260989
260995
261001
261007
261013
261019
261025
261031
261037
261043
261049
261055
261061
261067
261073
261079
261085
261091
261097
261103
261109
261115
261121
261127
261133
261139
261145
261151
261157
261163
261169
261175
261181
261187
261193
261199
261205
261211
261217
261223
261229
261235
261241
261247
261253
261259
261265
261271
261277
261283
261289
261295
261301
261307
261313
261319
261325
261331
261337
261343
261349
261355
261361
261367
261373
261379
261385
261391
261397
261403
261409
261415
261421
261427
261433
261439
261445
261451
261457
261463
261469
261475
261481
261487
261493
261499
261505
261511
261517
261523
261529
261535
261541
261547
261553
261559
261565
261571
261577
261583
261589
261595
261601
261607
261613
261619
261625
261631
261637
261643
261649
261655
261661
261667
261673
261679
261685
261691
261697
261703
261709
261715
261721
261727
261733
261739
261745
261751
261757
261763
261769
261775
261781
261787
261793
261799
261805
261811
261817
261823
261829
261835
261841
261847
261853
261859
261865
261871
261877
261883
261889
261895
261901
261907
261913
261919
261925
261931
261937
261943
261949
261955
261961
261967
261973
261979
261985
261991
261997
262003
262009
262015
262021
262027
262033
262039
262045
262051
262057
262063
262069
262075
262081
262087
262093
262099
262105
262111
262117
262123
262129
262135
262141
262147
262153
262159
262165
262171
262177
262183
262189
262195
262201
262207
262213
262219
262225
262231
262237
262243
262249
262255
262261
262267
262273
262279
262285
262291
262297
262303
262309
262315
262321
262327
262333
262339
262345
262351
262357
262363
262369
262375
262381
262387
262393
262399
262405
262411
262417
262423
262429
262435
262441
262447
262453
262459
262465
262471
262477
262483
262489
262495
262501
262507
262513
262519
262525
262531
262537
262543
262549
262555
262561
262567
262573
262579
262585
262591
262597
262603
262609
262615
262621
262627
262633
262639
262645
262651
262657
262663
262669
262675
262681
262687
262693
262699
262705
262711
262717
262723
262729
262735
262741
262747
262753
262759
262765
262771
262777
262783
262789
262795
262801
262807
262813
262819
262825
262831
262837
262843
262849
262855
262861
262867
262873
262879
262885
262891
262897
262903
262909
262915
262921
262927
262933
262939
262945
262951
262957
262963
262969
262975
262981
262987
262993
262999
263005
263011
263017
263023
263029
263035
263041
263047
263053
263059
263065
263071
263077
263083
263089
263095
263101
263107
263113
263119
263125
263131
263137
263143
263149
263155
263161
263167
263173
263179
263185
263191
263197
263203
263209
263215
263221
263227
263233
263239
263245
263251
263257
263263
263269
263275
263281
263287
263293
263299
263305
263311
263317
263323
263329
263335
263341
263347
263353
263359
263365
263371
263377
263383
263389
263395
263401
263407
263413
263419
263425
263431
263437
263443
263449
263455
263461
263467
263473
263479
263485
263491
263497
263503
263509
263515
263521
263527
263533
263539
263545
263551
263557
263563
263569
263575
263581
263587
263593
263599
263605
263611
263617
263623
263629
263635
263641
263647
263653
263659
263665
263671
263677
263683
263689
263695
263701
263707
263713
263719
263725
263731
263737
263743
263749
263755
263761
263767
263773
263779
263785
263791
263797
263803
263809
263815
263821
263827
263833
263839
263845
263851
263857
263863
263869
263875
263881
263887
263893
263899
263905
263911
263917
263923
263929
263935
263941
263947
263953
263959
263965
263971
263977
263983
263989
263995
264001
264007
264013
264019
264025
264031
264037
264043
264049
264055
264061
264067
264073
264079
264085
264091
264097
264103
264109
264115
264121
264127
264133
264139
264145
264151
264157
264163
264169
264175
264181
264187
264193
264199
264205
264211
264217
264223
264229
264235
264241
264247
264253
264259
264265
264271
264277
264283
264289
264295
264301
264307
264313
264319
264325
264331
264337
264343
264349
264355
264361
264367
264373
264379
264385
264391
264397
264403
264409
264415
264421
264427
264433
264439
264445
264451
264457
264463
264469
264475
264481
264487
264493
264499
264505
264511
264517
264523
264529
264535
264541
264547
264553
264559
264565
264571
264577
264583
264589
264595
264601
264607
264613
264619
264625
264631
264637
264643
264649
264655
264661
264667
264673
264679
264685
264691
264697
264703
264709
264715
264721
264727
264733
264739
264745
264751
264757
264763
264769
264775
264781
264787
264793
264799
264805
264811
264817
264823
264829
264835
264841
264847
264853
264859
264865
264871
264877
264883
264889
264895
264901
264907
264913
264919
264925
264931
264937
264943
264949
264955
264961
264967
264973
264979
264985
264991
264997
265003
265009
265015
265021
265027
265033
265039
265045
265051
265057
265063
265069
265075
265081
265087
265093
265099
265105
265111
265117
265123
265129
265135
265141
265147
265153
265159
265165
265171
265177
265183
265189
265195
265201
265207
265213
265219
265225
265231
265237
265243
265249
265255
265261
265267
265273
265279
265285
265291
265297
265303
265309
265315
265321
265327
265333
265339
265345
265351
265357
265363
265369
265375
265381
265387
265393
265399
265405
265411
265417
265423
265429
265435
265441
265447
265453
265459
265465
265471
265477
265483
265489
265495
265501
265507
265513
265519
265525
265531
265537
265543
265549
265555
265561
265567
265573
265579
265585
265591
265597
265603
265609
265615
265621
265627
265633
265639
265645
265651
265657
265663
265669
265675
265681
265687
265693
265699
265705
265711
265717
265723
265729
265735
265741
265747
265753
265759
265765
265771
265777
265783
265789
265795
265801
265807
265813
265819
265825
265831
265837
265843
265849
265855
265861
265867
265873
265879
265885
265891
265897
265903
265909
265915
265921
265927
265933
265939
265945
265951
265957
265963
265969
265975
265981
265987
265993
265999
266005
266011
266017
266023
266029
266035
266041
266047
266053
266059
266065
266071
266077
266083
266089
266095
266101
266107
266113
266119
266125
266131
266137
266143
266149
266155
266161
266167
266173
266179
266185
266191
266197
266203
266209
266215
266221
266227
266233
266239
266245
266251
266257
266263
266269
266275
266281
266287
266293
266299
266305
266311
266317
266323
266329
266335
266341
266347
266353
266359
266365
266371
266377
266383
266389
266395
266401
266407
266413
266419
266425
266431
266437
266443
266449
266455
266461
266467
266473
266479
266485
266491
266497
266503
266509
266515
266521
266527
266533
266539
266545
266551
266557
266563
266569
266575
266581
266587
266593
266599
266605
266611
266617
266623
266629
266635
266641
266647
266653
266659
266665
266671
266677
266683
266689
266695
266701
266707
266713
266719
266725
266731
266737
266743
266749
266755
266761
266767
266773
266779
266785
266791
266797
266803
266809
266815
266821
266827
266833
266839
266845
266851
266857
266863
266869
266875
266881
266887
266893
266899
266905
266911
266917
266923
266929
266935
266941
266947
266953
266959
266965
266971
266977
266983
266989
266995
267001
267007
267013
267019
267025
267031
267037
267043
267049
267055
267061
267067
267073
267079
267085
267091
267097
267103
267109
267115
267121
267127
267133
267139
267145
267151
267157
267163
267169
267175
267181
267187
267193
267199
267205
267211
267217
267223
267229
267235
267241
267247
267253
267259
267265
267271
267277
267283
267289
267295
267301
267307
267313
267319
267325
267331
267337
267343
267349
267355
267361
267367
267373
267379
267385
267391
267397
267403
267409
267415
267421
267427
267433
267439
267445
267451
267457
267463
267469
267475
267481
267487
267493
267499
267505
267511
267517
267523
267529
267535
267541
267547
267553
267559
267565
267571
267577
267583
267589
267595
267601
267607
267613
267619
267625
267631
267637
267643
267649
267655
267661
267667
267673
267679
267685
267691
267697
267703
267709
267715
267721
267727
267733
267739
267745
267751
267757
267763
267769
267775
267781
267787
267793
267799
267805
267811
267817
267823
267829
267835
267841
267847
267853
267859
267865
267871
267877
267883
267889
267895
267901
267907
267913
267919
267925
267931
267937
267943
267949
267955
267961
267967
267973
267979
267985
267991
267997
268003
268009
268015
268021
268027
268033
268039
268045
268051
268057
268063
268069
268075
268081
268087
268093
268099
268105
268111
268117
268123
268129
268135
268141
268147
268153
268159
268165
268171
268177
268183
268189
268195
268201
268207
268213
268219
268225
268231
268237
268243
268249
268255
268261
268267
268273
268279
268285
268291
268297
268303
268309
268315
268321
268327
268333
268339
268345
268351
268357
268363
268369
268375
268381
268387
268393
268399
268405
268411
268417
268423
268429
268435
268441
268447
268453
268459
268465
268471
268477
268483
268489
268495
268501
268507
268513
268519
268525
268531
268537
268543
268549
268555
268561
268567
268573
268579
268585
268591
268597
268603
268609
268615
268621
268627
268633
268639
268645
268651
268657
268663
268669
268675
268681
268687
268693
268699
268705
268711
268717
268723
268729
268735
268741
268747
268753
268759
268765
268771
268777
268783
268789
268795
268801
268807
268813
268819
268825
268831
268837
268843
268849
268855
268861
268867
268873
268879
268885
268891
268897
268903
268909
268915
268921
268927
268933
268939
268945
268951
268957
268963
268969
268975
268981
268987
268993
268999
269005
269011
269017
269023
269029
269035
269041
269047
269053
269059
269065
269071
269077
269083
269089
269095
269101
269107
269113
269119
269125
269131
269137
269143
269149
269155
269161
269167
269173
269179
269185
269191
269197
269203
269209
269215
269221
269227
269233
269239
269245
269251
269257
269263
269269
269275
269281
269287
269293
269299
269305
269311
269317
269323
269329
269335
269341
269347
269353
269359
269365
269371
269377
269383
269389
269395
269401
269407
269413
269419
269425
269431
269437
269443
269449
269455
269461
269467
269473
269479
269485
269491
269497
269503
269509
269515
269521
269527
269533
269539
269545
269551
269557
269563
269569
269575
269581
269587
269593
269599
269605
269611
269617
269623
269629
269635
269641
269647
269653
269659
269665
269671
269677
269683
269689
269695
269701
269707
269713
269719
269725
269731
269737
269743
269749
269755
269761
269767
269773
269779
269785
269791
269797
269803
269809
269815
269821
269827
269833
269839
269845
269851
269857
269863
269869
269875
269881
269887
269893
269899
269905
269911
269917
269923
269929
269935
269941
269947
269953
269959
269965
269971
269977
269983
269989
269995
270001
270007
270013
270019
270025
270031
270037
270043
270049
270055
270061
270067
270073
270079
270085
270091
270097
270103
270109
270115
270121
270127
270133
270139
270145
270151
270157
270163
270169
270175
270181
270187
270193
270199
270205
270211
270217
270223
270229
270235
270241
270247
270253
270259
270265
270271
270277
270283
270289
270295
270301
270307
270313
270319
270325
270331
270337
270343
270349
270355
270361
270367
270373
270379
270385
270391
270397
270403
270409
270415
270421
270427
270433
270439
270445
270451
270457
270463
270469
270475
270481
270487
270493
270499
270505
270511
270517
270523
270529
270535
270541
270547
270553
270559
270565
270571
270577
270583
270589
270595
270601
270607
270613
270619
270625
270631
270637
270643
270649
270655
270661
270667
270673
270679
270685
270691
270697
270703
270709
270715
270721
270727
270733
270739
270745
270751
270757
270763
270769
270775
270781
270787
270793
270799
270805
270811
270817
270823
270829
270835
270841
270847
270853
270859
270865
270871
270877
270883
270889
270895
270901
270907
270913
270919
270925
270931
270937
270943
270949
270955
270961
270967
270973
270979
270985
270991
270997
271003
271009
271015
271021
271027
271033
271039
271045
271051
271057
271063
271069
271075
271081
271087
271093
271099
271105
271111
271117
271123
271129
271135
271141
271147
271153
271159
271165
271171
271177
271183
271189
271195
271201
271207
271213
271219
271225
271231
271237
271243
271249
271255
271261
271267
271273
271279
271285
271291
271297
271303
271309
271315
271321
271327
271333
271339
271345
271351
271357
271363
271369
271375
271381
271387
271393
271399
271405
271411
271417
271423
271429
271435
271441
271447
271453
271459
271465
271471
271477
271483
271489
271495
271501
271507
271513
271519
271525
271531
271537
271543
271549
271555
271561
271567
271573
271579
271585
271591
271597
271603
271609
271615
271621
271627
271633
271639
271645
271651
271657
271663
271669
271675
271681
271687
271693
271699
271705
271711
271717
271723
271729
271735
271741
271747
271753
271759
271765
271771
271777
271783
271789
271795
271801
271807
271813
271819
271825
271831
271837
271843
271849
271855
271861
271867
271873
271879
271885
271891
271897
271903
271909
271915
271921
271927
271933
271939
271945
271951
271957
271963
271969
271975
271981
271987
271993
271999
272005
272011
272017
272023
272029
272035
272041
272047
272053
272059
272065
272071
272077
272083
272089
272095
272101
272107
272113
272119
272125
272131
272137
272143
272149
272155
272161
272167
272173
272179
272185
272191
272197
272203
272209
272215
272221
272227
272233
272239
272245
272251
272257
272263
272269
272275
272281
272287
272293
272299
272305
272311
272317
272323
272329
272335
272341
272347
272353
272359
272365
272371
272377
272383
272389
272395
272401
272407
272413
272419
272425
272431
272437
272443
272449
272455
272461
272467
272473
272479
272485
272491
272497
272503
272509
272515
272521
272527
272533
272539
272545
272551
272557
272563
272569
272575
272581
272587
272593
272599
272605
272611
272617
272623
272629
272635
272641
272647
272653
272659
272665
272671
272677
272683
272689
272695
272701
272707
272713
272719
272725
272731
272737
272743
272749
272755
272761
272767
272773
272779
272785
272791
272797
272803
272809
272815
272821
272827
272833
272839
272845
272851
272857
272863
272869
272875
272881
272887
272893
272899
272905
272911
272917
272923
272929
272935
272941
272947
272953
272959
272965
272971
272977
272983
272989
272995
273001
273007
273013
273019
273025
273031
273037
273043
273049
273055
273061
273067
273073
273079
273085
273091
273097
273103
273109
273115
273121
273127
273133
273139
273145
273151
273157
273163
273169
273175
273181
273187
273193
273199
273205
273211
273217
273223
273229
273235
273241
273247
273253
273259
273265
273271
273277
273283
273289
273295
273301
273307
273313
273319
273325
273331
273337
273343
273349
273355
273361
273367
273373
273379
273385
273391
273397
273403
273409
273415
273421
273427
273433
273439
273445
273451
273457
273463
273469
273475
273481
273487
273493
273499
273505
273511
273517
273523
273529
273535
273541
273547
273553
273559
273565
273571
273577
273583
273589
273595
273601
273607
273613
273619
273625
273631
273637
273643
273649
273655
273661
273667
273673
273679
273685
273691
273697
273703
273709
273715
273721
273727
273733
273739
273745
273751
273757
273763
273769
273775
273781
273787
273793
273799
273805
273811
273817
273823
273829
273835
273841
273847
273853
273859
273865
273871
273877
273883
273889
273895
273901
273907
273913
273919
273925
273931
273937
273943
273949
273955
273961
273967
273973
273979
273985
273991
273997
274003
274009
274015
274021
274027
274033
274039
274045
274051
274057
274063
274069
274075
274081
274087
274093
274099
274105
274111
274117
274123
274129
274135
274141
274147
274153
274159
274165
274171
274177
274183
274189
274195
274201
274207
274213
274219
274225
274231
274237
274243
274249
274255
274261
274267
274273
274279
274285
274291
274297
274303
274309
274315
274321
274327
274333
274339
274345
274351
274357
274363
274369
274375
274381
274387
274393
274399
274405
274411
274417
274423
274429
274435
274441
274447
274453
274459
274465
274471
274477
274483
274489
274495
274501
274507
274513
274519
274525
274531
274537
274543
274549
274555
274561
274567
274573
274579
274585
274591
274597
274603
274609
274615
274621
274627
274633
274639
274645
274651
274657
274663
274669
274675
274681
274687
274693
274699
274705
274711
274717
274723
274729
274735
274741
274747
274753
274759
274765
274771
274777
274783
274789
274795
274801
274807
274813
274819
274825
274831
274837
274843
274849
274855
274861
274867
274873
274879
274885
274891
274897
274903
274909
274915
274921
274927
274933
274939
274945
274951
274957
274963
274969
274975
274981
274987
274993
274999
275005
275011
275017
275023
275029
275035
275041
275047
275053
275059
275065
275071
275077
275083
275089
275095
275101
275107
275113
275119
275125
275131
275137
275143
275149
275155
275161
275167
275173
275179
275185
275191
275197
275203
275209
275215
275221
275227
275233
275239
275245
275251
275257
275263
275269
275275
275281
275287
275293
275299
275305
275311
275317
275323
275329
275335
275341
275347
275353
275359
275365
275371
275377
275383
275389
275395
275401
275407
275413
275419
275425
275431
275437
275443
275449
275455
275461
275467
275473
275479
275485
275491
275497
275503
275509
275515
275521
275527
275533
275539
275545
275551
275557
275563
275569
275575
275581
275587
275593
275599
275605
275611
275617
275623
275629
275635
275641
275647
275653
275659
275665
275671
275677
275683
275689
275695
275701
275707
275713
275719
275725
275731
275737
275743
275749
275755
275761
275767
275773
275779
275785
275791
275797
275803
275809
275815
275821
275827
275833
275839
275845
275851
275857
275863
275869
275875
275881
275887
275893
275899
275905
275911
275917
275923
275929
275935
275941
275947
275953
275959
275965
275971
275977
275983
275989
275995
276001
276007
276013
276019
276025
276031
276037
276043
276049
276055
276061
276067
276073
276079
276085
276091
276097
276103
276109
276115
276121
276127
276133
276139
276145
276151
276157
276163
276169
276175
276181
276187
276193
276199
276205
276211
276217
276223
276229
276235
276241
276247
276253
276259
276265
276271
276277
276283
276289
276295
276301
276307
276313
276319
276325
276331
276337
276343
276349
276355
276361
276367
276373
276379
276385
276391
276397
276403
276409
276415
276421
276427
276433
276439
276445
276451
276457
276463
276469
276475
276481
276487
276493
276499
276505
276511
276517
276523
276529
276535
276541
276547
276553
276559
276565
276571
276577
276583
276589
276595
276601
276607
276613
276619
276625
276631
276637
276643
276649
276655
276661
276667
276673
276679
276685
276691
276697
276703
276709
276715
276721
276727
276733
276739
276745
276751
276757
276763
276769
276775
276781
276787
276793
276799
276805
276811
276817
276823
276829
276835
276841
276847
276853
276859
276865
276871
276877
276883
276889
276895
276901
276907
276913
276919
276925
276931
276937
276943
276949
276955
276961
276967
276973
276979
276985
276991
276997
277003
277009
277015
277021
277027
277033
277039
277045
277051
277057
277063
277069
277075
277081
277087
277093
277099
277105
277111
277117
277123
277129
277135
277141
277147
277153
277159
277165
277171
277177
277183
277189
277195
277201
277207
277213
277219
277225
277231
277237
277243
277249
277255
277261
277267
277273
277279
277285
277291
277297
277303
277309
277315
277321
277327
277333
277339
277345
277351
277357
277363
277369
277375
277381
277387
277393
277399
277405
277411
277417
277423
277429
277435
277441
277447
277453
277459
277465
277471
277477
277483
277489
277495
277501
277507
277513
277519
277525
277531
277537
277543
277549
277555
277561
277567
277573
277579
277585
277591
277597
277603
277609
277615
277621
277627
277633
277639
277645
277651
277657
277663
277669
277675
277681
277687
277693
277699
277705
277711
277717
277723
277729
277735
277741
277747
277753
277759
277765
277771
277777
277783
277789
277795
277801
277807
277813
277819
277825
277831
277837
277843
277849
277855
277861
277867
277873
277879
277885
277891
277897
277903
277909
277915
277921
277927
277933
277939
277945
277951
277957
277963
277969
277975
277981
277987
277993
277999
278005
278011
278017
278023
278029
278035
278041
278047
278053
278059
278065
278071
278077
278083
278089
278095
278101
278107
278113
278119
278125
278131
278137
278143
278149
278155
278161
278167
278173
278179
278185
278191
278197
278203
278209
278215
278221
278227
278233
278239
278245
278251
278257
278263
278269
278275
278281
278287
278293
278299
278305
278311
278317
278323
278329
278335
278341
278347
278353
278359
278365
278371
278377
278383
278389
278395
278401
278407
278413
278419
278425
278431
278437
278443
278449
278455
278461
278467
278473
278479
278485
278491
278497
278503
278509
278515
278521
278527
278533
278539
278545
278551
278557
278563
278569
278575
278581
278587
278593
278599
278605
278611
278617
278623
278629
278635
278641
278647
278653
278659
278665
278671
278677
278683
278689
278695
278701
278707
278713
278719
278725
278731
278737
278743
278749
278755
278761
278767
278773
278779
278785
278791
278797
278803
278809
278815
278821
278827
278833
278839
278845
278851
278857
278863
278869
278875
278881
278887
278893
278899
278905
278911
278917
278923
278929
278935
278941
278947
278953
278959
278965
278971
278977
278983
278989
278995
279001
279007
279013
279019
279025
279031
279037
279043
279049
279055
279061
279067
279073
279079
279085
279091
279097
279103
279109
279115
279121
279127
279133
279139
279145
279151
279157
279163
279169
279175
279181
279187
279193
279199
279205
279211
279217
279223
279229
279235
279241
279247
279253
279259
279265
279271
279277
279283
279289
279295
279301
279307
279313
279319
279325
279331
279337
279343
279349
279355
279361
279367
279373
279379
279385
279391
279397
279403
279409
279415
279421
279427
279433
279439
279445
279451
279457
279463
279469
279475
279481
279487
279493
279499
279505
279511
279517
279523
279529
279535
279541
279547
279553
279559
279565
279571
279577
279583
279589
279595
279601
279607
279613
279619
279625
279631
279637
279643
279649
279655
279661
279667
279673
279679
279685
279691
279697
279703
279709
279715
279721
279727
279733
279739
279745
279751
279757
279763
279769
279775
279781
279787
279793
279799
279805
279811
279817
279823
279829
279835
279841
279847
279853
279859
279865
279871
279877
279883
279889
279895
279901
279907
279913
279919
279925
279931
279937
279943
279949
279955
279961
279967
279973
279979
279985
279991
279997
280003
280009
280015
280021
280027
280033
280039
280045
280051
280057
280063
280069
280075
280081
280087
280093
280099
280105
280111
280117
280123
280129
280135
280141
280147
280153
280159
280165
280171
280177
280183
280189
280195
280201
280207
280213
280219
280225
280231
280237
280243
280249
280255
280261
280267
280273
280279
280285
280291
280297
280303
280309
280315
280321
280327
280333
280339
280345
280351
280357
280363
280369
280375
280381
280387
280393
280399
280405
280411
280417
280423
280429
280435
280441
280447
280453
280459
280465
280471
280477
280483
280489
280495
280501
280507
280513
280519
280525
280531
280537
280543
280549
280555
280561
280567
280573
280579
280585
280591
280597
280603
280609
280615
280621
280627
280633
280639
280645
280651
280657
280663
280669
280675
280681
280687
280693
280699
280705
280711
280717
280723
280729
280735
280741
280747
280753
280759
280765
280771
280777
280783
280789
280795
280801
280807
280813
280819
280825
280831
280837
280843
280849
280855
280861
280867
280873
280879
280885
280891
280897
280903
280909
280915
280921
280927
280933
280939
280945
280951
280957
280963
280969
280975
280981
280987
280993
280999
281005
281011
281017
281023
281029
281035
281041
281047
281053
281059
281065
281071
281077
281083
281089
281095
281101
281107
281113
281119
281125
281131
281137
281143
281149
281155
281161
281167
281173
281179
281185
281191
281197
281203
281209
281215
281221
281227
281233
281239
281245
281251
281257
281263
281269
281275
281281
281287
281293
281299
281305
281311
281317
281323
281329
281335
281341
281347
281353
281359
281365
281371
281377
281383
281389
281395
281401
281407
281413
281419
281425
281431
281437
281443
281449
281455
281461
281467
281473
281479
281485
281491
281497
281503
281509
281515
281521
281527
281533
281539
281545
281551
281557
281563
281569
281575
281581
281587
281593
281599
281605
281611
281617
281623
281629
281635
281641
281647
281653
281659
281665
281671
281677
281683
281689
281695
281701
281707
281713
281719
281725
281731
281737
281743
281749
281755
281761
281767
281773
281779
281785
281791
281797
281803
281809
281815
281821
281827
281833
281839
281845
281851
281857
281863
281869
281875
281881
281887
281893
281899
281905
281911
281917
281923
281929
281935
281941
281947
281953
281959
281965
281971
281977
281983
281989
281995
282001
282007
282013
282019
282025
282031
282037
282043
282049
282055
282061
282067
282073
282079
282085
282091
282097
282103
282109
282115
282121
282127
282133
282139
282145
282151
282157
282163
282169
282175
282181
282187
282193
282199
282205
282211
282217
282223
282229
282235
282241
282247
282253
282259
282265
282271
282277
282283
282289
282295
282301
282307
282313
282319
282325
282331
282337
282343
282349
282355
282361
282367
282373
282379
282385
282391
282397
282403
282409
282415
282421
282427
282433
282439
282445
282451
282457
282463
282469
282475
282481
282487
282493
282499
282505
282511
282517
282523
282529
282535
282541
282547
282553
282559
282565
282571
282577
282583
282589
282595
282601
282607
282613
282619
282625
282631
282637
282643
282649
282655
282661
282667
282673
282679
282685
282691
282697
282703
282709
282715
282721
282727
282733
282739
282745
282751
282757
282763
282769
282775
282781
282787
282793
282799
282805
282811
282817
282823
282829
282835
282841
282847
282853
282859
282865
282871
282877
282883
282889
282895
282901
282907
282913
282919
282925
282931
282937
282943
282949
282955
282961
282967
282973
282979
282985
282991
282997
283003
283009
283015
283021
283027
283033
283039
283045
283051
283057
283063
283069
283075
283081
283087
283093
283099
283105
283111
283117
283123
283129
283135
283141
283147
283153
283159
283165
283171
283177
283183
283189
283195
283201
283207
283213
283219
283225
283231
283237
283243
283249
283255
283261
283267
283273
283279
283285
283291
283297
283303
283309
283315
283321
283327
283333
283339
283345
283351
283357
283363
283369
283375
283381
283387
283393
283399
283405
283411
283417
283423
283429
283435
283441
283447
283453
283459
283465
283471
283477
283483
283489
283495
283501
283507
283513
283519
283525
283531
283537
283543
283549
283555
283561
283567
283573
283579
283585
283591
283597
283603
283609
283615
283621
283627
283633
283639
283645
283651
283657
283663
283669
283675
283681
283687
283693
283699
283705
283711
283717
283723
283729
283735
283741
283747
283753
283759
283765
283771
283777
283783
283789
283795
283801
283807
283813
283819
283825
283831
283837
283843
283849
283855
283861
283867
283873
283879
283885
283891
283897
283903
283909
283915
283921
283927
283933
283939
283945
283951
283957
283963
283969
283975
283981
283987
283993
283999
284005
284011
284017
284023
284029
284035
284041
284047
284053
284059
284065
284071
284077
284083
284089
284095
284101
284107
284113
284119
284125
284131
284137
284143
284149
284155
284161
284167
284173
284179
284185
284191
284197
284203
284209
284215
284221
284227
284233
284239
284245
284251
284257
284263
284269
284275
284281
284287
284293
284299
284305
284311
284317
284323
284329
284335
284341
284347
284353
284359
284365
284371
284377
284383
284389
284395
284401
284407
284413
284419
284425
284431
284437
284443
284449
284455
284461
284467
284473
284479
284485
284491
284497
284503
284509
284515
284521
284527
284533
284539
284545
284551
284557
284563
284569
284575
284581
284587
284593
284599
284605
284611
284617
284623
284629
284635
284641
284647
284653
284659
284665
284671
284677
284683
284689
284695
284701
284707
284713
284719
284725
284731
284737
284743
284749
284755
284761
284767
284773
284779
284785
284791
284797
284803
284809
284815
284821
284827
284833
284839
284845
284851
284857
284863
284869
284875
284881
284887
284893
284899
284905
284911
284917
284923
284929
284935
284941
284947
284953
284959
284965
284971
284977
284983
284989
284995
285001
285007
285013
285019
285025
285031
285037
285043
285049
285055
285061
285067
285073
285079
285085
285091
285097
285103
285109
285115
285121
285127
285133
285139
285145
285151
285157
285163
285169
285175
285181
285187
285193
285199
285205
285211
285217
285223
285229
285235
285241
285247
285253
285259
285265
285271
285277
285283
285289
285295
285301
285307
285313
285319
285325
285331
285337
285343
285349
285355
285361
285367
285373
285379
285385
285391
285397
285403
285409
285415
285421
285427
285433
285439
285445
285451
285457
285463
285469
285475
285481
285487
285493
285499
285505
285511
285517
285523
285529
285535
285541
285547
285553
285559
285565
285571
285577
285583
285589
285595
285601
285607
285613
285619
285625
285631
285637
285643
285649
285655
285661
285667
285673
285679
285685
285691
285697
285703
285709
285715
285721
285727
285733
285739
285745
285751
285757
285763
285769
285775
285781
285787
285793
285799
285805
285811
285817
285823
285829
285835
285841
285847
285853
285859
285865
285871
285877
285883
285889
285895
285901
285907
285913
285919
285925
285931
285937
285943
285949
285955
285961
285967
285973
285979
285985
285991
285997
286003
286009
286015
286021
286027
286033
286039
286045
286051
286057
286063
286069
286075
286081
286087
286093
286099
286105
286111
286117
286123
286129
286135
286141
286147
286153
286159
286165
286171
286177
286183
286189
286195
286201
286207
286213
286219
286225
286231
286237
286243
286249
286255
286261
286267
286273
286279
286285
286291
286297
286303
286309
286315
286321
286327
286333
286339
286345
286351
286357
286363
286369
286375
286381
286387
286393
286399
286405
286411
286417
286423
286429
286435
286441
286447
286453
286459
286465
286471
286477
286483
286489
286495
286501
286507
286513
286519
286525
286531
286537
286543
286549
286555
286561
286567
286573
286579
286585
286591
286597
286603
286609
286615
286621
286627
286633
286639
286645
286651
286657
286663
286669
286675
286681
286687
286693
286699
286705
286711
286717
286723
286729
286735
286741
286747
286753
286759
286765
286771
286777
286783
286789
286795
286801
286807
286813
286819
286825
286831
286837
286843
286849
286855
286861
286867
286873
286879
286885
286891
286897
286903
286909
286915
286921
286927
286933
286939
286945
286951
286957
286963
286969
286975
286981
286987
286993
286999
287005
287011
287017
287023
287029
287035
287041
287047
287053
287059
287065
287071
287077
287083
287089
287095
287101
287107
287113
287119
287125
287131
287137
287143
287149
287155
287161
287167
287173
287179
287185
287191
287197
287203
287209
287215
287221
287227
287233
287239
287245
287251
287257
287263
287269
287275
287281
287287
287293
287299
287305
287311
287317
287323
287329
287335
287341
287347
287353
287359
287365
287371
287377
287383
287389
287395
287401
287407
287413
287419
287425
287431
287437
287443
287449
287455
287461
287467
287473
287479
287485
287491
287497
287503
287509
287515
287521
287527
287533
287539
287545
287551
287557
287563
287569
287575
287581
287587
287593
287599
287605
287611
287617
287623
287629
287635
287641
287647
287653
287659
287665
287671
287677
287683
287689
287695
287701
287707
287713
287719
287725
287731
287737
287743
287749
287755
287761
287767
287773
287779
287785
287791
287797
287803
287809
287815
287821
287827
287833
287839
287845
287851
287857
287863
287869
287875
287881
287887
287893
287899
287905
287911
287917
287923
287929
287935
287941
287947
287953
287959
287965
287971
287977
287983
287989
287995
288001
288007
288013
288019
288025
288031
288037
288043
288049
288055
288061
288067
288073
288079
288085
288091
288097
288103
288109
288115
288121
288127
288133
288139
288145
288151
288157
288163
288169
288175
288181
288187
288193
288199
288205
288211
288217
288223
288229
288235
288241
288247
288253
288259
288265
288271
288277
288283
288289
288295
288301
288307
288313
288319
288325
288331
288337
288343
288349
288355
288361
288367
288373
288379
288385
288391
288397
288403
288409
288415
288421
288427
288433
288439
288445
288451
288457
288463
288469
288475
288481
288487
288493
288499
288505
288511
288517
288523
288529
288535
288541
288547
288553
288559
288565
288571
288577
288583
288589
288595
288601
288607
288613
288619
288625
288631
288637
288643
288649
288655
288661
288667
288673
288679
288685
288691
288697
288703
288709
288715
288721
288727
288733
288739
288745
288751
288757
288763
288769
288775
288781
288787
288793
288799
288805
288811
288817
288823
288829
288835
288841
288847
288853
288859
288865
288871
288877
288883
288889
288895
288901
288907
288913
288919
288925
288931
288937
288943
288949
288955
288961
288967
288973
288979
288985
288991
288997
289003
289009
289015
289021
289027
289033
289039
289045
289051
289057
289063
289069
289075
289081
289087
289093
289099
289105
289111
289117
289123
289129
289135
289141
289147
289153
289159
289165
289171
289177
289183
289189
289195
289201
289207
289213
289219
289225
289231
289237
289243
289249
289255
289261
289267
289273
289279
289285
289291
289297
289303
289309
289315
289321
289327
289333
289339
289345
289351
289357
289363
289369
289375
289381
289387
289393
289399
289405
289411
289417
289423
289429
289435
289441
289447
289453
289459
289465
289471
289477
289483
289489
289495
289501
289507
289513
289519
289525
289531
289537
289543
289549
289555
289561
289567
289573
289579
289585
289591
289597
289603
289609
289615
289621
289627
289633
289639
289645
289651
289657
289663
289669
289675
289681
289687
289693
289699
289705
289711
289717
289723
289729
289735
289741
289747
289753
289759
289765
289771
289777
289783
289789
289795
289801
289807
289813
289819
289825
289831
289837
289843
289849
289855
289861
289867
289873
289879
289885
289891
289897
289903
289909
289915
289921
289927
289933
289939
289945
289951
289957
289963
289969
289975
289981
289987
289993
289999
290005
290011
290017
290023
290029
290035
290041
290047
290053
290059
290065
290071
290077
290083
290089
290095
290101
290107
290113
290119
290125
290131
290137
290143
290149
290155
290161
290167
290173
290179
290185
290191
290197
290203
290209
290215
290221
290227
290233
290239
290245
290251
290257
290263
290269
290275
290281
290287
290293
290299
290305
290311
290317
290323
290329
290335
290341
290347
290353
290359
290365
290371
290377
290383
290389
290395
290401
290407
290413
290419
290425
290431
290437
290443
290449
290455
290461
290467
290473
290479
290485
290491
290497
290503
290509
290515
290521
290527
290533
290539
290545
290551
290557
290563
290569
290575
290581
290587
290593
290599
290605
290611
290617
290623
290629
290635
290641
290647
290653
290659
290665
290671
290677
290683
290689
290695
290701
290707
290713
290719
290725
290731
290737
290743
290749
290755
290761
290767
290773
290779
290785
290791
290797
290803
290809
290815
290821
290827
290833
290839
290845
290851
290857
290863
290869
290875
290881
290887
290893
290899
290905
290911
290917
290923
290929
290935
290941
290947
290953
290959
290965
290971
290977
290983
290989
290995
291001
291007
291013
291019
291025
291031
291037
291043
291049
291055
291061
291067
291073
291079
291085
291091
291097
291103
291109
291115
291121
291127
291133
291139
291145
291151
291157
291163
291169
291175
291181
291187
291193
291199
291205
291211
291217
291223
291229
291235
291241
291247
291253
291259
291265
291271
291277
291283
291289
291295
291301
291307
291313
291319
291325
291331
291337
291343
291349
291355
291361
291367
291373
291379
291385
291391
291397
291403
291409
291415
291421
291427
291433
291439
291445
291451
291457
291463
291469
291475
291481
291487
291493
291499
291505
291511
291517
291523
291529
291535
291541
291547
291553
291559
291565
291571
291577
291583
291589
291595
291601
291607
291613
291619
291625
291631
291637
291643
291649
291655
291661
291667
291673
291679
291685
291691
291697
291703
291709
291715
291721
291727
291733
291739
291745
291751
291757
291763
291769
291775
291781
291787
291793
291799
291805
291811
291817
291823
291829
291835
291841
291847
291853
291859
291865
291871
291877
291883
291889
291895
291901
291907
291913
291919
291925
291931
291937
291943
291949
291955
291961
291967
291973
291979
291985
291991
291997
292003
292009
292015
292021
292027
292033
292039
292045
292051
292057
292063
292069
292075
292081
292087
292093
292099
292105
292111
292117
292123
292129
292135
292141
292147
292153
292159
292165
292171
292177
292183
292189
292195
292201
292207
292213
292219
292225
292231
292237
292243
292249
292255
292261
292267
292273
292279
292285
292291
292297
292303
292309
292315
292321
292327
292333
292339
292345
292351
292357
292363
292369
292375
292381
292387
292393
292399
292405
292411
292417
292423
292429
292435
292441
292447
292453
292459
292465
292471
292477
292483
292489
292495
292501
292507
292513
292519
292525
292531
292537
292543
292549
292555
292561
292567
292573
292579
292585
292591
292597
292603
292609
292615
292621
292627
292633
292639
292645
292651
292657
292663
292669
292675
292681
292687
292693
292699
292705
292711
292717
292723
292729
292735
292741
292747
292753
292759
292765
292771
292777
292783
292789
292795
292801
292807
292813
292819
292825
292831
292837
292843
292849
292855
292861
292867
292873
292879
292885
292891
292897
292903
292909
292915
292921
292927
292933
292939
292945
292951
292957
292963
292969
292975
292981
292987
292993
292999
293005
293011
293017
293023
293029
293035
293041
293047
293053
293059
293065
293071
293077
293083
293089
293095
293101
293107
293113
293119
293125
293131
293137
293143
293149
293155
293161
293167
293173
293179
293185
293191
293197
293203
293209
293215
293221
293227
293233
293239
293245
293251
293257
293263
293269
293275
293281
293287
293293
293299
293305
293311
293317
293323
293329
293335
293341
293347
293353
293359
293365
293371
293377
293383
293389
293395
293401
293407
293413
293419
293425
293431
293437
293443
293449
293455
293461
293467
293473
293479
293485
293491
293497
293503
293509
293515
293521
293527
293533
293539
293545
293551
293557
293563
293569
293575
293581
293587
293593
293599
293605
293611
293617
293623
293629
293635
293641
293647
293653
293659
293665
293671
293677
293683
293689
293695
293701
293707
293713
293719
293725
293731
293737
293743
293749
293755
293761
293767
293773
293779
293785
293791
293797
293803
293809
293815
293821
293827
293833
293839
293845
293851
293857
293863
293869
293875
293881
293887
293893
293899
293905
293911
293917
293923
293929
293935
293941
293947
293953
293959
293965
293971
293977
293983
293989
293995
294001
294007
294013
294019
294025
294031
294037
294043
294049
294055
294061
294067
294073
294079
294085
294091
294097
294103
294109
294115
294121
294127
294133
294139
294145
294151
294157
294163
294169
294175
294181
294187
294193
294199
294205
294211
294217
294223
294229
294235
294241
294247
294253
294259
294265
294271
294277
294283
294289
294295
294301
294307
294313
294319
294325
294331
294337
294343
294349
294355
294361
294367
294373
294379
294385
294391
294397
294403
294409
294415
294421
294427
294433
294439
294445
294451
294457
294463
294469
294475
294481
294487
294493
294499
294505
294511
294517
294523
294529
294535
294541
294547
294553
294559
294565
294571
294577
294583
294589
294595
294601
294607
294613
294619
294625
294631
294637
294643
294649
294655
294661
294667
294673
294679
294685
294691
294697
294703
294709
294715
294721
294727
294733
294739
294745
294751
294757
294763
294769
294775
294781
294787
294793
294799
294805
294811
294817
294823
294829
294835
294841
294847
294853
294859
294865
294871
294877
294883
294889
294895
294901
294907
294913
294919
294925
294931
294937
294943
294949
294955
294961
294967
294973
294979
294985
294991
294997
295003
295009
295015
295021
295027
295033
295039
295045
295051
295057
295063
295069
295075
295081
295087
295093
295099
295105
295111
295117
295123
295129
295135
295141
295147
295153
295159
295165
295171
295177
295183
295189
295195
295201
295207
295213
295219
295225
295231
295237
295243
295249
295255
295261
295267
295273
295279
295285
295291
295297
295303
295309
295315
295321
295327
295333
295339
295345
295351
295357
295363
295369
295375
295381
295387
295393
295399
295405
295411
295417
295423
295429
295435
295441
295447
295453
295459
295465
295471
295477
295483
295489
295495
295501
295507
295513
295519
295525
295531
295537
295543
295549
295555
295561
295567
295573
295579
295585
295591
295597
295603
295609
295615
295621
295627
295633
295639
295645
295651
295657
295663
295669
295675
295681
295687
295693
295699
295705
295711
295717
295723
295729
295735
295741
295747
295753
295759
295765
295771
295777
295783
295789
295795
295801
295807
295813
295819
295825
295831
295837
295843
295849
295855
295861
295867
295873
295879
295885
295891
295897
295903
295909
295915
295921
295927
295933
295939
295945
295951
295957
295963
295969
295975
295981
295987
295993
295999
296005
296011
296017
296023
296029
296035
296041
296047
296053
296059
296065
296071
296077
296083
296089
296095
296101
296107
296113
296119
296125
296131
296137
296143
296149
296155
296161
296167
296173
296179
296185
296191
296197
296203
296209
296215
296221
296227
296233
296239
296245
296251
296257
296263
296269
296275
296281
296287
296293
296299
296305
296311
296317
296323
296329
296335
296341
296347
296353
296359
296365
296371
296377
296383
296389
296395
296401
296407
296413
296419
296425
296431
296437
296443
296449
296455
296461
296467
296473
296479
296485
296491
296497
296503
296509
296515
296521
296527
296533
296539
296545
296551
296557
296563
296569
296575
296581
296587
296593
296599
296605
296611
296617
296623
296629
296635
296641
296647
296653
296659
296665
296671
296677
296683
296689
296695
296701
296707
296713
296719
296725
296731
296737
296743
296749
296755
296761
296767
296773
296779
296785
296791
296797
296803
296809
296815
296821
296827
296833
296839
296845
296851
296857
296863
296869
296875
296881
296887
296893
296899
296905
296911
296917
296923
296929
296935
296941
296947
296953
296959
296965
296971
296977
296983
296989
296995
297001
297007
297013
297019
297025
297031
297037
297043
297049
297055
297061
297067
297073
297079
297085
297091
297097
297103
297109
297115
297121
297127
297133
297139
297145
297151
297157
297163
297169
297175
297181
297187
297193
297199
297205
297211
297217
297223
297229
297235
297241
297247
297253
297259
297265
297271
297277
297283
297289
297295
297301
297307
297313
297319
297325
297331
297337
297343
297349
297355
297361
297367
297373
297379
297385
297391
297397
297403
297409
297415
297421
297427
297433
297439
297445
297451
297457
297463
297469
297475
297481
297487
297493
297499
297505
297511
297517
297523
297529
297535
297541
297547
297553
297559
297565
297571
297577
297583
297589
297595
297601
297607
297613
297619
297625
297631
297637
297643
297649
297655
297661
297667
297673
297679
297685
297691
297697
297703
297709
297715
297721
297727
297733
297739
297745
297751
297757
297763
297769
297775
297781
297787
297793
297799
297805
297811
297817
297823
297829
297835
297841
297847
297853
297859
297865
297871
297877
297883
297889
297895
297901
297907
297913
297919
297925
297931
297937
297943
297949
297955
297961
297967
297973
297979
297985
297991
297997
298003
298009
298015
298021
298027
298033
298039
298045
298051
298057
298063
298069
298075
298081
298087
298093
298099
298105
298111
298117
298123
298129
298135
298141
298147
298153
298159
298165
298171
298177
298183
298189
298195
298201
298207
298213
298219
298225
298231
298237
298243
298249
298255
298261
298267
298273
298279
298285
298291
298297
298303
298309
298315
298321
298327
298333
298339
298345
298351
298357
298363
298369
298375
298381
298387
298393
298399
298405
298411
298417
298423
298429
298435
298441
298447
298453
298459
298465
298471
298477
298483
298489
298495
298501
298507
298513
298519
298525
298531
298537
298543
298549
298555
298561
298567
298573
298579
298585
298591
298597
298603
298609
298615
298621
298627
298633
298639
298645
298651
298657
298663
298669
298675
298681
298687
298693
298699
298705
298711
298717
298723
298729
298735
298741
298747
298753
298759
298765
298771
298777
298783
298789
298795
298801
298807
298813
298819
298825
298831
298837
298843
298849
298855
298861
298867
298873
298879
298885
298891
298897
298903
298909
298915
298921
298927
298933
298939
298945
298951
298957
298963
298969
298975
298981
298987
298993
298999
299005
299011
299017
299023
299029
299035
299041
299047
299053
299059
299065
299071
299077
299083
299089
299095
299101
299107
299113
299119
299125
299131
299137
299143
299149
299155
299161
299167
299173
299179
299185
299191
299197
299203
299209
299215
299221
299227
299233
299239
299245
299251
299257
299263
299269
299275
299281
299287
299293
299299
299305
299311
299317
299323
299329
299335
299341
299347
299353
299359
299365
299371
299377
299383
299389
299395
299401
299407
299413
299419
299425
299431
299437
299443
299449
299455
299461
299467
299473
299479
299485
299491
299497
299503
299509
299515
299521
299527
299533
299539
299545
299551
299557
299563
299569
299575
299581
299587
299593
299599
299605
299611
299617
299623
299629
299635
299641
299647
299653
299659
299665
299671
299677
299683
299689
299695
299701
299707
299713
299719
299725
299731
299737
299743
299749
299755
299761
299767
299773
299779
299785
299791
299797
299803
299809
299815
299821
299827
299833
299839
299845
299851
299857
299863
299869
299875
299881
299887
299893
299899
299905
299911
299917
299923
299929
299935
299941
299947
299953
299959
299965
299971
299977
299983
299989
299995
